feature_1,feature_2,correlation,group
Ratio_Tissue_vol_enhancing_more_than_0percent_from_T1_to_Breast_Vol,Ratio_Tissue_vol_enhancing_more_than_10percent_from_T1_to_Breast_Vol,0.9868501868560293,FGT Enhancement
Ratio_Tissue_vol_enhancing_more_than_0percent_from_T1_to_Breast_Vol,Ratio_Tissue_vol_enhancing_more_than_20percent_from_T1_to_Breast_Vol,0.9480389028522631,FGT Enhancement
Ratio_Tissue_vol_enhancing_more_than_10percent_from_T1_to_Breast_Vol,Ratio_Tissue_vol_enhancing_more_than_20percent_from_T1_to_Breast_Vol,0.9860920042653436,FGT Enhancement
Ratio_Tissue_vol_enhancing_more_than_10percent_from_T1_to_Breast_Vol,Ratio_Tissue_vol_enhancing_more_than_30percent_from_T1_to_Breast_Vol,0.9544528263673767,FGT Enhancement
Ratio_Tissue_vol_enhancing_more_than_10percent_from_T1_to_Breast_Vol,Ratio_Tissue_vol_enhancing_more_than_40percent_from_T1_to_Breast_Vol,0.9168273377275274,FGT Enhancement
Ratio_Tissue_vol_enhancing_more_than_20percent_from_T1_to_Breast_Vol,Ratio_Tissue_vol_enhancing_more_than_30percent_from_T1_to_Breast_Vol,0.990344525948026,FGT Enhancement
Ratio_Tissue_vol_enhancing_more_than_20percent_from_T1_to_Breast_Vol,Ratio_Tissue_vol_enhancing_more_than_40percent_from_T1_to_Breast_Vol,0.9686031091315253,FGT Enhancement
Ratio_Tissue_vol_enhancing_more_than_20percent_from_T1_to_Breast_Vol,Ratio_Tissue_vol_enhancing_more_than_50percent_from_T1_to_Breast_Vol,0.9421588156919182,FGT Enhancement
Ratio_Tissue_vol_enhancing_more_than_20percent_from_T1_to_Breast_Vol,Ratio_Tissue_vol_enhancing_more_than_60percent_from_T1_to_Breast_Vol,0.9157717577396444,FGT Enhancement
Ratio_Tissue_vol_enhancing_more_than_30percent_from_T1_to_Breast_Vol,Ratio_Tissue_vol_enhancing_more_than_40percent_from_T1_to_Breast_Vol,0.9934982485726124,FGT Enhancement
Ratio_Tissue_vol_enhancing_more_than_30percent_from_T1_to_Breast_Vol,Ratio_Tissue_vol_enhancing_more_than_50percent_from_T1_to_Breast_Vol,0.9784954887913891,FGT Enhancement
Ratio_Tissue_vol_enhancing_more_than_30percent_from_T1_to_Breast_Vol,Ratio_Tissue_vol_enhancing_more_than_60percent_from_T1_to_Breast_Vol,0.960230718199916,FGT Enhancement
Ratio_Tissue_vol_enhancing_more_than_30percent_from_T1_to_Breast_Vol,Ratio_Tissue_vol_enhancing_more_than_70percent_from_T1_to_Breast_Vol,0.9401225057584822,FGT Enhancement
Ratio_Tissue_vol_enhancing_more_than_30percent_from_T1_to_Breast_Vol,Ratio_Tissue_vol_enhancing_more_than_80percent_from_T1_to_Breast_Vol,0.9194107228828304,FGT Enhancement
Ratio_Tissue_vol_enhancing_more_than_40percent_from_T1_to_Breast_Vol,Ratio_Tissue_vol_enhancing_more_than_50percent_from_T1_to_Breast_Vol,0.9954815662189552,FGT Enhancement
Ratio_Tissue_vol_enhancing_more_than_40percent_from_T1_to_Breast_Vol,Ratio_Tissue_vol_enhancing_more_than_60percent_from_T1_to_Breast_Vol,0.9851549313124539,FGT Enhancement
Ratio_Tissue_vol_enhancing_more_than_40percent_from_T1_to_Breast_Vol,Ratio_Tissue_vol_enhancing_more_than_70percent_from_T1_to_Breast_Vol,0.9713254114207703,FGT Enhancement
Ratio_Tissue_vol_enhancing_more_than_40percent_from_T1_to_Breast_Vol,Ratio_Tissue_vol_enhancing_more_than_80percent_from_T1_to_Breast_Vol,0.9555648222384467,FGT Enhancement
Ratio_Tissue_vol_enhancing_more_than_40percent_from_T1_to_Breast_Vol,Ratio_Tissue_vol_enhancing_more_than_90percent_from_T1_to_Breast_Vol,0.9392884207203276,FGT Enhancement
Ratio_Tissue_vol_enhancing_more_than_40percent_from_T1_to_Breast_Vol,Ratio_Tissue_vol_enhancing_more_than_100percent_from_T1_to_Breast_Vol,0.9226231204814314,FGT Enhancement
Ratio_Tissue_vol_enhancing_more_than_50percent_from_T1_to_Breast_Vol,Ratio_Tissue_vol_enhancing_more_than_60percent_from_T1_to_Breast_Vol,0.9969013797114701,FGT Enhancement
Ratio_Tissue_vol_enhancing_more_than_50percent_from_T1_to_Breast_Vol,Ratio_Tissue_vol_enhancing_more_than_70percent_from_T1_to_Breast_Vol,0.9890950177576596,FGT Enhancement
Ratio_Tissue_vol_enhancing_more_than_50percent_from_T1_to_Breast_Vol,Ratio_Tissue_vol_enhancing_more_than_80percent_from_T1_to_Breast_Vol,0.9782940771225541,FGT Enhancement
Ratio_Tissue_vol_enhancing_more_than_50percent_from_T1_to_Breast_Vol,Ratio_Tissue_vol_enhancing_more_than_90percent_from_T1_to_Breast_Vol,0.9659449490236226,FGT Enhancement
Ratio_Tissue_vol_enhancing_more_than_50percent_from_T1_to_Breast_Vol,Ratio_Tissue_vol_enhancing_more_than_100percent_from_T1_to_Breast_Vol,0.9526939526653662,FGT Enhancement
Ratio_Tissue_vol_enhancing_more_than_60percent_from_T1_to_Breast_Vol,Ratio_Tissue_vol_enhancing_more_than_70percent_from_T1_to_Breast_Vol,0.9975738056405344,FGT Enhancement
Ratio_Tissue_vol_enhancing_more_than_60percent_from_T1_to_Breast_Vol,Ratio_Tissue_vol_enhancing_more_than_80percent_from_T1_to_Breast_Vol,0.9913635772682304,FGT Enhancement
Ratio_Tissue_vol_enhancing_more_than_60percent_from_T1_to_Breast_Vol,Ratio_Tissue_vol_enhancing_more_than_90percent_from_T1_to_Breast_Vol,0.9828156692291858,FGT Enhancement
Ratio_Tissue_vol_enhancing_more_than_60percent_from_T1_to_Breast_Vol,Ratio_Tissue_vol_enhancing_more_than_100percent_from_T1_to_Breast_Vol,0.9726668057751571,FGT Enhancement
Ratio_Tissue_vol_enhancing_more_than_70percent_from_T1_to_Breast_Vol,Ratio_Tissue_vol_enhancing_more_than_80percent_from_T1_to_Breast_Vol,0.9980619410240527,FGT Enhancement
Ratio_Tissue_vol_enhancing_more_than_70percent_from_T1_to_Breast_Vol,Ratio_Tissue_vol_enhancing_more_than_90percent_from_T1_to_Breast_Vol,0.9931497474089895,FGT Enhancement
Ratio_Tissue_vol_enhancing_more_than_70percent_from_T1_to_Breast_Vol,Ratio_Tissue_vol_enhancing_more_than_100percent_from_T1_to_Breast_Vol,0.9860811209709651,FGT Enhancement
Ratio_Tissue_vol_enhancing_more_than_80percent_from_T1_to_Breast_Vol,Ratio_Tissue_vol_enhancing_more_than_90percent_from_T1_to_Breast_Vol,0.998473549520705,FGT Enhancement
Ratio_Tissue_vol_enhancing_more_than_80percent_from_T1_to_Breast_Vol,Ratio_Tissue_vol_enhancing_more_than_100percent_from_T1_to_Breast_Vol,0.9943129563806503,FGT Enhancement
Ratio_Tissue_vol_enhancing_more_than_90percent_from_T1_to_Breast_Vol,Ratio_Tissue_vol_enhancing_more_than_100percent_from_T1_to_Breast_Vol,0.9984120702506374,FGT Enhancement
Ratio_Tissue_vol_enhancing_more_than_0percent_from_T1_to_Tissue_Vol,Ratio_Tissue_vol_enhancing_more_than_10percent_from_T1_to_Tissue_Vol,0.9115387704943886,FGT Enhancement
Ratio_Tissue_vol_enhancing_more_than_10percent_from_T1_to_Tissue_Vol,Ratio_Tissue_vol_enhancing_more_than_20percent_from_T1_to_Tissue_Vol,0.9430673760688174,FGT Enhancement
Ratio_Tissue_vol_enhancing_more_than_20percent_from_T1_to_Tissue_Vol,Ratio_Tissue_vol_enhancing_more_than_30percent_from_T1_to_Tissue_Vol,0.9750969219136226,FGT Enhancement
Ratio_Tissue_vol_enhancing_more_than_20percent_from_T1_to_Tissue_Vol,Ratio_Tissue_vol_enhancing_more_than_40percent_from_T1_to_Tissue_Vol,0.9286201244327369,FGT Enhancement
Ratio_Tissue_vol_enhancing_more_than_30percent_from_T1_to_Tissue_Vol,Ratio_Tissue_vol_enhancing_more_than_40percent_from_T1_to_Tissue_Vol,0.9873045463768108,FGT Enhancement
Ratio_Tissue_vol_enhancing_more_than_30percent_from_T1_to_Tissue_Vol,Ratio_Tissue_vol_enhancing_more_than_50percent_from_T1_to_Tissue_Vol,0.9609686921290578,FGT Enhancement
Ratio_Tissue_vol_enhancing_more_than_30percent_from_T1_to_Tissue_Vol,Ratio_Tissue_vol_enhancing_more_than_60percent_from_T1_to_Tissue_Vol,0.9315824579046089,FGT Enhancement
Ratio_Tissue_vol_enhancing_more_than_30percent_from_T1_to_Tissue_Vol,Ratio_Tissue_vol_enhancing_more_than_70percent_from_T1_to_Tissue_Vol,0.900993365676752,FGT Enhancement
Ratio_Tissue_vol_enhancing_more_than_40percent_from_T1_to_Tissue_Vol,Ratio_Tissue_vol_enhancing_more_than_50percent_from_T1_to_Tissue_Vol,0.9925132724344607,FGT Enhancement
Ratio_Tissue_vol_enhancing_more_than_40percent_from_T1_to_Tissue_Vol,Ratio_Tissue_vol_enhancing_more_than_60percent_from_T1_to_Tissue_Vol,0.976700676268316,FGT Enhancement
Ratio_Tissue_vol_enhancing_more_than_40percent_from_T1_to_Tissue_Vol,Ratio_Tissue_vol_enhancing_more_than_70percent_from_T1_to_Tissue_Vol,0.9566791897679472,FGT Enhancement
Ratio_Tissue_vol_enhancing_more_than_40percent_from_T1_to_Tissue_Vol,Ratio_Tissue_vol_enhancing_more_than_80percent_from_T1_to_Tissue_Vol,0.9348016316423823,FGT Enhancement
Ratio_Tissue_vol_enhancing_more_than_40percent_from_T1_to_Tissue_Vol,Ratio_Tissue_vol_enhancing_more_than_90percent_from_T1_to_Tissue_Vol,0.9128038933507372,FGT Enhancement
Ratio_Tissue_vol_enhancing_more_than_50percent_from_T1_to_Tissue_Vol,Ratio_Tissue_vol_enhancing_more_than_60percent_from_T1_to_Tissue_Vol,0.9954887367648095,FGT Enhancement
Ratio_Tissue_vol_enhancing_more_than_50percent_from_T1_to_Tissue_Vol,Ratio_Tissue_vol_enhancing_more_than_70percent_from_T1_to_Tissue_Vol,0.984652582679148,FGT Enhancement
Ratio_Tissue_vol_enhancing_more_than_50percent_from_T1_to_Tissue_Vol,Ratio_Tissue_vol_enhancing_more_than_80percent_from_T1_to_Tissue_Vol,0.9702606297524665,FGT Enhancement
Ratio_Tissue_vol_enhancing_more_than_50percent_from_T1_to_Tissue_Vol,Ratio_Tissue_vol_enhancing_more_than_90percent_from_T1_to_Tissue_Vol,0.95423913209001,FGT Enhancement
Ratio_Tissue_vol_enhancing_more_than_50percent_from_T1_to_Tissue_Vol,Ratio_Tissue_vol_enhancing_more_than_100percent_from_T1_to_Tissue_Vol,0.9372177128420794,FGT Enhancement
Ratio_Tissue_vol_enhancing_more_than_60percent_from_T1_to_Tissue_Vol,Ratio_Tissue_vol_enhancing_more_than_70percent_from_T1_to_Tissue_Vol,0.996725177592927,FGT Enhancement
Ratio_Tissue_vol_enhancing_more_than_60percent_from_T1_to_Tissue_Vol,Ratio_Tissue_vol_enhancing_more_than_80percent_from_T1_to_Tissue_Vol,0.9886411161464446,FGT Enhancement
Ratio_Tissue_vol_enhancing_more_than_60percent_from_T1_to_Tissue_Vol,Ratio_Tissue_vol_enhancing_more_than_90percent_from_T1_to_Tissue_Vol,0.977815466220084,FGT Enhancement
Ratio_Tissue_vol_enhancing_more_than_60percent_from_T1_to_Tissue_Vol,Ratio_Tissue_vol_enhancing_more_than_100percent_from_T1_to_Tissue_Vol,0.9650703638599956,FGT Enhancement
Ratio_Tissue_vol_enhancing_more_than_60percent_from_T1_to_Tissue_Vol,PE_map_mean_tissue_T1,0.903476155323085,FGT Enhancement
Ratio_Tissue_vol_enhancing_more_than_70percent_from_T1_to_Tissue_Vol,Ratio_Tissue_vol_enhancing_more_than_80percent_from_T1_to_Tissue_Vol,0.9975286490802779,FGT Enhancement
Ratio_Tissue_vol_enhancing_more_than_70percent_from_T1_to_Tissue_Vol,Ratio_Tissue_vol_enhancing_more_than_90percent_from_T1_to_Tissue_Vol,0.9914239598622083,FGT Enhancement
Ratio_Tissue_vol_enhancing_more_than_70percent_from_T1_to_Tissue_Vol,Ratio_Tissue_vol_enhancing_more_than_100percent_from_T1_to_Tissue_Vol,0.9827178497231318,FGT Enhancement
Ratio_Tissue_vol_enhancing_more_than_70percent_from_T1_to_Tissue_Vol,PE_map_mean_tissue_T1,0.9205028760495995,FGT Enhancement
Ratio_Tissue_vol_enhancing_more_than_80percent_from_T1_to_Tissue_Vol,Ratio_Tissue_vol_enhancing_more_than_90percent_from_T1_to_Tissue_Vol,0.9981328413364235,FGT Enhancement
Ratio_Tissue_vol_enhancing_more_than_80percent_from_T1_to_Tissue_Vol,Ratio_Tissue_vol_enhancing_more_than_100percent_from_T1_to_Tissue_Vol,0.9931628431316987,FGT Enhancement
Ratio_Tissue_vol_enhancing_more_than_80percent_from_T1_to_Tissue_Vol,PE_map_mean_tissue_T1,0.932531938944248,FGT Enhancement
Ratio_Tissue_vol_enhancing_more_than_90percent_from_T1_to_Tissue_Vol,Ratio_Tissue_vol_enhancing_more_than_100percent_from_T1_to_Tissue_Vol,0.9983165472874646,FGT Enhancement
Ratio_Tissue_vol_enhancing_more_than_90percent_from_T1_to_Tissue_Vol,PE_map_mean_tissue_T1,0.9407831503818143,FGT Enhancement
Ratio_Tissue_vol_enhancing_more_than_100percent_from_T1_to_Tissue_Vol,Grouping_based_mean_of_washin_slope_3D_tissue_T1_Group_2,0.9010965452371934,FGT Enhancement
Ratio_Tissue_vol_enhancing_more_than_100percent_from_T1_to_Tissue_Vol,PE_map_mean_tissue_T1,0.947344157081522,FGT Enhancement
Ratio_Tissue_vol_enhancing_more_than_0percent_from_PostCon_to_Breast_Vol,Ratio_Tissue_vol_enhancing_more_than_10percent_from_PostCon_to_Breast_Vol,0.9533416098941611,FGT Enhancement
Ratio_Tissue_vol_enhancing_more_than_10percent_from_PostCon_to_Breast_Vol,Ratio_Tissue_vol_enhancing_more_than_20percent_from_PostCon_to_Breast_Vol,0.9534534546954172,FGT Enhancement
Ratio_Tissue_vol_enhancing_more_than_20percent_from_PostCon_to_Breast_Vol,Ratio_Tissue_vol_enhancing_more_than_30percent_from_PostCon_to_Breast_Vol,0.9607849376356316,FGT Enhancement
Ratio_Tissue_vol_enhancing_more_than_30percent_from_PostCon_to_Breast_Vol,Ratio_Tissue_vol_enhancing_more_than_40percent_from_PostCon_to_Breast_Vol,0.9744805078621106,FGT Enhancement
Ratio_Tissue_vol_enhancing_more_than_30percent_from_PostCon_to_Breast_Vol,Ratio_Tissue_vol_enhancing_more_than_50percent_from_PostCon_to_Breast_Vol,0.9216343956217018,FGT Enhancement
Ratio_Tissue_vol_enhancing_more_than_40percent_from_PostCon_to_Breast_Vol,Ratio_Tissue_vol_enhancing_more_than_50percent_from_PostCon_to_Breast_Vol,0.9845910248560211,FGT Enhancement
Ratio_Tissue_vol_enhancing_more_than_40percent_from_PostCon_to_Breast_Vol,Ratio_Tissue_vol_enhancing_more_than_60percent_from_PostCon_to_Breast_Vol,0.9538599982182543,FGT Enhancement
Ratio_Tissue_vol_enhancing_more_than_40percent_from_PostCon_to_Breast_Vol,Ratio_Tissue_vol_enhancing_more_than_70percent_from_PostCon_to_Breast_Vol,0.9176968180741596,FGT Enhancement
Ratio_Tissue_vol_enhancing_more_than_50percent_from_PostCon_to_Breast_Vol,Ratio_Tissue_vol_enhancing_more_than_60percent_from_PostCon_to_Breast_Vol,0.9913607569510408,FGT Enhancement
Ratio_Tissue_vol_enhancing_more_than_50percent_from_PostCon_to_Breast_Vol,Ratio_Tissue_vol_enhancing_more_than_70percent_from_PostCon_to_Breast_Vol,0.9716728267400371,FGT Enhancement
Ratio_Tissue_vol_enhancing_more_than_50percent_from_PostCon_to_Breast_Vol,Ratio_Tissue_vol_enhancing_more_than_80percent_from_PostCon_to_Breast_Vol,0.9470714126982519,FGT Enhancement
Ratio_Tissue_vol_enhancing_more_than_50percent_from_PostCon_to_Breast_Vol,Ratio_Tissue_vol_enhancing_more_than_90percent_from_PostCon_to_Breast_Vol,0.9216638517028322,FGT Enhancement
Ratio_Tissue_vol_enhancing_more_than_60percent_from_PostCon_to_Breast_Vol,Ratio_Tissue_vol_enhancing_more_than_70percent_from_PostCon_to_Breast_Vol,0.9941387855130976,FGT Enhancement
Ratio_Tissue_vol_enhancing_more_than_60percent_from_PostCon_to_Breast_Vol,Ratio_Tissue_vol_enhancing_more_than_80percent_from_PostCon_to_Breast_Vol,0.9803643943380154,FGT Enhancement
Ratio_Tissue_vol_enhancing_more_than_60percent_from_PostCon_to_Breast_Vol,Ratio_Tissue_vol_enhancing_more_than_90percent_from_PostCon_to_Breast_Vol,0.963103698984047,FGT Enhancement
Ratio_Tissue_vol_enhancing_more_than_60percent_from_PostCon_to_Breast_Vol,Ratio_Tissue_vol_enhancing_more_than_100percent_from_PostCon_to_Breast_Vol,0.9430464910648816,FGT Enhancement
Ratio_Tissue_vol_enhancing_more_than_70percent_from_PostCon_to_Breast_Vol,Ratio_Tissue_vol_enhancing_more_than_80percent_from_PostCon_to_Breast_Vol,0.9958635931969568,FGT Enhancement
Ratio_Tissue_vol_enhancing_more_than_70percent_from_PostCon_to_Breast_Vol,Ratio_Tissue_vol_enhancing_more_than_90percent_from_PostCon_to_Breast_Vol,0.986195412023184,FGT Enhancement
Ratio_Tissue_vol_enhancing_more_than_70percent_from_PostCon_to_Breast_Vol,Ratio_Tissue_vol_enhancing_more_than_100percent_from_PostCon_to_Breast_Vol,0.9725972927938674,FGT Enhancement
Ratio_Tissue_vol_enhancing_more_than_80percent_from_PostCon_to_Breast_Vol,Ratio_Tissue_vol_enhancing_more_than_90percent_from_PostCon_to_Breast_Vol,0.9971112442841441,FGT Enhancement
Ratio_Tissue_vol_enhancing_more_than_80percent_from_PostCon_to_Breast_Vol,Ratio_Tissue_vol_enhancing_more_than_100percent_from_PostCon_to_Breast_Vol,0.9894670027441762,FGT Enhancement
Ratio_Tissue_vol_enhancing_more_than_90percent_from_PostCon_to_Breast_Vol,Ratio_Tissue_vol_enhancing_more_than_100percent_from_PostCon_to_Breast_Vol,0.997569984670085,FGT Enhancement
Ratio_Tissue_vol_enhancing_more_than_0percent_from_PostCon_to_Tissue_Vol,Ratio_Tissue_vol_enhancing_more_than_10percent_from_PostCon_to_Tissue_Vol,0.9061453846898778,FGT Enhancement
Ratio_Tissue_vol_enhancing_more_than_10percent_from_PostCon_to_Tissue_Vol,Ratio_Tissue_vol_enhancing_more_than_20percent_from_PostCon_to_Tissue_Vol,0.9616603747023119,FGT Enhancement
Ratio_Tissue_vol_enhancing_more_than_20percent_from_PostCon_to_Tissue_Vol,Ratio_Tissue_vol_enhancing_more_than_30percent_from_PostCon_to_Tissue_Vol,0.9813375502118266,FGT Enhancement
Ratio_Tissue_vol_enhancing_more_than_20percent_from_PostCon_to_Tissue_Vol,Ratio_Tissue_vol_enhancing_more_than_40percent_from_PostCon_to_Tissue_Vol,0.9437279150480169,FGT Enhancement
Ratio_Tissue_vol_enhancing_more_than_20percent_from_PostCon_to_Tissue_Vol,Ratio_Tissue_vol_enhancing_more_than_50percent_from_PostCon_to_Tissue_Vol,0.9012953817593766,FGT Enhancement
Ratio_Tissue_vol_enhancing_more_than_30percent_from_PostCon_to_Tissue_Vol,Ratio_Tissue_vol_enhancing_more_than_40percent_from_PostCon_to_Tissue_Vol,0.9889838398996351,FGT Enhancement
Ratio_Tissue_vol_enhancing_more_than_30percent_from_PostCon_to_Tissue_Vol,Ratio_Tissue_vol_enhancing_more_than_50percent_from_PostCon_to_Tissue_Vol,0.964776363090988,FGT Enhancement
Ratio_Tissue_vol_enhancing_more_than_30percent_from_PostCon_to_Tissue_Vol,Ratio_Tissue_vol_enhancing_more_than_60percent_from_PostCon_to_Tissue_Vol,0.9366375807766266,FGT Enhancement
Ratio_Tissue_vol_enhancing_more_than_30percent_from_PostCon_to_Tissue_Vol,Ratio_Tissue_vol_enhancing_more_than_70percent_from_PostCon_to_Tissue_Vol,0.9069623502377822,FGT Enhancement
Ratio_Tissue_vol_enhancing_more_than_40percent_from_PostCon_to_Tissue_Vol,Ratio_Tissue_vol_enhancing_more_than_50percent_from_PostCon_to_Tissue_Vol,0.9927794605321056,FGT Enhancement
Ratio_Tissue_vol_enhancing_more_than_40percent_from_PostCon_to_Tissue_Vol,Ratio_Tissue_vol_enhancing_more_than_60percent_from_PostCon_to_Tissue_Vol,0.9768534109692918,FGT Enhancement
Ratio_Tissue_vol_enhancing_more_than_40percent_from_PostCon_to_Tissue_Vol,Ratio_Tissue_vol_enhancing_more_than_70percent_from_PostCon_to_Tissue_Vol,0.9563900079339183,FGT Enhancement
Ratio_Tissue_vol_enhancing_more_than_40percent_from_PostCon_to_Tissue_Vol,Ratio_Tissue_vol_enhancing_more_than_80percent_from_PostCon_to_Tissue_Vol,0.934085700826238,FGT Enhancement
Ratio_Tissue_vol_enhancing_more_than_40percent_from_PostCon_to_Tissue_Vol,Ratio_Tissue_vol_enhancing_more_than_90percent_from_PostCon_to_Tissue_Vol,0.9119285985702719,FGT Enhancement
Ratio_Tissue_vol_enhancing_more_than_50percent_from_PostCon_to_Tissue_Vol,Ratio_Tissue_vol_enhancing_more_than_60percent_from_PostCon_to_Tissue_Vol,0.9953065007329553,FGT Enhancement
Ratio_Tissue_vol_enhancing_more_than_50percent_from_PostCon_to_Tissue_Vol,Ratio_Tissue_vol_enhancing_more_than_70percent_from_PostCon_to_Tissue_Vol,0.9838597872676987,FGT Enhancement
Ratio_Tissue_vol_enhancing_more_than_50percent_from_PostCon_to_Tissue_Vol,Ratio_Tissue_vol_enhancing_more_than_80percent_from_PostCon_to_Tissue_Vol,0.9686664902987224,FGT Enhancement
Ratio_Tissue_vol_enhancing_more_than_50percent_from_PostCon_to_Tissue_Vol,Ratio_Tissue_vol_enhancing_more_than_90percent_from_PostCon_to_Tissue_Vol,0.951941132065514,FGT Enhancement
Ratio_Tissue_vol_enhancing_more_than_50percent_from_PostCon_to_Tissue_Vol,Ratio_Tissue_vol_enhancing_more_than_100percent_from_PostCon_to_Tissue_Vol,0.9337416290154203,FGT Enhancement
Ratio_Tissue_vol_enhancing_more_than_60percent_from_PostCon_to_Tissue_Vol,Ratio_Tissue_vol_enhancing_more_than_70percent_from_PostCon_to_Tissue_Vol,0.9964909662123651,FGT Enhancement
Ratio_Tissue_vol_enhancing_more_than_60percent_from_PostCon_to_Tissue_Vol,Ratio_Tissue_vol_enhancing_more_than_80percent_from_PostCon_to_Tissue_Vol,0.9878308183738179,FGT Enhancement
Ratio_Tissue_vol_enhancing_more_than_60percent_from_PostCon_to_Tissue_Vol,Ratio_Tissue_vol_enhancing_more_than_90percent_from_PostCon_to_Tissue_Vol,0.9763116003492446,FGT Enhancement
Ratio_Tissue_vol_enhancing_more_than_60percent_from_PostCon_to_Tissue_Vol,Ratio_Tissue_vol_enhancing_more_than_100percent_from_PostCon_to_Tissue_Vol,0.962506484084492,FGT Enhancement
Ratio_Tissue_vol_enhancing_more_than_70percent_from_PostCon_to_Tissue_Vol,Ratio_Tissue_vol_enhancing_more_than_80percent_from_PostCon_to_Tissue_Vol,0.9973393254658582,FGT Enhancement
Ratio_Tissue_vol_enhancing_more_than_70percent_from_PostCon_to_Tissue_Vol,Ratio_Tissue_vol_enhancing_more_than_90percent_from_PostCon_to_Tissue_Vol,0.9907765004977658,FGT Enhancement
Ratio_Tissue_vol_enhancing_more_than_70percent_from_PostCon_to_Tissue_Vol,Ratio_Tissue_vol_enhancing_more_than_100percent_from_PostCon_to_Tissue_Vol,0.9812789014697181,FGT Enhancement
Ratio_Tissue_vol_enhancing_more_than_80percent_from_PostCon_to_Tissue_Vol,Ratio_Tissue_vol_enhancing_more_than_90percent_from_PostCon_to_Tissue_Vol,0.9979850556191636,FGT Enhancement
Ratio_Tissue_vol_enhancing_more_than_80percent_from_PostCon_to_Tissue_Vol,Ratio_Tissue_vol_enhancing_more_than_100percent_from_PostCon_to_Tissue_Vol,0.9925532739511725,FGT Enhancement
Ratio_Tissue_vol_enhancing_more_than_90percent_from_PostCon_to_Tissue_Vol,Ratio_Tissue_vol_enhancing_more_than_100percent_from_PostCon_to_Tissue_Vol,0.9982579040859452,FGT Enhancement
Ratio_Tissue_vol_enhancing_more_than_100percent_from_PostCon_to_Tissue_Vol,PE_map_mean_tissue_PostCon,0.9088599852189738,FGT Enhancement
Grouping_based_mean_of_peak_enhancement_slope_3D_tissue_T1_Group_1,Grouping_based_mean_of_washin_slope_3D_tissue_T1_Group_1,1.0,FGT Enhancement
Grouping_based_mean_of_peak_enhancement_slope_3D_tissue_T1_Group_2,Grouping_based_mean_of_washin_slope_3D_tissue_T1_Group_2,0.943674327583699,FGT Enhancement
Grouping_based_mean_of_peak_enhancement_slope_3D_tissue_T1_Group_2,PE_map_mean_tissue_T1,0.905636492764372,FGT Enhancement
Grouping_based_mean_of_washin_slope_3D_tissue_T1_Group_2,PE_map_mean_tissue_T1,0.9159140844619805,FGT Enhancement
Grouping_based_mean_of_peak_enhancement_slope_3D_tissue_PostCon_Group_1,Grouping_based_mean_of_washin_slope_3D_tissue_PostCon_Group_1,1.0,FGT Enhancement
Grouping_based_mean_of_peak_enhancement_slope_3D_tissue_PostCon_Group_2,Grouping_based_mean_of_peak_enhancement_slope_3D_tissue_PostCon_Group_3,0.9378494472668831,FGT Enhancement
Grouping_based_mean_of_peak_enhancement_slope_3D_tissue_PostCon_Group_2,Grouping_based_mean_of_washin_slope_3D_tissue_PostCon_Group_2,0.974982874726058,FGT Enhancement
Grouping_based_mean_of_peak_enhancement_slope_3D_tissue_PostCon_Group_2,Grouping_based_mean_of_washin_slope_3D_tissue_PostCon_Group_3,0.9021202878092391,FGT Enhancement
Grouping_based_mean_of_peak_enhancement_slope_3D_tissue_PostCon_Group_2,PE_map_mean_tissue_PostCon,0.9581530423927034,FGT Enhancement
Grouping_based_mean_of_peak_enhancement_slope_3D_tissue_PostCon_Group_3,Grouping_based_mean_of_washin_slope_3D_tissue_PostCon_Group_2,0.9054812869745607,FGT Enhancement
Grouping_based_mean_of_peak_enhancement_slope_3D_tissue_PostCon_Group_3,Grouping_based_mean_of_washin_slope_3D_tissue_PostCon_Group_3,0.9489296911794355,FGT Enhancement
Grouping_based_mean_of_peak_enhancement_slope_3D_tissue_PostCon_Group_3,PE_map_mean_tissue_PostCon,0.9291944442386285,FGT Enhancement
Grouping_based_mean_of_washin_slope_3D_tissue_PostCon_Group_2,Grouping_based_mean_of_washin_slope_3D_tissue_PostCon_Group_3,0.9386952112217747,FGT Enhancement
Grouping_based_mean_of_washin_slope_3D_tissue_PostCon_Group_2,PE_map_mean_tissue_PostCon,0.9461841816179478,FGT Enhancement
Grouping_based_mean_of_washin_slope_3D_tissue_PostCon_Group_3,PE_map_mean_tissue_PostCon,0.9060103114650098,FGT Enhancement
SER_Partial_tissue_vol_cu_mm_T1,SER_Washout_tissue_vol_cu_mm_T1,0.9912659993481283,FGT Enhancement
Peak_SER_tissue_T1,Peak_SER_tissue_PostCon,0.9353111067664726,FGT Enhancement
Peak_PE_tissue_T1,Peak_PE_tissue_PostCon,0.932197599769601,FGT Enhancement
WashinRate_map_mean_tissue_T1,WashinRate_map_mean_tissue_PostCon,0.9321971711923056,FGT Enhancement
SER_Partial_tissue_vol_cu_mm_PostCon,SER_Washout_tissue_vol_cu_mm_PostCon,0.9787187967561218,FGT Enhancement
Autocorrelation_tissue_T1,Sum_of_Squares_variance_tissue_T1,0.9957099908952773,FGT Enhancement Texture
Autocorrelation_tissue_T1,sum_average_tissue_T1,0.9789947110835117,FGT Enhancement Texture
Autocorrelation_tissue_T1,sum_variance__tissue_T1,0.9981350740956788,FGT Enhancement Texture
Contrast_tissue_T1,Dissimilarity_tissue_T1,0.9690101753642821,FGT Enhancement Texture
Contrast_tissue_T1,difference_entropy_tissue_T1,0.9183847521520369,FGT Enhancement Texture
Contrast_tissue_T1,inverse_difference_normalized_tissue_T1,0.9575288277877751,FGT Enhancement Texture
Contrast_tissue_T1,inverse_difference_moment_normalized_tissue_T1,0.999693579374307,FGT Enhancement Texture
Correlation1_tissue_T1,Correlation2_tissue_T1,0.9999999999999997,FGT Enhancement Texture
Dissimilarity_tissue_T1,Homogeneity1_tissue_T1,0.9440873617344165,FGT Enhancement Texture
Dissimilarity_tissue_T1,Homogeneity2_tissue_T1,0.9483703440351368,FGT Enhancement Texture
Dissimilarity_tissue_T1,difference_entropy_tissue_T1,0.9771110745643758,FGT Enhancement Texture
Dissimilarity_tissue_T1,inverse_difference_is_homom_tissue_T1,0.9440873617344165,FGT Enhancement Texture
Dissimilarity_tissue_T1,inverse_difference_normalized_tissue_T1,0.9990762694704467,FGT Enhancement Texture
Dissimilarity_tissue_T1,inverse_difference_moment_normalized_tissue_T1,0.9737384216652489,FGT Enhancement Texture
Energy_tissue_T1,Max_Probability_tissue_T1,0.9380968670142846,FGT Enhancement Texture
Entropy_tissue_T1,Homogeneity1_tissue_T1,0.9308772124474052,FGT Enhancement Texture
Entropy_tissue_T1,Homogeneity2_tissue_T1,0.9290846561722581,FGT Enhancement Texture
Entropy_tissue_T1,sum_entropy_tissue_T1,0.9777009494989815,FGT Enhancement Texture
Entropy_tissue_T1,difference_entropy_tissue_T1,0.9166237766947759,FGT Enhancement Texture
Entropy_tissue_T1,inverse_difference_is_homom_tissue_T1,0.9308772124474052,FGT Enhancement Texture
Homogeneity1_tissue_T1,Homogeneity2_tissue_T1,0.9994576543347571,FGT Enhancement Texture
Homogeneity1_tissue_T1,difference_entropy_tissue_T1,0.9629974962923006,FGT Enhancement Texture
Homogeneity1_tissue_T1,inverse_difference_is_homom_tissue_T1,1.0,FGT Enhancement Texture
Homogeneity1_tissue_T1,inverse_difference_normalized_tissue_T1,0.9565218119243506,FGT Enhancement Texture
Homogeneity2_tissue_T1,difference_entropy_tissue_T1,0.9649079461939692,FGT Enhancement Texture
Homogeneity2_tissue_T1,inverse_difference_is_homom_tissue_T1,0.9994576543347569,FGT Enhancement Texture
Homogeneity2_tissue_T1,inverse_difference_normalized_tissue_T1,0.9605777782897208,FGT Enhancement Texture
Max_Probability_tissue_T1,WashinRate_map_Homogeneity1_tissue_T1,0.9031312573150833,FGT Enhancement Texture
Max_Probability_tissue_T1,WashinRate_map_Homogeneity2_tissue_T1,0.9041302782691506,FGT Enhancement Texture
Max_Probability_tissue_T1,WashinRate_map_inverse_difference_is_homom_tissue_T1,0.9031312573150833,FGT Enhancement Texture
Sum_of_Squares_variance_tissue_T1,sum_average_tissue_T1,0.9812950252549607,FGT Enhancement Texture
Sum_of_Squares_variance_tissue_T1,sum_variance__tissue_T1,0.9948260251059067,FGT Enhancement Texture
sum_average_tissue_T1,sum_variance__tissue_T1,0.9672352499713516,FGT Enhancement Texture
difference_entropy_tissue_T1,inverse_difference_is_homom_tissue_T1,0.9629974962923006,FGT Enhancement Texture
difference_entropy_tissue_T1,inverse_difference_normalized_tissue_T1,0.9812552678297706,FGT Enhancement Texture
difference_entropy_tissue_T1,inverse_difference_moment_normalized_tissue_T1,0.9248199723036697,FGT Enhancement Texture
inverse_difference_is_homom_tissue_T1,inverse_difference_normalized_tissue_T1,0.9565218119243506,FGT Enhancement Texture
inverse_difference_normalized_tissue_T1,inverse_difference_moment_normalized_tissue_T1,0.9630570612226246,FGT Enhancement Texture
Autocorrelation_tissue_PostCon,Sum_of_Squares_variance_tissue_PostCon,0.9792452096861711,FGT Enhancement Texture
Autocorrelation_tissue_PostCon,sum_average_tissue_PostCon,0.9825122169545653,FGT Enhancement Texture
Autocorrelation_tissue_PostCon,sum_variance__tissue_PostCon,0.9974849697999542,FGT Enhancement Texture
Contrast_tissue_PostCon,Dissimilarity_tissue_PostCon,0.9644927960144952,FGT Enhancement Texture
Contrast_tissue_PostCon,inverse_difference_normalized_tissue_PostCon,0.9443287002804541,FGT Enhancement Texture
Contrast_tissue_PostCon,inverse_difference_moment_normalized_tissue_PostCon,0.9992492920764438,FGT Enhancement Texture
Correlation1_tissue_PostCon,Correlation2_tissue_PostCon,1.0000000000000004,FGT Enhancement Texture
Dissimilarity_tissue_PostCon,Homogeneity1_tissue_PostCon,0.9145738112397224,FGT Enhancement Texture
Dissimilarity_tissue_PostCon,difference_entropy_tissue_PostCon,0.9508545701985859,FGT Enhancement Texture
Dissimilarity_tissue_PostCon,inverse_difference_is_homom_tissue_PostCon,0.9145738112397224,FGT Enhancement Texture
Dissimilarity_tissue_PostCon,inverse_difference_normalized_tissue_PostCon,0.9976757694013554,FGT Enhancement Texture
Dissimilarity_tissue_PostCon,inverse_difference_moment_normalized_tissue_PostCon,0.9722497290557058,FGT Enhancement Texture
Energy_tissue_PostCon,Entropy_tissue_PostCon,0.9347357519933143,FGT Enhancement Texture
Energy_tissue_PostCon,Max_Probability_tissue_PostCon,0.9483515012621375,FGT Enhancement Texture
Energy_tissue_PostCon,sum_entropy_tissue_PostCon,0.9402024743797996,FGT Enhancement Texture
Entropy_tissue_PostCon,sum_entropy_tissue_PostCon,0.9840830710033357,FGT Enhancement Texture
Homogeneity1_tissue_PostCon,Homogeneity2_tissue_PostCon,0.9966251147144133,FGT Enhancement Texture
Homogeneity1_tissue_PostCon,difference_entropy_tissue_PostCon,0.933133644586267,FGT Enhancement Texture
Homogeneity1_tissue_PostCon,inverse_difference_is_homom_tissue_PostCon,1.0,FGT Enhancement Texture
Homogeneity1_tissue_PostCon,inverse_difference_normalized_tissue_PostCon,0.9371887861053002,FGT Enhancement Texture
Homogeneity2_tissue_PostCon,difference_entropy_tissue_PostCon,0.9089073373375504,FGT Enhancement Texture
Homogeneity2_tissue_PostCon,inverse_difference_is_homom_tissue_PostCon,0.9966251147144131,FGT Enhancement Texture
Homogeneity2_tissue_PostCon,inverse_difference_normalized_tissue_PostCon,0.912633697049997,FGT Enhancement Texture
Sum_of_Squares_variance_tissue_PostCon,sum_average_tissue_PostCon,0.9758965673863741,FGT Enhancement Texture
Sum_of_Squares_variance_tissue_PostCon,sum_variance__tissue_PostCon,0.9879240185486808,FGT Enhancement Texture
sum_average_tissue_PostCon,sum_variance__tissue_PostCon,0.9770045521709917,FGT Enhancement Texture
difference_entropy_tissue_PostCon,inverse_difference_is_homom_tissue_PostCon,0.933133644586267,FGT Enhancement Texture
difference_entropy_tissue_PostCon,inverse_difference_normalized_tissue_PostCon,0.9581426588759678,FGT Enhancement Texture
information_measure_correlation1_tissue_PostCon,information_measure_correlation2_tissue_PostCon,0.9123838931241355,FGT Enhancement Texture
inverse_difference_is_homom_tissue_PostCon,inverse_difference_normalized_tissue_PostCon,0.9371887861053002,FGT Enhancement Texture
inverse_difference_normalized_tissue_PostCon,inverse_difference_moment_normalized_tissue_PostCon,0.9540516437744831,FGT Enhancement Texture
SER_map_Autocorrelation_tissue_T1,SER_map_Sum_of_Squares_variance_tissue_T1,0.9999973957378359,FGT Enhancement Texture
SER_map_Autocorrelation_tissue_T1,SER_map_sum_average_tissue_T1,0.9921898910560932,FGT Enhancement Texture
SER_map_Autocorrelation_tissue_T1,SER_map_sum_variance__tissue_T1,0.9998642349128706,FGT Enhancement Texture
SER_map_Contrast_tissue_T1,SER_map_Cluster_Prominence_tissue_T1,0.9352570487520628,FGT Enhancement Texture
SER_map_Contrast_tissue_T1,SER_map_Dissimilarity_tissue_T1,0.9490056230659203,FGT Enhancement Texture
SER_map_Contrast_tissue_T1,SER_map_inverse_difference_normalized_tissue_T1,0.9440663439249286,FGT Enhancement Texture
SER_map_Contrast_tissue_T1,SER_map_inverse_difference_moment_normalized_tissue_T1,0.9999596375493367,FGT Enhancement Texture
SER_map_Correlation1_tissue_T1,SER_map_Correlation2_tissue_T1,0.9999999999999981,FGT Enhancement Texture
SER_map_Cluster_Prominence_tissue_T1,SER_map_inverse_difference_moment_normalized_tissue_T1,0.9320445964723013,FGT Enhancement Texture
SER_map_Dissimilarity_tissue_T1,SER_map_Entropy_tissue_T1,0.960621798538709,FGT Enhancement Texture
SER_map_Dissimilarity_tissue_T1,SER_map_Homogeneity1_tissue_T1,0.9478386986052222,FGT Enhancement Texture
SER_map_Dissimilarity_tissue_T1,SER_map_Homogeneity2_tissue_T1,0.9563123991916644,FGT Enhancement Texture
SER_map_Dissimilarity_tissue_T1,SER_map_sum_entropy_tissue_T1,0.9423196996471387,FGT Enhancement Texture
SER_map_Dissimilarity_tissue_T1,SER_map_difference_entropy_tissue_T1,0.9543895425687696,FGT Enhancement Texture
SER_map_Dissimilarity_tissue_T1,SER_map_inverse_difference_is_homom_tissue_T1,0.9478386986052222,FGT Enhancement Texture
SER_map_Dissimilarity_tissue_T1,SER_map_inverse_difference_normalized_tissue_T1,0.9998825155730231,FGT Enhancement Texture
SER_map_Dissimilarity_tissue_T1,SER_map_inverse_difference_moment_normalized_tissue_T1,0.9511382207526198,FGT Enhancement Texture
SER_map_Dissimilarity_tissue_T1,SER_map_Dissimilarity_tissue_PostCon,0.9073906248541344,FGT Enhancement Texture
SER_map_Dissimilarity_tissue_T1,SER_map_inverse_difference_normalized_tissue_PostCon,0.909728665271178,FGT Enhancement Texture
SER_map_Energy_tissue_T1,SER_map_Entropy_tissue_T1,0.9436208587853843,FGT Enhancement Texture
SER_map_Energy_tissue_T1,SER_map_Homogeneity1_tissue_T1,0.9588016404426632,FGT Enhancement Texture
SER_map_Energy_tissue_T1,SER_map_Homogeneity2_tissue_T1,0.9498832764564406,FGT Enhancement Texture
SER_map_Energy_tissue_T1,SER_map_Max_Probability_tissue_T1,0.981297715457315,FGT Enhancement Texture
SER_map_Energy_tissue_T1,SER_map_sum_entropy_tissue_T1,0.961124045090983,FGT Enhancement Texture
SER_map_Energy_tissue_T1,SER_map_difference_entropy_tissue_T1,0.9402466054316969,FGT Enhancement Texture
SER_map_Energy_tissue_T1,SER_map_inverse_difference_is_homom_tissue_T1,0.9588016404426632,FGT Enhancement Texture
SER_map_Entropy_tissue_T1,SER_map_Homogeneity1_tissue_T1,0.9945719543244752,FGT Enhancement Texture
SER_map_Entropy_tissue_T1,SER_map_Homogeneity2_tissue_T1,0.9963132662435928,FGT Enhancement Texture
SER_map_Entropy_tissue_T1,SER_map_Max_Probability_tissue_T1,0.9478141585671271,FGT Enhancement Texture
SER_map_Entropy_tissue_T1,SER_map_sum_entropy_tissue_T1,0.9971216496277318,FGT Enhancement Texture
SER_map_Entropy_tissue_T1,SER_map_difference_entropy_tissue_T1,0.9950504508805668,FGT Enhancement Texture
SER_map_Entropy_tissue_T1,SER_map_inverse_difference_is_homom_tissue_T1,0.9945719543244752,FGT Enhancement Texture
SER_map_Entropy_tissue_T1,SER_map_inverse_difference_normalized_tissue_T1,0.964096524113482,FGT Enhancement Texture
SER_map_Homogeneity1_tissue_T1,SER_map_Homogeneity2_tissue_T1,0.9994594294643961,FGT Enhancement Texture
SER_map_Homogeneity1_tissue_T1,SER_map_Max_Probability_tissue_T1,0.9693989436898616,FGT Enhancement Texture
SER_map_Homogeneity1_tissue_T1,SER_map_sum_entropy_tissue_T1,0.9927355526815136,FGT Enhancement Texture
SER_map_Homogeneity1_tissue_T1,SER_map_difference_entropy_tissue_T1,0.9860258803728363,FGT Enhancement Texture
SER_map_Homogeneity1_tissue_T1,SER_map_inverse_difference_is_homom_tissue_T1,1.0,FGT Enhancement Texture
SER_map_Homogeneity1_tissue_T1,SER_map_inverse_difference_normalized_tissue_T1,0.9518106357526068,FGT Enhancement Texture
SER_map_Homogeneity2_tissue_T1,SER_map_Max_Probability_tissue_T1,0.9616720300749478,FGT Enhancement Texture
SER_map_Homogeneity2_tissue_T1,SER_map_sum_entropy_tissue_T1,0.9926989419941167,FGT Enhancement Texture
SER_map_Homogeneity2_tissue_T1,SER_map_difference_entropy_tissue_T1,0.9881103223121396,FGT Enhancement Texture
SER_map_Homogeneity2_tissue_T1,SER_map_inverse_difference_is_homom_tissue_T1,0.9994594294643964,FGT Enhancement Texture
SER_map_Homogeneity2_tissue_T1,SER_map_inverse_difference_normalized_tissue_T1,0.9600590764946001,FGT Enhancement Texture
SER_map_Max_Probability_tissue_T1,SER_map_sum_entropy_tissue_T1,0.9552953918677694,FGT Enhancement Texture
SER_map_Max_Probability_tissue_T1,SER_map_difference_entropy_tissue_T1,0.9294583933038402,FGT Enhancement Texture
SER_map_Max_Probability_tissue_T1,SER_map_inverse_difference_is_homom_tissue_T1,0.9693989436898615,FGT Enhancement Texture
SER_map_Sum_of_Squares_variance_tissue_T1,SER_map_sum_average_tissue_T1,0.9922185946298896,FGT Enhancement Texture
SER_map_Sum_of_Squares_variance_tissue_T1,SER_map_sum_variance__tissue_T1,0.9998302215985393,FGT Enhancement Texture
SER_map_sum_average_tissue_T1,SER_map_sum_variance__tissue_T1,0.99164775098721,FGT Enhancement Texture
SER_map_sum_entropy_tissue_T1,SER_map_difference_entropy_tissue_T1,0.9961801673838444,FGT Enhancement Texture
SER_map_sum_entropy_tissue_T1,SER_map_inverse_difference_is_homom_tissue_T1,0.9927355526815136,FGT Enhancement Texture
SER_map_sum_entropy_tissue_T1,SER_map_inverse_difference_normalized_tissue_T1,0.9462210029129647,FGT Enhancement Texture
SER_map_difference_entropy_tissue_T1,SER_map_inverse_difference_is_homom_tissue_T1,0.9860258803728363,FGT Enhancement Texture
SER_map_difference_entropy_tissue_T1,SER_map_inverse_difference_normalized_tissue_T1,0.9577336094026854,FGT Enhancement Texture
SER_map_inverse_difference_is_homom_tissue_T1,SER_map_inverse_difference_normalized_tissue_T1,0.9518106357526068,FGT Enhancement Texture
SER_map_inverse_difference_normalized_tissue_T1,SER_map_inverse_difference_moment_normalized_tissue_T1,0.9462952080146411,FGT Enhancement Texture
SER_map_inverse_difference_normalized_tissue_T1,SER_map_Dissimilarity_tissue_PostCon,0.9066288494149686,FGT Enhancement Texture
SER_map_inverse_difference_normalized_tissue_T1,SER_map_inverse_difference_normalized_tissue_PostCon,0.9091142960541096,FGT Enhancement Texture
PE_map_Autocorrelation_tissue_T1,PE_map_Sum_of_Squares_variance_tissue_T1,0.9996068926834402,FGT Enhancement Texture
PE_map_Autocorrelation_tissue_T1,PE_map_sum_average_tissue_T1,0.9188191396858842,FGT Enhancement Texture
PE_map_Autocorrelation_tissue_T1,PE_map_sum_variance__tissue_T1,0.9992251225236843,FGT Enhancement Texture
PE_map_Contrast_tissue_T1,PE_map_Cluster_Shade_tissue_T1,0.9364002935311926,FGT Enhancement Texture
PE_map_Contrast_tissue_T1,PE_map_Dissimilarity_tissue_T1,0.9229634341598619,FGT Enhancement Texture
PE_map_Contrast_tissue_T1,PE_map_inverse_difference_normalized_tissue_T1,0.9171246496560108,FGT Enhancement Texture
PE_map_Contrast_tissue_T1,PE_map_inverse_difference_moment_normalized_tissue_T1,0.9993502453601596,FGT Enhancement Texture
PE_map_Correlation1_tissue_T1,PE_map_Correlation2_tissue_T1,1.0000000000000004,FGT Enhancement Texture
PE_map_Cluster_Prominence_tissue_T1,PE_map_Cluster_Shade_tissue_T1,0.9806749141949616,FGT Enhancement Texture
PE_map_Cluster_Shade_tissue_T1,PE_map_inverse_difference_moment_normalized_tissue_T1,0.9313579584414833,FGT Enhancement Texture
PE_map_Dissimilarity_tissue_T1,PE_map_Entropy_tissue_T1,0.9230004910046581,FGT Enhancement Texture
PE_map_Dissimilarity_tissue_T1,PE_map_Homogeneity1_tissue_T1,0.9070501624352245,FGT Enhancement Texture
PE_map_Dissimilarity_tissue_T1,PE_map_Homogeneity2_tissue_T1,0.9168117089270351,FGT Enhancement Texture
PE_map_Dissimilarity_tissue_T1,PE_map_sum_average_tissue_T1,0.9588557340830092,FGT Enhancement Texture
PE_map_Dissimilarity_tissue_T1,PE_map_difference_entropy_tissue_T1,0.9238757988390067,FGT Enhancement Texture
PE_map_Dissimilarity_tissue_T1,PE_map_inverse_difference_is_homom_tissue_T1,0.9070501624352245,FGT Enhancement Texture
PE_map_Dissimilarity_tissue_T1,PE_map_inverse_difference_normalized_tissue_T1,0.9998872827042465,FGT Enhancement Texture
PE_map_Dissimilarity_tissue_T1,PE_map_inverse_difference_moment_normalized_tissue_T1,0.928371982564304,FGT Enhancement Texture
PE_map_Energy_tissue_T1,PE_map_Max_Probability_tissue_T1,0.9764835773985384,FGT Enhancement Texture
PE_map_Energy_tissue_T1,PE_map_sum_entropy_tissue_T1,0.9016401910650403,FGT Enhancement Texture
PE_map_Entropy_tissue_T1,PE_map_Homogeneity1_tissue_T1,0.9941674093736336,FGT Enhancement Texture
PE_map_Entropy_tissue_T1,PE_map_Homogeneity2_tissue_T1,0.9955260017332604,FGT Enhancement Texture
PE_map_Entropy_tissue_T1,PE_map_Max_Probability_tissue_T1,0.9068627679563513,FGT Enhancement Texture
PE_map_Entropy_tissue_T1,PE_map_sum_entropy_tissue_T1,0.9943472647249314,FGT Enhancement Texture
PE_map_Entropy_tissue_T1,PE_map_difference_entropy_tissue_T1,0.9940784455072188,FGT Enhancement Texture
PE_map_Entropy_tissue_T1,PE_map_inverse_difference_is_homom_tissue_T1,0.9941674093736336,FGT Enhancement Texture
PE_map_Entropy_tissue_T1,PE_map_inverse_difference_normalized_tissue_T1,0.9273238393819997,FGT Enhancement Texture
PE_map_Homogeneity1_tissue_T1,PE_map_Homogeneity2_tissue_T1,0.9991252657250391,FGT Enhancement Texture
PE_map_Homogeneity1_tissue_T1,PE_map_Max_Probability_tissue_T1,0.9313361164579156,FGT Enhancement Texture
PE_map_Homogeneity1_tissue_T1,PE_map_sum_entropy_tissue_T1,0.9900023544482592,FGT Enhancement Texture
PE_map_Homogeneity1_tissue_T1,PE_map_difference_entropy_tissue_T1,0.9903647795315786,FGT Enhancement Texture
PE_map_Homogeneity1_tissue_T1,PE_map_inverse_difference_is_homom_tissue_T1,1.0,FGT Enhancement Texture
PE_map_Homogeneity1_tissue_T1,PE_map_inverse_difference_normalized_tissue_T1,0.9117873755639168,FGT Enhancement Texture
PE_map_Homogeneity2_tissue_T1,PE_map_Max_Probability_tissue_T1,0.9170882549710959,FGT Enhancement Texture
PE_map_Homogeneity2_tissue_T1,PE_map_sum_entropy_tissue_T1,0.9874831517163065,FGT Enhancement Texture
PE_map_Homogeneity2_tissue_T1,PE_map_difference_entropy_tissue_T1,0.9902371129812608,FGT Enhancement Texture
PE_map_Homogeneity2_tissue_T1,PE_map_inverse_difference_is_homom_tissue_T1,0.9991252657250388,FGT Enhancement Texture
PE_map_Homogeneity2_tissue_T1,PE_map_inverse_difference_normalized_tissue_T1,0.9215087069639187,FGT Enhancement Texture
PE_map_Max_Probability_tissue_T1,PE_map_sum_entropy_tissue_T1,0.9349590570070215,FGT Enhancement Texture
PE_map_Max_Probability_tissue_T1,PE_map_difference_entropy_tissue_T1,0.9027174903221308,FGT Enhancement Texture
PE_map_Max_Probability_tissue_T1,PE_map_inverse_difference_is_homom_tissue_T1,0.9313361164579154,FGT Enhancement Texture
PE_map_Sum_of_Squares_variance_tissue_T1,PE_map_sum_average_tissue_T1,0.9202712667003924,FGT Enhancement Texture
PE_map_Sum_of_Squares_variance_tissue_T1,PE_map_sum_variance__tissue_T1,0.9988700205710153,FGT Enhancement Texture
PE_map_sum_average_tissue_T1,PE_map_sum_variance__tissue_T1,0.9035773400906291,FGT Enhancement Texture
PE_map_sum_average_tissue_T1,PE_map_inverse_difference_normalized_tissue_T1,0.9593790122846483,FGT Enhancement Texture
PE_map_sum_entropy_tissue_T1,PE_map_difference_entropy_tissue_T1,0.9915775663289116,FGT Enhancement Texture
PE_map_sum_entropy_tissue_T1,PE_map_inverse_difference_is_homom_tissue_T1,0.9900023544482592,FGT Enhancement Texture
PE_map_difference_entropy_tissue_T1,PE_map_inverse_difference_is_homom_tissue_T1,0.9903647795315785,FGT Enhancement Texture
PE_map_difference_entropy_tissue_T1,PE_map_inverse_difference_normalized_tissue_T1,0.9274812737485701,FGT Enhancement Texture
PE_map_inverse_difference_is_homom_tissue_T1,PE_map_inverse_difference_normalized_tissue_T1,0.9117873755639168,FGT Enhancement Texture
PE_map_inverse_difference_normalized_tissue_T1,PE_map_inverse_difference_moment_normalized_tissue_T1,0.9226918341355521,FGT Enhancement Texture
WashinRate_map_Autocorrelation_tissue_T1,WashinRate_map_Sum_of_Squares_variance_tissue_T1,0.9996593783634042,FGT Enhancement Texture
WashinRate_map_Autocorrelation_tissue_T1,WashinRate_map_sum_average_tissue_T1,0.9826667045934381,FGT Enhancement Texture
WashinRate_map_Autocorrelation_tissue_T1,WashinRate_map_sum_variance__tissue_T1,0.9999589661075071,FGT Enhancement Texture
WashinRate_map_Autocorrelation_tissue_T1,WashinRate_map_Autocorrelation_tissue_PostCon,0.9061190006839008,FGT Enhancement Texture
WashinRate_map_Autocorrelation_tissue_T1,WashinRate_map_sum_variance__tissue_PostCon,0.9056595712025165,FGT Enhancement Texture
WashinRate_map_Contrast_tissue_T1,WashinRate_map_Dissimilarity_tissue_T1,0.9669138848789117,FGT Enhancement Texture
WashinRate_map_Contrast_tissue_T1,WashinRate_map_inverse_difference_normalized_tissue_T1,0.9586697392043829,FGT Enhancement Texture
WashinRate_map_Contrast_tissue_T1,WashinRate_map_inverse_difference_moment_normalized_tissue_T1,0.9998417724379501,FGT Enhancement Texture
WashinRate_map_Correlation1_tissue_T1,WashinRate_map_Correlation2_tissue_T1,1.0000000000000007,FGT Enhancement Texture
WashinRate_map_Correlation1_tissue_T1,WashinRate_map_information_measure_correlation2_tissue_T1,0.9230182237113542,FGT Enhancement Texture
WashinRate_map_Correlation2_tissue_T1,WashinRate_map_information_measure_correlation2_tissue_T1,0.9230182237121102,FGT Enhancement Texture
WashinRate_map_Cluster_Prominence_tissue_T1,WashinRate_map_Cluster_Shade_tissue_T1,0.9781547849035026,FGT Enhancement Texture
WashinRate_map_Dissimilarity_tissue_T1,WashinRate_map_difference_entropy_tissue_T1,0.9425009167825775,FGT Enhancement Texture
WashinRate_map_Dissimilarity_tissue_T1,WashinRate_map_inverse_difference_normalized_tissue_T1,0.9995313566462232,FGT Enhancement Texture
WashinRate_map_Dissimilarity_tissue_T1,WashinRate_map_inverse_difference_moment_normalized_tissue_T1,0.9704607910969753,FGT Enhancement Texture
WashinRate_map_Energy_tissue_T1,WashinRate_map_Max_Probability_tissue_T1,0.9656393235921293,FGT Enhancement Texture
WashinRate_map_Entropy_tissue_T1,WashinRate_map_Homogeneity1_tissue_T1,0.9324772638092222,FGT Enhancement Texture
WashinRate_map_Entropy_tissue_T1,WashinRate_map_sum_entropy_tissue_T1,0.9791188686054545,FGT Enhancement Texture
WashinRate_map_Entropy_tissue_T1,WashinRate_map_difference_entropy_tissue_T1,0.9721503049763085,FGT Enhancement Texture
WashinRate_map_Entropy_tissue_T1,WashinRate_map_inverse_difference_is_homom_tissue_T1,0.9324772638092222,FGT Enhancement Texture
WashinRate_map_Homogeneity1_tissue_T1,WashinRate_map_Homogeneity2_tissue_T1,0.9937767604833714,FGT Enhancement Texture
WashinRate_map_Homogeneity1_tissue_T1,WashinRate_map_difference_entropy_tissue_T1,0.9229776427131117,FGT Enhancement Texture
WashinRate_map_Homogeneity1_tissue_T1,WashinRate_map_inverse_difference_is_homom_tissue_T1,1.0,FGT Enhancement Texture
WashinRate_map_Homogeneity2_tissue_T1,WashinRate_map_inverse_difference_is_homom_tissue_T1,0.9937767604833714,FGT Enhancement Texture
WashinRate_map_Sum_of_Squares_variance_tissue_T1,WashinRate_map_sum_average_tissue_T1,0.9836088637599866,FGT Enhancement Texture
WashinRate_map_Sum_of_Squares_variance_tissue_T1,WashinRate_map_sum_variance__tissue_T1,0.9995757493329605,FGT Enhancement Texture
WashinRate_map_Sum_of_Squares_variance_tissue_T1,WashinRate_map_Autocorrelation_tissue_PostCon,0.9063246732987753,FGT Enhancement Texture
WashinRate_map_Sum_of_Squares_variance_tissue_T1,WashinRate_map_Sum_of_Squares_variance_tissue_PostCon,0.9012216370688637,FGT Enhancement Texture
WashinRate_map_Sum_of_Squares_variance_tissue_T1,WashinRate_map_sum_variance__tissue_PostCon,0.9059301555183137,FGT Enhancement Texture
WashinRate_map_sum_average_tissue_T1,WashinRate_map_sum_variance__tissue_T1,0.9816768121343903,FGT Enhancement Texture
WashinRate_map_sum_average_tissue_T1,WashinRate_map_sum_average_tissue_PostCon,0.914605422067749,FGT Enhancement Texture
WashinRate_map_sum_variance__tissue_T1,WashinRate_map_Autocorrelation_tissue_PostCon,0.9060701784399076,FGT Enhancement Texture
WashinRate_map_sum_variance__tissue_T1,WashinRate_map_sum_variance__tissue_PostCon,0.9056442735070601,FGT Enhancement Texture
WashinRate_map_sum_entropy_tissue_T1,WashinRate_map_difference_entropy_tissue_T1,0.9420742837616821,FGT Enhancement Texture
WashinRate_map_difference_entropy_tissue_T1,WashinRate_map_inverse_difference_is_homom_tissue_T1,0.9229776427131117,FGT Enhancement Texture
WashinRate_map_difference_entropy_tissue_T1,WashinRate_map_inverse_difference_normalized_tissue_T1,0.9483594438875729,FGT Enhancement Texture
WashinRate_map_inverse_difference_normalized_tissue_T1,WashinRate_map_inverse_difference_moment_normalized_tissue_T1,0.9626234037095854,FGT Enhancement Texture
SER_map_Autocorrelation_tissue_PostCon,SER_map_Sum_of_Squares_variance_tissue_PostCon,0.9999851506044818,FGT Enhancement Texture
SER_map_Autocorrelation_tissue_PostCon,SER_map_sum_average_tissue_PostCon,0.9930751636478623,FGT Enhancement Texture
SER_map_Autocorrelation_tissue_PostCon,SER_map_sum_variance__tissue_PostCon,0.999848934875192,FGT Enhancement Texture
SER_map_Contrast_tissue_PostCon,SER_map_Cluster_Prominence_tissue_PostCon,0.9061597288847693,FGT Enhancement Texture
SER_map_Contrast_tissue_PostCon,SER_map_Dissimilarity_tissue_PostCon,0.9330708768884871,FGT Enhancement Texture
SER_map_Contrast_tissue_PostCon,SER_map_inverse_difference_normalized_tissue_PostCon,0.9265423479213233,FGT Enhancement Texture
SER_map_Contrast_tissue_PostCon,SER_map_inverse_difference_moment_normalized_tissue_PostCon,0.9999248902721025,FGT Enhancement Texture
SER_map_Correlation1_tissue_PostCon,SER_map_Correlation2_tissue_PostCon,0.9999999999999997,FGT Enhancement Texture
SER_map_Cluster_Prominence_tissue_PostCon,SER_map_inverse_difference_moment_normalized_tissue_PostCon,0.9009494737577218,FGT Enhancement Texture
SER_map_Dissimilarity_tissue_PostCon,SER_map_Entropy_tissue_PostCon,0.9435317808450078,FGT Enhancement Texture
SER_map_Dissimilarity_tissue_PostCon,SER_map_Homogeneity1_tissue_PostCon,0.9281288536926925,FGT Enhancement Texture
SER_map_Dissimilarity_tissue_PostCon,SER_map_Homogeneity2_tissue_PostCon,0.9397032307533735,FGT Enhancement Texture
SER_map_Dissimilarity_tissue_PostCon,SER_map_sum_entropy_tissue_PostCon,0.9270675668639198,FGT Enhancement Texture
SER_map_Dissimilarity_tissue_PostCon,SER_map_difference_entropy_tissue_PostCon,0.9409041151349272,FGT Enhancement Texture
SER_map_Dissimilarity_tissue_PostCon,SER_map_inverse_difference_is_homom_tissue_PostCon,0.9281288536926925,FGT Enhancement Texture
SER_map_Dissimilarity_tissue_PostCon,SER_map_inverse_difference_normalized_tissue_PostCon,0.9998422457023936,FGT Enhancement Texture
SER_map_Dissimilarity_tissue_PostCon,SER_map_inverse_difference_moment_normalized_tissue_PostCon,0.9361269443404217,FGT Enhancement Texture
SER_map_Energy_tissue_PostCon,SER_map_Entropy_tissue_PostCon,0.947713234471039,FGT Enhancement Texture
SER_map_Energy_tissue_PostCon,SER_map_Homogeneity1_tissue_PostCon,0.9586248191862943,FGT Enhancement Texture
SER_map_Energy_tissue_PostCon,SER_map_Homogeneity2_tissue_PostCon,0.9492254706144962,FGT Enhancement Texture
SER_map_Energy_tissue_PostCon,SER_map_Max_Probability_tissue_PostCon,0.9838197769835891,FGT Enhancement Texture
SER_map_Energy_tissue_PostCon,SER_map_sum_entropy_tissue_PostCon,0.9622843815069402,FGT Enhancement Texture
SER_map_Energy_tissue_PostCon,SER_map_difference_entropy_tissue_PostCon,0.9408221774358303,FGT Enhancement Texture
SER_map_Energy_tissue_PostCon,SER_map_inverse_difference_is_homom_tissue_PostCon,0.9586248191862943,FGT Enhancement Texture
SER_map_Entropy_tissue_PostCon,SER_map_Homogeneity1_tissue_PostCon,0.9854660114510703,FGT Enhancement Texture
SER_map_Entropy_tissue_PostCon,SER_map_Homogeneity2_tissue_PostCon,0.9880109160731376,FGT Enhancement Texture
SER_map_Entropy_tissue_PostCon,SER_map_Max_Probability_tissue_PostCon,0.9431485311021608,FGT Enhancement Texture
SER_map_Entropy_tissue_PostCon,SER_map_sum_entropy_tissue_PostCon,0.9969617099044024,FGT Enhancement Texture
SER_map_Entropy_tissue_PostCon,SER_map_difference_entropy_tissue_PostCon,0.9939147277088582,FGT Enhancement Texture
SER_map_Entropy_tissue_PostCon,SER_map_inverse_difference_is_homom_tissue_PostCon,0.9854660114510703,FGT Enhancement Texture
SER_map_Entropy_tissue_PostCon,SER_map_inverse_difference_normalized_tissue_PostCon,0.9483494871937067,FGT Enhancement Texture
SER_map_Homogeneity1_tissue_PostCon,SER_map_Homogeneity2_tissue_PostCon,0.9992625214918139,FGT Enhancement Texture
SER_map_Homogeneity1_tissue_PostCon,SER_map_Max_Probability_tissue_PostCon,0.9700001322113244,FGT Enhancement Texture
SER_map_Homogeneity1_tissue_PostCon,SER_map_sum_entropy_tissue_PostCon,0.9823172410344411,FGT Enhancement Texture
SER_map_Homogeneity1_tissue_PostCon,SER_map_difference_entropy_tissue_PostCon,0.97584132022176,FGT Enhancement Texture
SER_map_Homogeneity1_tissue_PostCon,SER_map_inverse_difference_is_homom_tissue_PostCon,1.0,FGT Enhancement Texture
SER_map_Homogeneity1_tissue_PostCon,SER_map_inverse_difference_normalized_tissue_PostCon,0.933745068208683,FGT Enhancement Texture
SER_map_Homogeneity2_tissue_PostCon,SER_map_Max_Probability_tissue_PostCon,0.961225592219334,FGT Enhancement Texture
SER_map_Homogeneity2_tissue_PostCon,SER_map_sum_entropy_tissue_PostCon,0.9829344997898612,FGT Enhancement Texture
SER_map_Homogeneity2_tissue_PostCon,SER_map_difference_entropy_tissue_PostCon,0.9788319650014705,FGT Enhancement Texture
SER_map_Homogeneity2_tissue_PostCon,SER_map_inverse_difference_is_homom_tissue_PostCon,0.9992625214918138,FGT Enhancement Texture
SER_map_Homogeneity2_tissue_PostCon,SER_map_inverse_difference_normalized_tissue_PostCon,0.9449767318029325,FGT Enhancement Texture
SER_map_Max_Probability_tissue_PostCon,SER_map_sum_entropy_tissue_PostCon,0.9488986166984604,FGT Enhancement Texture
SER_map_Max_Probability_tissue_PostCon,SER_map_difference_entropy_tissue_PostCon,0.9228047702398627,FGT Enhancement Texture
SER_map_Max_Probability_tissue_PostCon,SER_map_inverse_difference_is_homom_tissue_PostCon,0.9700001322113244,FGT Enhancement Texture
SER_map_Sum_of_Squares_variance_tissue_PostCon,SER_map_sum_average_tissue_PostCon,0.9931458223336797,FGT Enhancement Texture
SER_map_Sum_of_Squares_variance_tissue_PostCon,SER_map_sum_variance__tissue_PostCon,0.9997558067475658,FGT Enhancement Texture
SER_map_sum_average_tissue_PostCon,SER_map_sum_variance__tissue_PostCon,0.99252520122111,FGT Enhancement Texture
SER_map_sum_entropy_tissue_PostCon,SER_map_difference_entropy_tissue_PostCon,0.9955264192781008,FGT Enhancement Texture
SER_map_sum_entropy_tissue_PostCon,SER_map_inverse_difference_is_homom_tissue_PostCon,0.9823172410344413,FGT Enhancement Texture
SER_map_sum_entropy_tissue_PostCon,SER_map_inverse_difference_normalized_tissue_PostCon,0.932125819363253,FGT Enhancement Texture
SER_map_difference_entropy_tissue_PostCon,SER_map_inverse_difference_is_homom_tissue_PostCon,0.9758413202217601,FGT Enhancement Texture
SER_map_difference_entropy_tissue_PostCon,SER_map_inverse_difference_normalized_tissue_PostCon,0.9452948775974065,FGT Enhancement Texture
SER_map_inverse_difference_is_homom_tissue_PostCon,SER_map_inverse_difference_normalized_tissue_PostCon,0.933745068208683,FGT Enhancement Texture
SER_map_inverse_difference_normalized_tissue_PostCon,SER_map_inverse_difference_moment_normalized_tissue_PostCon,0.9297351439873638,FGT Enhancement Texture
PE_map_Autocorrelation_tissue_PostCon,PE_map_Sum_of_Squares_variance_tissue_PostCon,0.9933699747907807,FGT Enhancement Texture
PE_map_Autocorrelation_tissue_PostCon,PE_map_sum_variance__tissue_PostCon,0.9983388655211425,FGT Enhancement Texture
PE_map_Contrast_tissue_PostCon,PE_map_inverse_difference_moment_normalized_tissue_PostCon,0.9980423220237025,FGT Enhancement Texture
PE_map_Correlation1_tissue_PostCon,PE_map_Correlation2_tissue_PostCon,1.0000000000000007,FGT Enhancement Texture
PE_map_Cluster_Prominence_tissue_PostCon,PE_map_Cluster_Shade_tissue_PostCon,0.9885551664430321,FGT Enhancement Texture
PE_map_Dissimilarity_tissue_PostCon,PE_map_Entropy_tissue_PostCon,0.9034354427305178,FGT Enhancement Texture
PE_map_Dissimilarity_tissue_PostCon,PE_map_sum_average_tissue_PostCon,0.9629350967723633,FGT Enhancement Texture
PE_map_Dissimilarity_tissue_PostCon,PE_map_difference_entropy_tissue_PostCon,0.9136920638173518,FGT Enhancement Texture
PE_map_Dissimilarity_tissue_PostCon,PE_map_inverse_difference_normalized_tissue_PostCon,0.999574001113545,FGT Enhancement Texture
PE_map_Energy_tissue_PostCon,PE_map_Max_Probability_tissue_PostCon,0.9822915264294002,FGT Enhancement Texture
PE_map_Energy_tissue_PostCon,PE_map_sum_entropy_tissue_PostCon,0.9067411631748454,FGT Enhancement Texture
PE_map_Entropy_tissue_PostCon,PE_map_Homogeneity1_tissue_PostCon,0.992386554791109,FGT Enhancement Texture
PE_map_Entropy_tissue_PostCon,PE_map_Homogeneity2_tissue_PostCon,0.9930995396788376,FGT Enhancement Texture
PE_map_Entropy_tissue_PostCon,PE_map_Max_Probability_tissue_PostCon,0.9194890563767341,FGT Enhancement Texture
PE_map_Entropy_tissue_PostCon,PE_map_sum_entropy_tissue_PostCon,0.9961211874254093,FGT Enhancement Texture
PE_map_Entropy_tissue_PostCon,PE_map_difference_entropy_tissue_PostCon,0.9952720083336757,FGT Enhancement Texture
PE_map_Entropy_tissue_PostCon,PE_map_inverse_difference_is_homom_tissue_PostCon,0.992386554791109,FGT Enhancement Texture
PE_map_Entropy_tissue_PostCon,PE_map_inverse_difference_normalized_tissue_PostCon,0.9119458796069384,FGT Enhancement Texture
PE_map_Homogeneity1_tissue_PostCon,PE_map_Homogeneity2_tissue_PostCon,0.9993229589485717,FGT Enhancement Texture
PE_map_Homogeneity1_tissue_PostCon,PE_map_Max_Probability_tissue_PostCon,0.9372595884173732,FGT Enhancement Texture
PE_map_Homogeneity1_tissue_PostCon,PE_map_sum_entropy_tissue_PostCon,0.9895198979227079,FGT Enhancement Texture
PE_map_Homogeneity1_tissue_PostCon,PE_map_difference_entropy_tissue_PostCon,0.9909058378129517,FGT Enhancement Texture
PE_map_Homogeneity1_tissue_PostCon,PE_map_inverse_difference_is_homom_tissue_PostCon,1.0,FGT Enhancement Texture
PE_map_Homogeneity2_tissue_PostCon,PE_map_Max_Probability_tissue_PostCon,0.9264614372415726,FGT Enhancement Texture
PE_map_Homogeneity2_tissue_PostCon,PE_map_sum_entropy_tissue_PostCon,0.9876145903685806,FGT Enhancement Texture
PE_map_Homogeneity2_tissue_PostCon,PE_map_difference_entropy_tissue_PostCon,0.9909305000007286,FGT Enhancement Texture
PE_map_Homogeneity2_tissue_PostCon,PE_map_inverse_difference_is_homom_tissue_PostCon,0.9993229589485719,FGT Enhancement Texture
PE_map_Homogeneity2_tissue_PostCon,PE_map_inverse_difference_normalized_tissue_PostCon,0.9000110679027346,FGT Enhancement Texture
PE_map_Max_Probability_tissue_PostCon,PE_map_sum_entropy_tissue_PostCon,0.9411865702788044,FGT Enhancement Texture
PE_map_Max_Probability_tissue_PostCon,PE_map_difference_entropy_tissue_PostCon,0.9120522939438691,FGT Enhancement Texture
PE_map_Max_Probability_tissue_PostCon,PE_map_inverse_difference_is_homom_tissue_PostCon,0.9372595884173733,FGT Enhancement Texture
PE_map_Sum_of_Squares_variance_tissue_PostCon,PE_map_sum_average_tissue_PostCon,0.9048575535252517,FGT Enhancement Texture
PE_map_Sum_of_Squares_variance_tissue_PostCon,PE_map_sum_variance__tissue_PostCon,0.9951874169469371,FGT Enhancement Texture
PE_map_sum_average_tissue_PostCon,PE_map_inverse_difference_normalized_tissue_PostCon,0.9656823524477405,FGT Enhancement Texture
PE_map_sum_entropy_tissue_PostCon,PE_map_difference_entropy_tissue_PostCon,0.9934364326856011,FGT Enhancement Texture
PE_map_sum_entropy_tissue_PostCon,PE_map_inverse_difference_is_homom_tissue_PostCon,0.9895198979227079,FGT Enhancement Texture
PE_map_difference_entropy_tissue_PostCon,PE_map_inverse_difference_is_homom_tissue_PostCon,0.9909058378129519,FGT Enhancement Texture
PE_map_difference_entropy_tissue_PostCon,PE_map_inverse_difference_normalized_tissue_PostCon,0.9210046053534984,FGT Enhancement Texture
WashinRate_map_Autocorrelation_tissue_PostCon,WashinRate_map_Sum_of_Squares_variance_tissue_PostCon,0.9973437778710632,FGT Enhancement Texture
WashinRate_map_Autocorrelation_tissue_PostCon,WashinRate_map_sum_average_tissue_PostCon,0.9823196378465978,FGT Enhancement Texture
WashinRate_map_Autocorrelation_tissue_PostCon,WashinRate_map_sum_variance__tissue_PostCon,0.9999629250364954,FGT Enhancement Texture
WashinRate_map_Contrast_tissue_PostCon,WashinRate_map_Dissimilarity_tissue_PostCon,0.9634307314738906,FGT Enhancement Texture
WashinRate_map_Contrast_tissue_PostCon,WashinRate_map_inverse_difference_normalized_tissue_PostCon,0.9515447644230102,FGT Enhancement Texture
WashinRate_map_Contrast_tissue_PostCon,WashinRate_map_inverse_difference_moment_normalized_tissue_PostCon,0.9997392204766387,FGT Enhancement Texture
WashinRate_map_Correlation1_tissue_PostCon,WashinRate_map_Correlation2_tissue_PostCon,0.9999999999999997,FGT Enhancement Texture
WashinRate_map_Cluster_Prominence_tissue_PostCon,WashinRate_map_Cluster_Shade_tissue_PostCon,0.9293471012616881,FGT Enhancement Texture
WashinRate_map_Dissimilarity_tissue_PostCon,WashinRate_map_sum_entropy_tissue_PostCon,0.9025751131537377,FGT Enhancement Texture
WashinRate_map_Dissimilarity_tissue_PostCon,WashinRate_map_difference_entropy_tissue_PostCon,0.9654394961006256,FGT Enhancement Texture
WashinRate_map_Dissimilarity_tissue_PostCon,WashinRate_map_inverse_difference_normalized_tissue_PostCon,0.9991447321146195,FGT Enhancement Texture
WashinRate_map_Dissimilarity_tissue_PostCon,WashinRate_map_inverse_difference_moment_normalized_tissue_PostCon,0.9686240127555383,FGT Enhancement Texture
WashinRate_map_Energy_tissue_PostCon,WashinRate_map_Entropy_tissue_PostCon,0.9042295022935545,FGT Enhancement Texture
WashinRate_map_Energy_tissue_PostCon,WashinRate_map_Max_Probability_tissue_PostCon,0.9692236548925195,FGT Enhancement Texture
WashinRate_map_Entropy_tissue_PostCon,WashinRate_map_Max_Probability_tissue_PostCon,0.90893413533695,FGT Enhancement Texture
WashinRate_map_Entropy_tissue_PostCon,WashinRate_map_sum_entropy_tissue_PostCon,0.9529417488897182,FGT Enhancement Texture
WashinRate_map_Homogeneity1_tissue_PostCon,WashinRate_map_Homogeneity2_tissue_PostCon,0.9943078501239963,FGT Enhancement Texture
WashinRate_map_Homogeneity1_tissue_PostCon,WashinRate_map_difference_entropy_tissue_PostCon,0.9689173686381145,FGT Enhancement Texture
WashinRate_map_Homogeneity1_tissue_PostCon,WashinRate_map_inverse_difference_is_homom_tissue_PostCon,1.0,FGT Enhancement Texture
WashinRate_map_Homogeneity1_tissue_PostCon,WashinRate_map_inverse_difference_normalized_tissue_PostCon,0.9128863144513597,FGT Enhancement Texture
WashinRate_map_Homogeneity2_tissue_PostCon,WashinRate_map_difference_entropy_tissue_PostCon,0.9427369970727048,FGT Enhancement Texture
WashinRate_map_Homogeneity2_tissue_PostCon,WashinRate_map_inverse_difference_is_homom_tissue_PostCon,0.9943078501239963,FGT Enhancement Texture
WashinRate_map_Sum_of_Squares_variance_tissue_PostCon,WashinRate_map_sum_average_tissue_PostCon,0.9820635275729165,FGT Enhancement Texture
WashinRate_map_Sum_of_Squares_variance_tissue_PostCon,WashinRate_map_sum_variance__tissue_PostCon,0.997691823340882,FGT Enhancement Texture
WashinRate_map_sum_average_tissue_PostCon,WashinRate_map_sum_variance__tissue_PostCon,0.9815403339936353,FGT Enhancement Texture
WashinRate_map_sum_entropy_tissue_PostCon,WashinRate_map_difference_entropy_tissue_PostCon,0.935154903918379,FGT Enhancement Texture
WashinRate_map_sum_entropy_tissue_PostCon,WashinRate_map_inverse_difference_normalized_tissue_PostCon,0.9069126720300338,FGT Enhancement Texture
WashinRate_map_difference_entropy_tissue_PostCon,WashinRate_map_inverse_difference_is_homom_tissue_PostCon,0.9689173686381145,FGT Enhancement Texture
WashinRate_map_difference_entropy_tissue_PostCon,WashinRate_map_inverse_difference_normalized_tissue_PostCon,0.9728814063181415,FGT Enhancement Texture
WashinRate_map_information_measure_correlation1_tissue_PostCon,WashinRate_map_information_measure_correlation2_tissue_PostCon,0.9413299931536929,FGT Enhancement Texture
WashinRate_map_inverse_difference_is_homom_tissue_PostCon,WashinRate_map_inverse_difference_normalized_tissue_PostCon,0.9128863144513597,FGT Enhancement Texture
WashinRate_map_inverse_difference_normalized_tissue_PostCon,WashinRate_map_inverse_difference_moment_normalized_tissue_PostCon,0.9575203656775715,FGT Enhancement Texture
Grouping_based_variance_of_peak_enhancement_slope_3D_tissue_T1_Group_1,Grouping_based_variance_of_washin_slope_3D_tissue_T1_Group_1,1.0,FGT Enhancement Variation
Grouping_based_variance_of_peak_enhancement_slope_3D_tissue_T1_Group_1,Grouping_based_variance_of_washout_slope_3D_tissue_T1_Group_1,0.9136540020496262,FGT Enhancement Variation
Grouping_based_variance_of_peak_enhancement_slope_3D_tissue_T1_Group_2,Grouping_based_variance_of_washin_slope_3D_tissue_T1_Group_2,0.9711095074972139,FGT Enhancement Variation
Grouping_based_variance_of_peak_enhancement_slope_3D_tissue_T1_Group_3,Grouping_based_variance_of_washin_slope_3D_tissue_T1_Group_3,0.9365629738159043,FGT Enhancement Variation
Grouping_based_variance_of_washin_slope_3D_tissue_T1_Group_1,Grouping_based_variance_of_washout_slope_3D_tissue_T1_Group_1,0.9136540020496262,FGT Enhancement Variation
Grouping_based_variance_of_peak_enhancement_slope_3D_tissue_PostCon_Group_1,Grouping_based_variance_of_washin_slope_3D_tissue_PostCon_Group_1,1.0,FGT Enhancement Variation
Grouping_based_variance_of_peak_enhancement_slope_3D_tissue_PostCon_Group_1,Grouping_based_variance_of_washout_slope_3D_tissue_PostCon_Group_1,0.9148165160046414,FGT Enhancement Variation
Grouping_based_variance_of_peak_enhancement_slope_3D_tissue_PostCon_Group_2,Grouping_based_variance_of_washin_slope_3D_tissue_PostCon_Group_2,0.983370828619237,FGT Enhancement Variation
Grouping_based_variance_of_peak_enhancement_slope_3D_tissue_PostCon_Group_3,Grouping_based_variance_of_washin_slope_3D_tissue_PostCon_Group_3,0.9530224577200516,FGT Enhancement Variation
Grouping_based_variance_of_washin_slope_3D_tissue_PostCon_Group_1,Grouping_based_variance_of_washout_slope_3D_tissue_PostCon_Group_1,0.9148165160046414,FGT Enhancement Variation
SER_map_std_dev_tissue_T1,SER_map_std_dev_tissue_PostCon,0.9390864297099748,FGT Enhancement Variation
WashinRate_map_std_dev_tissue_T1,WashinRate_map_std_dev_tissue_PostCon,0.975220645850707,FGT Enhancement Variation
PE_map_skewness_tissue_PostCon,PE_map_kurtosis_tissue_PostCon,0.9102823938823509,FGT Enhancement Variation
Grouping_based_mean_of_peak_enhancement_slope_3D_tumor_Group_1,Grouping_based_mean_of_washin_slope_3D_tumor_Group_1,1.0,Tumor Enhancement
Grouping_based_mean_of_peak_enhancement_slope_3D_tumor_Group_2,Grouping_based_mean_of_washin_slope_3D_tumor_Group_2,0.9728648745765768,Tumor Enhancement
Grouping_based_mean_of_peak_enhancement_slope_3D_tumor_Group_2,PE_map_mean_tumor,0.9044363664329693,Tumor Enhancement
Grouping_based_mean_of_peak_enhancement_slope_3D_tumor_Group_3,Grouping_based_mean_of_washin_slope_3D_tumor_Group_3,0.9549208645938089,Tumor Enhancement
Grouping_based_proportion_of_tumor_voxels_3D_tumor_Group_1,Grouping_based_proportion_of_tumor_voxels_2D_tumorSlice_Group_1,0.9339279472637695,Tumor Enhancement
Grouping_based_proportion_of_tumor_voxels_3D_tumor_Group_2,Grouping_based_proportion_of_tumor_voxels_2D_tumorSlice_Group_2,0.9225289615996907,Tumor Enhancement
Grouping_based_proportion_of_tumor_voxels_3D_tumor_Group_3,Grouping_based_proportion_of_tumor_voxels_2D_tumorSlice_Group_3,0.9339483172561714,Tumor Enhancement
Grouping_based_mean_of_peak_enhancement_slope_2D_tumorSlice_Group_1,Grouping_based_mean_of_washin_slope_2D_tumorSlice_Group_1,1.0,Tumor Enhancement
Grouping_based_mean_of_peak_enhancement_slope_2D_tumorSlice_Group_2,Grouping_based_mean_of_washin_slope_2D_tumorSlice_Group_2,0.9663256282511055,Tumor Enhancement
Grouping_based_mean_of_peak_enhancement_slope_2D_tumorSlice_Group_3,Grouping_based_mean_of_washin_slope_2D_tumorSlice_Group_3,0.9876660360402418,Tumor Enhancement
SER_Total_tumor_vol_cu_mm,SER_Partial_tumor_vol_cu_mm,0.9290767794523485,Tumor Enhancement
Autocorrelation_Tumor,Max_probability_Tumor,0.9045830724393594,Tumor Enhancement Texture
Autocorrelation_Tumor,Sum_of_squares_variance_Tumor,0.9948710379895057,Tumor Enhancement Texture
Autocorrelation_Tumor,Sum_avg_Tumor,0.9874786841863848,Tumor Enhancement Texture
Autocorrelation_Tumor,Sum_variance_Tumor,0.9985643430927126,Tumor Enhancement Texture
Contrast_Tumor,Dissimilarity_Tumor,0.9831603941537536,Tumor Enhancement Texture
Contrast_Tumor,Inv_Diff_normalized_Tumor,0.9669952376973449,Tumor Enhancement Texture
Contrast_Tumor,Inv_diff_moment_normalized_Tumor,0.9976907957361857,Tumor Enhancement Texture
Correlation1_Tumor,Correlation2_Tumor,1.0000000000000002,Tumor Enhancement Texture
Dissimilarity_Tumor,Homogeneity1_Tumor,0.9371261738591246,Tumor Enhancement Texture
Dissimilarity_Tumor,Homogeneity2_Tumor,0.9322772900589915,Tumor Enhancement Texture
Dissimilarity_Tumor,Diff_entropy_Tumor,0.9348148355939555,Tumor Enhancement Texture
Dissimilarity_Tumor,Inv_Diff_homo_Tumor,0.9371261738591246,Tumor Enhancement Texture
Dissimilarity_Tumor,Inv_Diff_normalized_Tumor,0.9972384334847262,Tumor Enhancement Texture
Dissimilarity_Tumor,Inv_diff_moment_normalized_Tumor,0.9920178367667272,Tumor Enhancement Texture
Energy_Tumor,Entropy_Tumor,0.9940637914666629,Tumor Enhancement Texture
Energy_Tumor,Homogeneity1_Tumor,0.9678099532187339,Tumor Enhancement Texture
Energy_Tumor,Homogeneity2_Tumor,0.969647532133784,Tumor Enhancement Texture
Energy_Tumor,Max_probability_Tumor,0.9942479166217553,Tumor Enhancement Texture
Energy_Tumor,Sum_avg_Tumor,0.942088103502696,Tumor Enhancement Texture
Energy_Tumor,Sum_entropy_Tumor,0.9961829978072546,Tumor Enhancement Texture
Energy_Tumor,Diff_entropy_Tumor,0.9676857082961529,Tumor Enhancement Texture
Energy_Tumor,Inv_Diff_homo_Tumor,0.9678099532187339,Tumor Enhancement Texture
Entropy_Tumor,Homogeneity1_Tumor,0.9830298939309939,Tumor Enhancement Texture
Entropy_Tumor,Homogeneity2_Tumor,0.984751512959993,Tumor Enhancement Texture
Entropy_Tumor,Max_probability_Tumor,0.9925007232675879,Tumor Enhancement Texture
Entropy_Tumor,Sum_of_squares_variance_Tumor,0.9069193610958814,Tumor Enhancement Texture
Entropy_Tumor,Sum_avg_Tumor,0.9500798610874379,Tumor Enhancement Texture
Entropy_Tumor,Sum_entropy_Tumor,0.9990802006305944,Tumor Enhancement Texture
Entropy_Tumor,Diff_entropy_Tumor,0.9828160745024327,Tumor Enhancement Texture
Entropy_Tumor,Inv_Diff_homo_Tumor,0.9830298939309939,Tumor Enhancement Texture
Homogeneity1_Tumor,Homogeneity2_Tumor,0.9998736606702271,Tumor Enhancement Texture
Homogeneity1_Tumor,Max_probability_Tumor,0.974594754798554,Tumor Enhancement Texture
Homogeneity1_Tumor,Sum_of_squares_variance_Tumor,0.9007503857138043,Tumor Enhancement Texture
Homogeneity1_Tumor,Sum_avg_Tumor,0.9322281573212278,Tumor Enhancement Texture
Homogeneity1_Tumor,Sum_entropy_Tumor,0.9811585073892448,Tumor Enhancement Texture
Homogeneity1_Tumor,Diff_entropy_Tumor,0.995175076621859,Tumor Enhancement Texture
Homogeneity1_Tumor,Inv_Diff_homo_Tumor,1.0,Tumor Enhancement Texture
Homogeneity1_Tumor,Inv_Diff_normalized_Tumor,0.9568463822212045,Tumor Enhancement Texture
Homogeneity2_Tumor,Max_probability_Tumor,0.9761796361729417,Tumor Enhancement Texture
Homogeneity2_Tumor,Sum_of_squares_variance_Tumor,0.9003462368181571,Tumor Enhancement Texture
Homogeneity2_Tumor,Sum_avg_Tumor,0.9329649773121708,Tumor Enhancement Texture
Homogeneity2_Tumor,Sum_entropy_Tumor,0.9825894975757236,Tumor Enhancement Texture
Homogeneity2_Tumor,Diff_entropy_Tumor,0.9950222123789529,Tumor Enhancement Texture
Homogeneity2_Tumor,Inv_Diff_homo_Tumor,0.9998736606702271,Tumor Enhancement Texture
Homogeneity2_Tumor,Inv_Diff_normalized_Tumor,0.9529179312133058,Tumor Enhancement Texture
Max_probability_Tumor,Sum_of_squares_variance_Tumor,0.9137746104375565,Tumor Enhancement Texture
Max_probability_Tumor,Sum_avg_Tumor,0.957575716154466,Tumor Enhancement Texture
Max_probability_Tumor,Sum_variance_Tumor,0.901387615617973,Tumor Enhancement Texture
Max_probability_Tumor,Sum_entropy_Tumor,0.9925883392646104,Tumor Enhancement Texture
Max_probability_Tumor,Diff_entropy_Tumor,0.9651468485997764,Tumor Enhancement Texture
Max_probability_Tumor,Inv_Diff_homo_Tumor,0.974594754798554,Tumor Enhancement Texture
Sum_of_squares_variance_Tumor,Sum_avg_Tumor,0.9896725722324958,Tumor Enhancement Texture
Sum_of_squares_variance_Tumor,Sum_variance_Tumor,0.9980535254957524,Tumor Enhancement Texture
Sum_of_squares_variance_Tumor,Sum_entropy_Tumor,0.904290478368112,Tumor Enhancement Texture
Sum_of_squares_variance_Tumor,Inv_Diff_homo_Tumor,0.9007503857138043,Tumor Enhancement Texture
Sum_avg_Tumor,Sum_variance_Tumor,0.9867754368911196,Tumor Enhancement Texture
Sum_avg_Tumor,Sum_entropy_Tumor,0.9479560717100589,Tumor Enhancement Texture
Sum_avg_Tumor,Diff_entropy_Tumor,0.9214001533825695,Tumor Enhancement Texture
Sum_avg_Tumor,Inv_Diff_homo_Tumor,0.9322281573212274,Tumor Enhancement Texture
Sum_entropy_Tumor,Diff_entropy_Tumor,0.9821114724865796,Tumor Enhancement Texture
Sum_entropy_Tumor,Inv_Diff_homo_Tumor,0.9811585073892448,Tumor Enhancement Texture
Diff_entropy_Tumor,Inv_Diff_homo_Tumor,0.995175076621859,Tumor Enhancement Texture
Diff_entropy_Tumor,Inv_Diff_normalized_Tumor,0.9553469192796532,Tumor Enhancement Texture
Inv_Diff_homo_Tumor,Inv_Diff_normalized_Tumor,0.9568463822212045,Tumor Enhancement Texture
Inv_Diff_normalized_Tumor,Inv_diff_moment_normalized_Tumor,0.9799714089045208,Tumor Enhancement Texture
Mean_norm_DHOG_max_timepoint_binsize_2_without_filling_Tumor,Mean_norm_DHOG_max_timepoint_binsize_2_with_filling_Tumor,0.9907774453152555,Tumor Enhancement Texture
Mean_norm_DHOG_max_timepoint_binsize_4_without_filling_Tumor,Mean_norm_DHOG_max_timepoint_binsize_6_without_filling_Tumor,0.9857079997130116,Tumor Enhancement Texture
Mean_norm_DHOG_max_timepoint_binsize_4_without_filling_Tumor,Mean_norm_DHOG_max_timepoint_binsize_8_without_filling_Tumor,0.9890748287547594,Tumor Enhancement Texture
Mean_norm_DHOG_max_timepoint_binsize_4_without_filling_Tumor,Mean_norm_DHOG_max_timepoint_binsize_10_without_filling_Tumor,0.9853279026253213,Tumor Enhancement Texture
Mean_norm_DHOG_max_timepoint_binsize_4_without_filling_Tumor,Mean_norm_DHOG_max_timepoint_binsize_4_with_filling_Tumor,0.9913067512214594,Tumor Enhancement Texture
Mean_norm_DHOG_max_timepoint_binsize_4_without_filling_Tumor,Mean_norm_DHOG_max_timepoint_binsize_6_with_filling_Tumor,0.9760552703688892,Tumor Enhancement Texture
Mean_norm_DHOG_max_timepoint_binsize_4_without_filling_Tumor,Mean_norm_DHOG_max_timepoint_binsize_8_with_filling_Tumor,0.9794608567604077,Tumor Enhancement Texture
Mean_norm_DHOG_max_timepoint_binsize_4_without_filling_Tumor,Mean_norm_DHOG_max_timepoint_binsize_10_with_filling_Tumor,0.975954266412454,Tumor Enhancement Texture
Mean_norm_DHOG_max_timepoint_binsize_6_without_filling_Tumor,Mean_norm_DHOG_max_timepoint_binsize_8_without_filling_Tumor,0.9933280400246173,Tumor Enhancement Texture
Mean_norm_DHOG_max_timepoint_binsize_6_without_filling_Tumor,Mean_norm_DHOG_max_timepoint_binsize_10_without_filling_Tumor,0.9929987908239857,Tumor Enhancement Texture
Mean_norm_DHOG_max_timepoint_binsize_6_without_filling_Tumor,Mean_norm_DHOG_max_timepoint_binsize_4_with_filling_Tumor,0.9773783356365761,Tumor Enhancement Texture
Mean_norm_DHOG_max_timepoint_binsize_6_without_filling_Tumor,Mean_norm_DHOG_max_timepoint_binsize_6_with_filling_Tumor,0.9912828623593517,Tumor Enhancement Texture
Mean_norm_DHOG_max_timepoint_binsize_6_without_filling_Tumor,Mean_norm_DHOG_max_timepoint_binsize_8_with_filling_Tumor,0.9842582143555607,Tumor Enhancement Texture
Mean_norm_DHOG_max_timepoint_binsize_6_without_filling_Tumor,Mean_norm_DHOG_max_timepoint_binsize_10_with_filling_Tumor,0.9842229121121984,Tumor Enhancement Texture
Mean_norm_DHOG_max_timepoint_binsize_8_without_filling_Tumor,Mean_norm_DHOG_max_timepoint_binsize_10_without_filling_Tumor,0.9955932130839705,Tumor Enhancement Texture
Mean_norm_DHOG_max_timepoint_binsize_8_without_filling_Tumor,Mean_norm_DHOG_max_timepoint_binsize_4_with_filling_Tumor,0.981047047524309,Tumor Enhancement Texture
Mean_norm_DHOG_max_timepoint_binsize_8_without_filling_Tumor,Mean_norm_DHOG_max_timepoint_binsize_6_with_filling_Tumor,0.9847990837517895,Tumor Enhancement Texture
Mean_norm_DHOG_max_timepoint_binsize_8_without_filling_Tumor,Mean_norm_DHOG_max_timepoint_binsize_8_with_filling_Tumor,0.9911913576059365,Tumor Enhancement Texture
Mean_norm_DHOG_max_timepoint_binsize_8_without_filling_Tumor,Mean_norm_DHOG_max_timepoint_binsize_10_with_filling_Tumor,0.9871919964085154,Tumor Enhancement Texture
Mean_norm_DHOG_max_timepoint_binsize_10_without_filling_Tumor,Mean_norm_DHOG_max_timepoint_binsize_4_with_filling_Tumor,0.97679216167162,Tumor Enhancement Texture
Mean_norm_DHOG_max_timepoint_binsize_10_without_filling_Tumor,Mean_norm_DHOG_max_timepoint_binsize_6_with_filling_Tumor,0.9840305365351364,Tumor Enhancement Texture
Mean_norm_DHOG_max_timepoint_binsize_10_without_filling_Tumor,Mean_norm_DHOG_max_timepoint_binsize_8_with_filling_Tumor,0.9862809292953215,Tumor Enhancement Texture
Mean_norm_DHOG_max_timepoint_binsize_10_without_filling_Tumor,Mean_norm_DHOG_max_timepoint_binsize_10_with_filling_Tumor,0.9910580149797368,Tumor Enhancement Texture
Mean_norm_DLBP_max_timepoint_binsize_8_without_filling_Tumor,Mean_norm_DLBP_max_timepoint_binsize_16_without_filling_Tumor,0.9983953384685198,Tumor Enhancement Texture
Mean_norm_DLBP_max_timepoint_binsize_8_without_filling_Tumor,Mean_norm_DLBP_max_timepoint_binsize_33_without_filling_Tumor,0.9978066691290332,Tumor Enhancement Texture
Mean_norm_DLBP_max_timepoint_binsize_8_without_filling_Tumor,Mean_norm_DLBP_max_timepoint_binsize_64_without_filling_Tumor,0.9979337193831616,Tumor Enhancement Texture
Mean_norm_DLBP_max_timepoint_binsize_8_without_filling_Tumor,Mean_norm_DLBP_max_timepoint_binsize_128_without_filling_Tumor,0.9975199336481213,Tumor Enhancement Texture
Mean_norm_DLBP_max_timepoint_binsize_8_without_filling_Tumor,Mean_norm_DLBP_max_timepoint_binsize_256_without_filling_Tumor,0.9973876911640355,Tumor Enhancement Texture
Mean_norm_DLBP_max_timepoint_binsize_8_without_filling_Tumor,Mean_norm_DLBP_max_timepoint_binsize_8_with_filling_Tumor,0.9821611626262069,Tumor Enhancement Texture
Mean_norm_DLBP_max_timepoint_binsize_8_without_filling_Tumor,Mean_norm_DLBP_max_timepoint_binsize_16_with_filling_Tumor,0.9795463985759376,Tumor Enhancement Texture
Mean_norm_DLBP_max_timepoint_binsize_8_without_filling_Tumor,Mean_norm_DLBP_max_timepoint_binsize_33_with_filling_Tumor,0.9766441224337814,Tumor Enhancement Texture
Mean_norm_DLBP_max_timepoint_binsize_8_without_filling_Tumor,Mean_norm_DLBP_max_timepoint_binsize_64_with_filling_Tumor,0.9774660723715152,Tumor Enhancement Texture
Mean_norm_DLBP_max_timepoint_binsize_8_without_filling_Tumor,Mean_norm_DLBP_max_timepoint_binsize_128_with_filling_Tumor,0.9766331031799947,Tumor Enhancement Texture
Mean_norm_DLBP_max_timepoint_binsize_16_without_filling_Tumor,Mean_norm_DLBP_max_timepoint_binsize_33_without_filling_Tumor,0.9991971571364041,Tumor Enhancement Texture
Mean_norm_DLBP_max_timepoint_binsize_16_without_filling_Tumor,Mean_norm_DLBP_max_timepoint_binsize_64_without_filling_Tumor,0.9994667014964767,Tumor Enhancement Texture
Mean_norm_DLBP_max_timepoint_binsize_16_without_filling_Tumor,Mean_norm_DLBP_max_timepoint_binsize_128_without_filling_Tumor,0.9992647838264249,Tumor Enhancement Texture
Mean_norm_DLBP_max_timepoint_binsize_16_without_filling_Tumor,Mean_norm_DLBP_max_timepoint_binsize_256_without_filling_Tumor,0.9991291081965423,Tumor Enhancement Texture
Mean_norm_DLBP_max_timepoint_binsize_16_without_filling_Tumor,Mean_norm_DLBP_max_timepoint_binsize_8_with_filling_Tumor,0.9815487121444959,Tumor Enhancement Texture
Mean_norm_DLBP_max_timepoint_binsize_16_without_filling_Tumor,Mean_norm_DLBP_max_timepoint_binsize_16_with_filling_Tumor,0.9820279776535108,Tumor Enhancement Texture
Mean_norm_DLBP_max_timepoint_binsize_16_without_filling_Tumor,Mean_norm_DLBP_max_timepoint_binsize_33_with_filling_Tumor,0.9789309892843441,Tumor Enhancement Texture
Mean_norm_DLBP_max_timepoint_binsize_16_without_filling_Tumor,Mean_norm_DLBP_max_timepoint_binsize_64_with_filling_Tumor,0.9798803261989463,Tumor Enhancement Texture
Mean_norm_DLBP_max_timepoint_binsize_16_without_filling_Tumor,Mean_norm_DLBP_max_timepoint_binsize_128_with_filling_Tumor,0.9792485803200193,Tumor Enhancement Texture
Mean_norm_DLBP_max_timepoint_binsize_33_without_filling_Tumor,Mean_norm_DLBP_max_timepoint_binsize_64_without_filling_Tumor,0.999843347591847,Tumor Enhancement Texture
Mean_norm_DLBP_max_timepoint_binsize_33_without_filling_Tumor,Mean_norm_DLBP_max_timepoint_binsize_128_without_filling_Tumor,0.9998629006608356,Tumor Enhancement Texture
Mean_norm_DLBP_max_timepoint_binsize_33_without_filling_Tumor,Mean_norm_DLBP_max_timepoint_binsize_256_without_filling_Tumor,0.9998571703988703,Tumor Enhancement Texture
Mean_norm_DLBP_max_timepoint_binsize_33_without_filling_Tumor,Mean_norm_DLBP_max_timepoint_binsize_8_with_filling_Tumor,0.9820575698518188,Tumor Enhancement Texture
Mean_norm_DLBP_max_timepoint_binsize_33_without_filling_Tumor,Mean_norm_DLBP_max_timepoint_binsize_16_with_filling_Tumor,0.9823229967812812,Tumor Enhancement Texture
Mean_norm_DLBP_max_timepoint_binsize_33_without_filling_Tumor,Mean_norm_DLBP_max_timepoint_binsize_33_with_filling_Tumor,0.9807701448178002,Tumor Enhancement Texture
Mean_norm_DLBP_max_timepoint_binsize_33_without_filling_Tumor,Mean_norm_DLBP_max_timepoint_binsize_64_with_filling_Tumor,0.9813179645183322,Tumor Enhancement Texture
Mean_norm_DLBP_max_timepoint_binsize_33_without_filling_Tumor,Mean_norm_DLBP_max_timepoint_binsize_128_with_filling_Tumor,0.9808989248855531,Tumor Enhancement Texture
Mean_norm_DLBP_max_timepoint_binsize_64_without_filling_Tumor,Mean_norm_DLBP_max_timepoint_binsize_128_without_filling_Tumor,0.9999658530427374,Tumor Enhancement Texture
Mean_norm_DLBP_max_timepoint_binsize_64_without_filling_Tumor,Mean_norm_DLBP_max_timepoint_binsize_256_without_filling_Tumor,0.9999387542368249,Tumor Enhancement Texture
Mean_norm_DLBP_max_timepoint_binsize_64_without_filling_Tumor,Mean_norm_DLBP_max_timepoint_binsize_8_with_filling_Tumor,0.9820085713455324,Tumor Enhancement Texture
Mean_norm_DLBP_max_timepoint_binsize_64_without_filling_Tumor,Mean_norm_DLBP_max_timepoint_binsize_16_with_filling_Tumor,0.9824140647924788,Tumor Enhancement Texture
Mean_norm_DLBP_max_timepoint_binsize_64_without_filling_Tumor,Mean_norm_DLBP_max_timepoint_binsize_33_with_filling_Tumor,0.9804578653103588,Tumor Enhancement Texture
Mean_norm_DLBP_max_timepoint_binsize_64_without_filling_Tumor,Mean_norm_DLBP_max_timepoint_binsize_64_with_filling_Tumor,0.9812971490771217,Tumor Enhancement Texture
Mean_norm_DLBP_max_timepoint_binsize_64_without_filling_Tumor,Mean_norm_DLBP_max_timepoint_binsize_128_with_filling_Tumor,0.98082633420905,Tumor Enhancement Texture
Mean_norm_DLBP_max_timepoint_binsize_128_without_filling_Tumor,Mean_norm_DLBP_max_timepoint_binsize_256_without_filling_Tumor,0.9999914567557252,Tumor Enhancement Texture
Mean_norm_DLBP_max_timepoint_binsize_128_without_filling_Tumor,Mean_norm_DLBP_max_timepoint_binsize_8_with_filling_Tumor,0.9818918237874198,Tumor Enhancement Texture
Mean_norm_DLBP_max_timepoint_binsize_128_without_filling_Tumor,Mean_norm_DLBP_max_timepoint_binsize_16_with_filling_Tumor,0.9825001150889502,Tumor Enhancement Texture
Mean_norm_DLBP_max_timepoint_binsize_128_without_filling_Tumor,Mean_norm_DLBP_max_timepoint_binsize_33_with_filling_Tumor,0.9807577173445876,Tumor Enhancement Texture
Mean_norm_DLBP_max_timepoint_binsize_128_without_filling_Tumor,Mean_norm_DLBP_max_timepoint_binsize_64_with_filling_Tumor,0.9815456449961748,Tumor Enhancement Texture
Mean_norm_DLBP_max_timepoint_binsize_128_without_filling_Tumor,Mean_norm_DLBP_max_timepoint_binsize_128_with_filling_Tumor,0.9811403041604186,Tumor Enhancement Texture
Mean_norm_DLBP_max_timepoint_binsize_256_without_filling_Tumor,Mean_norm_DLBP_max_timepoint_binsize_8_with_filling_Tumor,0.9818522242903558,Tumor Enhancement Texture
Mean_norm_DLBP_max_timepoint_binsize_256_without_filling_Tumor,Mean_norm_DLBP_max_timepoint_binsize_16_with_filling_Tumor,0.9824561556973487,Tumor Enhancement Texture
Mean_norm_DLBP_max_timepoint_binsize_256_without_filling_Tumor,Mean_norm_DLBP_max_timepoint_binsize_33_with_filling_Tumor,0.9808369973177479,Tumor Enhancement Texture
Mean_norm_DLBP_max_timepoint_binsize_256_without_filling_Tumor,Mean_norm_DLBP_max_timepoint_binsize_64_with_filling_Tumor,0.9816055872576736,Tumor Enhancement Texture
Mean_norm_DLBP_max_timepoint_binsize_256_without_filling_Tumor,Mean_norm_DLBP_max_timepoint_binsize_128_with_filling_Tumor,0.9812177931193091,Tumor Enhancement Texture
Mean_norm_DHOG_max_timepoint_binsize_4_with_filling_Tumor,Mean_norm_DHOG_max_timepoint_binsize_6_with_filling_Tumor,0.9847456827665705,Tumor Enhancement Texture
Mean_norm_DHOG_max_timepoint_binsize_4_with_filling_Tumor,Mean_norm_DHOG_max_timepoint_binsize_8_with_filling_Tumor,0.9886916492650722,Tumor Enhancement Texture
Mean_norm_DHOG_max_timepoint_binsize_4_with_filling_Tumor,Mean_norm_DHOG_max_timepoint_binsize_10_with_filling_Tumor,0.9847509966429252,Tumor Enhancement Texture
Mean_norm_DHOG_max_timepoint_binsize_6_with_filling_Tumor,Mean_norm_DHOG_max_timepoint_binsize_8_with_filling_Tumor,0.9929551770022629,Tumor Enhancement Texture
Mean_norm_DHOG_max_timepoint_binsize_6_with_filling_Tumor,Mean_norm_DHOG_max_timepoint_binsize_10_with_filling_Tumor,0.9926673858626381,Tumor Enhancement Texture
Mean_norm_DHOG_max_timepoint_binsize_8_with_filling_Tumor,Mean_norm_DHOG_max_timepoint_binsize_10_with_filling_Tumor,0.9954866808055186,Tumor Enhancement Texture
Mean_norm_DLBP_max_timepoint_binsize_8_with_filling_Tumor,Mean_norm_DLBP_max_timepoint_binsize_16_with_filling_Tumor,0.998481155634999,Tumor Enhancement Texture
Mean_norm_DLBP_max_timepoint_binsize_8_with_filling_Tumor,Mean_norm_DLBP_max_timepoint_binsize_33_with_filling_Tumor,0.9978014762717301,Tumor Enhancement Texture
Mean_norm_DLBP_max_timepoint_binsize_8_with_filling_Tumor,Mean_norm_DLBP_max_timepoint_binsize_64_with_filling_Tumor,0.9980125021891861,Tumor Enhancement Texture
Mean_norm_DLBP_max_timepoint_binsize_8_with_filling_Tumor,Mean_norm_DLBP_max_timepoint_binsize_128_with_filling_Tumor,0.9976129843901549,Tumor Enhancement Texture
Mean_norm_DLBP_max_timepoint_binsize_8_with_filling_Tumor,Mean_norm_DLBP_max_timepoint_binsize_256_with_filling_Tumor,0.9161429860427762,Tumor Enhancement Texture
Mean_norm_DLBP_max_timepoint_binsize_16_with_filling_Tumor,Mean_norm_DLBP_max_timepoint_binsize_33_with_filling_Tumor,0.9991456775307812,Tumor Enhancement Texture
Mean_norm_DLBP_max_timepoint_binsize_16_with_filling_Tumor,Mean_norm_DLBP_max_timepoint_binsize_64_with_filling_Tumor,0.9994778378269654,Tumor Enhancement Texture
Mean_norm_DLBP_max_timepoint_binsize_16_with_filling_Tumor,Mean_norm_DLBP_max_timepoint_binsize_128_with_filling_Tumor,0.9992791649778305,Tumor Enhancement Texture
Mean_norm_DLBP_max_timepoint_binsize_16_with_filling_Tumor,Mean_norm_DLBP_max_timepoint_binsize_256_with_filling_Tumor,0.9190199180003777,Tumor Enhancement Texture
Mean_norm_DLBP_max_timepoint_binsize_33_with_filling_Tumor,Mean_norm_DLBP_max_timepoint_binsize_64_with_filling_Tumor,0.9997885681159344,Tumor Enhancement Texture
Mean_norm_DLBP_max_timepoint_binsize_33_with_filling_Tumor,Mean_norm_DLBP_max_timepoint_binsize_128_with_filling_Tumor,0.9998078352966424,Tumor Enhancement Texture
Mean_norm_DLBP_max_timepoint_binsize_33_with_filling_Tumor,Mean_norm_DLBP_max_timepoint_binsize_256_with_filling_Tumor,0.9226747083158113,Tumor Enhancement Texture
Mean_norm_DLBP_max_timepoint_binsize_64_with_filling_Tumor,Mean_norm_DLBP_max_timepoint_binsize_128_with_filling_Tumor,0.9999671828235099,Tumor Enhancement Texture
Mean_norm_DLBP_max_timepoint_binsize_64_with_filling_Tumor,Mean_norm_DLBP_max_timepoint_binsize_256_with_filling_Tumor,0.9221594319707148,Tumor Enhancement Texture
Mean_norm_DLBP_max_timepoint_binsize_128_with_filling_Tumor,Mean_norm_DLBP_max_timepoint_binsize_256_with_filling_Tumor,0.9228138747033465,Tumor Enhancement Texture
Margin_Gradient_Tumor,Variance_of_Margin_Gradient_Tumor,0.9378726388062726,Tumor Enhancement Texture
SER_map_Autocorrelation_tumor,SER_map_Sum_of_Squares_variance_tumor,0.9961003602548943,Tumor Enhancement Texture
SER_map_Autocorrelation_tumor,SER_map_sum_average_tumor,0.9609725638618806,Tumor Enhancement Texture
SER_map_Autocorrelation_tumor,SER_map_sum_variance__tumor,0.9998509645026579,Tumor Enhancement Texture
SER_map_Contrast_tumor,SER_map_Cluster_Prominence_tumor,0.9035516259110735,Tumor Enhancement Texture
SER_map_Contrast_tumor,SER_map_Dissimilarity_tumor,0.9474290411191534,Tumor Enhancement Texture
SER_map_Contrast_tumor,SER_map_inverse_difference_normalized_tumor,0.9168726855674777,Tumor Enhancement Texture
SER_map_Contrast_tumor,SER_map_inverse_difference_moment_normalized_tumor,0.996351488108378,Tumor Enhancement Texture
SER_map_Correlation1_tumor,SER_map_Correlation2_tumor,0.9999999999999992,Tumor Enhancement Texture
SER_map_Dissimilarity_tumor,SER_map_inverse_difference_normalized_tumor,0.9963507710380409,Tumor Enhancement Texture
SER_map_Dissimilarity_tumor,SER_map_inverse_difference_moment_normalized_tumor,0.966908182551146,Tumor Enhancement Texture
SER_map_Energy_tumor,SER_map_Max_Probability_tumor,0.9808201228225251,Tumor Enhancement Texture
SER_map_Entropy_tumor,SER_map_Homogeneity1_tumor,0.9852632209311094,Tumor Enhancement Texture
SER_map_Entropy_tumor,SER_map_Homogeneity2_tumor,0.9802408811264686,Tumor Enhancement Texture
SER_map_Entropy_tumor,SER_map_sum_entropy_tumor,0.9959499319760601,Tumor Enhancement Texture
SER_map_Entropy_tumor,SER_map_difference_entropy_tumor,0.9874292899174508,Tumor Enhancement Texture
SER_map_Entropy_tumor,SER_map_inverse_difference_is_homom_tumor,0.9852632209311094,Tumor Enhancement Texture
SER_map_Homogeneity1_tumor,SER_map_Homogeneity2_tumor,0.998903426006929,Tumor Enhancement Texture
SER_map_Homogeneity1_tumor,SER_map_Max_Probability_tumor,0.9075282216386996,Tumor Enhancement Texture
SER_map_Homogeneity1_tumor,SER_map_sum_entropy_tumor,0.9905837201749605,Tumor Enhancement Texture
SER_map_Homogeneity1_tumor,SER_map_difference_entropy_tumor,0.9811613289675248,Tumor Enhancement Texture
SER_map_Homogeneity1_tumor,SER_map_inverse_difference_is_homom_tumor,1.0,Tumor Enhancement Texture
SER_map_Homogeneity2_tumor,SER_map_Max_Probability_tumor,0.9155846214091728,Tumor Enhancement Texture
SER_map_Homogeneity2_tumor,SER_map_sum_entropy_tumor,0.9848983139738959,Tumor Enhancement Texture
SER_map_Homogeneity2_tumor,SER_map_difference_entropy_tumor,0.9722754864833227,Tumor Enhancement Texture
SER_map_Homogeneity2_tumor,SER_map_inverse_difference_is_homom_tumor,0.9989034260069292,Tumor Enhancement Texture
SER_map_Max_Probability_tumor,SER_map_inverse_difference_is_homom_tumor,0.9075282216386996,Tumor Enhancement Texture
SER_map_Sum_of_Squares_variance_tumor,SER_map_sum_average_tumor,0.9634365798549107,Tumor Enhancement Texture
SER_map_Sum_of_Squares_variance_tumor,SER_map_sum_variance__tumor,0.9970833722123374,Tumor Enhancement Texture
SER_map_sum_average_tumor,SER_map_sum_variance__tumor,0.9610263230633088,Tumor Enhancement Texture
SER_map_sum_entropy_tumor,SER_map_difference_entropy_tumor,0.9930080107284132,Tumor Enhancement Texture
SER_map_sum_entropy_tumor,SER_map_inverse_difference_is_homom_tumor,0.9905837201749607,Tumor Enhancement Texture
SER_map_difference_entropy_tumor,SER_map_inverse_difference_is_homom_tumor,0.9811613289675252,Tumor Enhancement Texture
SER_map_inverse_difference_normalized_tumor,SER_map_inverse_difference_moment_normalized_tumor,0.941645590720314,Tumor Enhancement Texture
PE_map_Autocorrelation_tumor,PE_map_Sum_of_Squares_variance_tumor,0.9951525907509999,Tumor Enhancement Texture
PE_map_Autocorrelation_tumor,PE_map_sum_average_tumor,0.9523243458240628,Tumor Enhancement Texture
PE_map_Autocorrelation_tumor,PE_map_sum_variance__tumor,0.9994557191964742,Tumor Enhancement Texture
PE_map_Contrast_tumor,PE_map_Cluster_Prominence_tumor,0.9037992084826715,Tumor Enhancement Texture
PE_map_Contrast_tumor,PE_map_Dissimilarity_tumor,0.9437727220328994,Tumor Enhancement Texture
PE_map_Contrast_tumor,PE_map_Sum_of_Squares_variance_tumor,0.9168463498947473,Tumor Enhancement Texture
PE_map_Contrast_tumor,PE_map_inverse_difference_normalized_tumor,0.9148634935992359,Tumor Enhancement Texture
PE_map_Contrast_tumor,PE_map_inverse_difference_moment_normalized_tumor,0.9975728250778643,Tumor Enhancement Texture
PE_map_Correlation1_tumor,PE_map_Correlation2_tumor,1.0000000000000016,Tumor Enhancement Texture
PE_map_Dissimilarity_tumor,PE_map_sum_average_tumor,0.9270535002863696,Tumor Enhancement Texture
PE_map_Dissimilarity_tumor,PE_map_inverse_difference_normalized_tumor,0.9968755052858762,Tumor Enhancement Texture
PE_map_Dissimilarity_tumor,PE_map_inverse_difference_moment_normalized_tumor,0.9608076547718296,Tumor Enhancement Texture
PE_map_Energy_tumor,PE_map_Max_Probability_tumor,0.9805020727370757,Tumor Enhancement Texture
PE_map_Entropy_tumor,PE_map_Homogeneity1_tumor,0.9798003023001716,Tumor Enhancement Texture
PE_map_Entropy_tumor,PE_map_Homogeneity2_tumor,0.9702779855045258,Tumor Enhancement Texture
PE_map_Entropy_tumor,PE_map_sum_entropy_tumor,0.9934663678329316,Tumor Enhancement Texture
PE_map_Entropy_tumor,PE_map_difference_entropy_tumor,0.9815027138603428,Tumor Enhancement Texture
PE_map_Entropy_tumor,PE_map_inverse_difference_is_homom_tumor,0.9798003023001716,Tumor Enhancement Texture
PE_map_Homogeneity1_tumor,PE_map_Homogeneity2_tumor,0.9975802682146974,Tumor Enhancement Texture
PE_map_Homogeneity1_tumor,PE_map_sum_entropy_tumor,0.9827877582781006,Tumor Enhancement Texture
PE_map_Homogeneity1_tumor,PE_map_difference_entropy_tumor,0.9730431013765581,Tumor Enhancement Texture
PE_map_Homogeneity1_tumor,PE_map_inverse_difference_is_homom_tumor,1.0,Tumor Enhancement Texture
PE_map_Homogeneity2_tumor,PE_map_sum_entropy_tumor,0.9702085972758552,Tumor Enhancement Texture
PE_map_Homogeneity2_tumor,PE_map_difference_entropy_tumor,0.9557583894296906,Tumor Enhancement Texture
PE_map_Homogeneity2_tumor,PE_map_inverse_difference_is_homom_tumor,0.9975802682146973,Tumor Enhancement Texture
PE_map_Sum_of_Squares_variance_tumor,PE_map_sum_average_tumor,0.9523101634271716,Tumor Enhancement Texture
PE_map_Sum_of_Squares_variance_tumor,PE_map_sum_variance__tumor,0.9976421138408962,Tumor Enhancement Texture
PE_map_Sum_of_Squares_variance_tumor,PE_map_inverse_difference_moment_normalized_tumor,0.9213837869107893,Tumor Enhancement Texture
PE_map_sum_average_tumor,PE_map_sum_variance__tumor,0.9500349253006247,Tumor Enhancement Texture
PE_map_sum_average_tumor,PE_map_inverse_difference_normalized_tumor,0.9276672134944368,Tumor Enhancement Texture
PE_map_sum_entropy_tumor,PE_map_difference_entropy_tumor,0.9934719096554612,Tumor Enhancement Texture
PE_map_sum_entropy_tumor,PE_map_inverse_difference_is_homom_tumor,0.9827877582781006,Tumor Enhancement Texture
PE_map_difference_entropy_tumor,PE_map_inverse_difference_is_homom_tumor,0.9730431013765581,Tumor Enhancement Texture
PE_map_difference_entropy_tumor,PE_map_inverse_difference_normalized_tumor,0.901264622101494,Tumor Enhancement Texture
PE_map_inverse_difference_normalized_tumor,PE_map_inverse_difference_moment_normalized_tumor,0.9359220528836726,Tumor Enhancement Texture
WashinRate_map_Autocorrelation_tumor,WashinRate_map_Sum_of_Squares_variance_tumor,0.9743215360556958,Tumor Enhancement Texture
WashinRate_map_Autocorrelation_tumor,WashinRate_map_sum_average_tumor,0.9922229971009993,Tumor Enhancement Texture
WashinRate_map_Autocorrelation_tumor,WashinRate_map_sum_variance__tumor,0.9975152109025246,Tumor Enhancement Texture
WashinRate_map_Contrast_tumor,WashinRate_map_Dissimilarity_tumor,0.9599486306980006,Tumor Enhancement Texture
WashinRate_map_Contrast_tumor,WashinRate_map_inverse_difference_normalized_tumor,0.9192735188428001,Tumor Enhancement Texture
WashinRate_map_Contrast_tumor,WashinRate_map_inverse_difference_moment_normalized_tumor,0.9942655980376143,Tumor Enhancement Texture
WashinRate_map_Correlation1_tumor,WashinRate_map_Correlation2_tumor,0.9999999999999992,Tumor Enhancement Texture
WashinRate_map_Dissimilarity_tumor,WashinRate_map_difference_entropy_tumor,0.9417547227808533,Tumor Enhancement Texture
WashinRate_map_Dissimilarity_tumor,WashinRate_map_inverse_difference_normalized_tumor,0.9926951743913393,Tumor Enhancement Texture
WashinRate_map_Dissimilarity_tumor,WashinRate_map_inverse_difference_moment_normalized_tumor,0.9828347305098403,Tumor Enhancement Texture
WashinRate_map_Energy_tumor,WashinRate_map_Max_Probability_tumor,0.9219470431983765,Tumor Enhancement Texture
WashinRate_map_Homogeneity1_tumor,WashinRate_map_Homogeneity2_tumor,0.995583898540739,Tumor Enhancement Texture
WashinRate_map_Homogeneity1_tumor,WashinRate_map_difference_entropy_tumor,0.9379318994078917,Tumor Enhancement Texture
WashinRate_map_Homogeneity1_tumor,WashinRate_map_inverse_difference_is_homom_tumor,1.0,Tumor Enhancement Texture
WashinRate_map_Homogeneity1_tumor,WashinRate_map_inverse_difference_normalized_tumor,0.9101697507365576,Tumor Enhancement Texture
WashinRate_map_Homogeneity2_tumor,WashinRate_map_difference_entropy_tumor,0.9185178702711211,Tumor Enhancement Texture
WashinRate_map_Homogeneity2_tumor,WashinRate_map_inverse_difference_is_homom_tumor,0.995583898540739,Tumor Enhancement Texture
WashinRate_map_Sum_of_Squares_variance_tumor,WashinRate_map_sum_average_tumor,0.9715312522414435,Tumor Enhancement Texture
WashinRate_map_Sum_of_Squares_variance_tumor,WashinRate_map_sum_variance__tumor,0.9872930669915565,Tumor Enhancement Texture
WashinRate_map_sum_average_tumor,WashinRate_map_sum_variance__tumor,0.9905714295012349,Tumor Enhancement Texture
WashinRate_map_difference_entropy_tumor,WashinRate_map_inverse_difference_is_homom_tumor,0.9379318994078918,Tumor Enhancement Texture
WashinRate_map_difference_entropy_tumor,WashinRate_map_inverse_difference_normalized_tumor,0.9621706936822508,Tumor Enhancement Texture
WashinRate_map_information_measure_correlation1_tumor,WashinRate_map_information_measure_correlation2_tumor,0.9384698398413107,Tumor Enhancement Texture
WashinRate_map_inverse_difference_is_homom_tumor,WashinRate_map_inverse_difference_normalized_tumor,0.9101697507365576,Tumor Enhancement Texture
WashinRate_map_inverse_difference_normalized_tumor,WashinRate_map_inverse_difference_moment_normalized_tumor,0.953500305610505,Tumor Enhancement Texture
Maximum_variance_of_enhancement_Tumor,Enhancement_variance_increasing_rate_Tumor,0.9124796624869951,Tumor Enhancement Variation
Enhancement_variance_decreasing_rate_Tumor,Grouping_based_variance_of_peak_enhancement_slope_3D_tumor_Group_2,0.9136606464752275,Tumor Enhancement Variation
Enhancement_variance_decreasing_rate_Tumor,Grouping_based_variance_of_washin_slope_3D_tumor_Group_2,0.9290170293344511,Tumor Enhancement Variation
Enhancement_variance_decreasing_rate_Tumor,Grouping_based_variance_of_washout_slope_3D_tumor_Group_2,0.9763142872290622,Tumor Enhancement Variation
Grouping_based_variance_of_peak_enhancement_slope_3D_tumor_Group_1,Grouping_based_variance_of_washin_slope_3D_tumor_Group_1,1.0,Tumor Enhancement Variation
Grouping_based_variance_of_peak_enhancement_slope_3D_tumor_Group_2,Grouping_based_variance_of_washin_slope_3D_tumor_Group_2,0.9945863199801313,Tumor Enhancement Variation
Grouping_based_variance_of_peak_enhancement_slope_3D_tumor_Group_3,Grouping_based_variance_of_washin_slope_3D_tumor_Group_3,0.9946191203720482,Tumor Enhancement Variation
Grouping_based_variance_of_peak_enhancement_slope_2D_tumorSlice_Group_1,Grouping_based_variance_of_washin_slope_2D_tumorSlice_Group_1,1.0,Tumor Enhancement Variation
Grouping_based_variance_of_peak_enhancement_slope_2D_tumorSlice_Group_2,Grouping_based_variance_of_washin_slope_2D_tumorSlice_Group_2,0.9920766666952483,Tumor Enhancement Variation
Grouping_based_variance_of_peak_enhancement_slope_2D_tumorSlice_Group_3,Grouping_based_variance_of_washin_slope_2D_tumorSlice_Group_3,0.998016963720802,Tumor Enhancement Variation
