,feature,importance_mean,importance_std,dataset,model
0,PC1_Tumor_Enhancement_Texture,0.025596529284164903,0.005944550805225489,PC_90,SVM
1,PC1_FGT_Enhancement_Texture,0.02548806941431675,0.005471582757322967,PC_90,SVM
2,PC2_FGT_Enhancement_Texture,0.02386117136659439,0.005178887803172802,PC_90,SVM
3,PC1_FGT_Enhancement,0.01984815618221262,0.003971764300130255,PC_90,SVM
4,PC3_FGT_Enhancement_Texture,0.0186550976138829,0.005796264301903426,PC_90,SVM
5,PC4_Tumor_Enhancement_Texture,0.017787418655097652,0.004370811644166987,PC_90,SVM
6,PC1_Combining_Tumor_and_FGT_Enhancement,0.011822125813449057,0.004638482598772884,PC_90,SVM
7,PC1_Tumor_Enhancement,0.01160520607375275,0.0037587252605560573,PC_90,SVM
8,PC2_Tumor_Enhancement_Texture,0.010629067245119328,0.00405239516101287,PC_90,SVM
9,PC2_Tumor_Enhancement,0.010520607375271185,0.0032192672623982117,PC_90,SVM
10,PC7_Tumor_Enhancement_Texture,0.00943600867678962,0.003182516431913496,PC_90,SVM
11,PC2_FGT_Enhancement_Variation,0.009110629067245158,0.003636237443436052,PC_90,SVM
12,PC4_FGT_Enhancement_Texture,0.008568329718004374,0.0022464550083739687,PC_90,SVM
13,PC7_FGT_Enhancement_Texture,0.008351409978308078,0.002277657266811294,PC_90,SVM
14,PC3_Tumor_Enhancement_Texture,0.0069414316702820274,0.0020116309100858447,PC_90,SVM
15,PC6_Tumor_Enhancement_Texture,0.0067245119305857195,0.0018660141577099105,PC_90,SVM
16,PC8_FGT_Enhancement_Texture,0.006182212581344948,0.0018817084135463698,PC_90,SVM
17,PC5_Tumor_Enhancement_Texture,0.0060737527114967825,0.00370037355948633,PC_90,SVM
18,PC1_FGT_Enhancement_Variation,0.005856832971800452,0.002665554387732002,PC_90,SVM
19,PC4_FGT_Enhancement,0.005639913232104166,0.0022647085702625913,PC_90,SVM
20,PC2_FGT_Enhancement,0.0042299349240781155,0.0031602607992046723,PC_90,SVM
21,PC1_Tumor_Enhancement_Variation,0.004121475054229972,0.0014388827723884343,PC_90,SVM
22,PC1_Tumor_Size_and_Morphology,0.004013015184381819,0.002427660443123575,PC_90,SVM
23,PC5_FGT_Enhancement_Texture,0.0039045553145336644,0.0013889640428270573,PC_90,SVM
24,PC6_FGT_Enhancement_Texture,0.0036876355748373447,0.002233325410192419,PC_90,SVM
25,PC5_FGT_Enhancement,0.0034707158351410363,0.001518438177874177,PC_90,SVM
26,PC3_FGT_Enhancement,0.0026030368763557687,0.0027948153420228,PC_90,SVM
27,PC2_Combining_Tumor_and_FGT_Enhancement,0.0024945770065076256,0.0010900082018569532,PC_90,SVM
28,PC3_Tumor_Enhancement,0.0024945770065076256,0.004728900077351776,PC_90,SVM
29,PC3_FGT_Enhancement_Variation,0.0017353579175705236,0.001694197326660899,PC_90,SVM
30,PC6_FGT_Enhancement,0.0016268980477223693,0.0015529090090321575,PC_90,SVM
31,PC4_FGT_Enhancement_Variation,0.0015184381778742151,0.001388964042827101,PC_90,SVM
32,PC2_Tumor_Enhancement_Variation,0.001409978308026061,0.00109000820185696,PC_90,SVM
33,PC7_FGT_Enhancement,0.001409978308026061,0.0013762014685954164,PC_90,SVM
34,PC1_Breast_and_FGT_Volume_Features,0.0011930585683297412,0.0010232083657328447,PC_90,SVM
35,PC3_Tumor_Enhancement_Variation,0.0011930585683297302,0.0010232083657328458,PC_90,SVM
36,PC4_Combining_Tumor_and_FGT_Enhancement,0.0008676789587852562,0.0009455312241953876,PC_90,SVM
37,PC2_Tumor_Size_and_Morphology,0.00010845986984817647,0.0013239214333767683,PC_90,SVM
38,PC2_Breast_and_FGT_Volume_Features,1.1102230246251566e-17,0.0010845986984815647,PC_90,SVM
39,PC3_Combining_Tumor_and_FGT_Enhancement,-0.0002169197396962863,0.0017353579175704986,PC_90,SVM
40,PC4_Tumor_Enhancement,-0.00043383947939259484,0.0020116309100858347,PC_90,SVM
41,PC1_Tumor_Enhancement_Spatial_Heterogeneity,-0.0010845986984815315,0.001455141850867541,PC_90,SVM
42,PC2_Tumor_Enhancement_Spatial_Heterogeneity,-0.0015184381778741486,0.0013889640428270868,PC_90,SVM
43,PC3_Tumor_Size_and_Morphology,-0.001735357917570468,0.0013889640428270573,PC_90,SVM
44,Peak_SER_tissue_PostCon,0.0,0.0,CL_UNCORR,SVM
45,tissueVol_PostCon,0.0,0.0,CL_UNCORR,SVM
46,inverse_difference_moment_normalized_tissue_PostCon,0.0,0.0,CL_UNCORR,SVM
47,PE_map_skewness_tissue_T1,0.0,0.0,CL_UNCORR,SVM
48,WashinRate_map_mean_tissue_T1,0.0,0.0,CL_UNCORR,SVM
49,WashinRate_map_mean_tissue_PostCon,0.0,0.0,CL_UNCORR,SVM
50,WashinRate_map_Cluster_Shade_tissue_T1,0.0,0.0,CL_UNCORR,SVM
51,Grouping_based_variance_of_washout_slope_3D_tissue_T1_Group_1,0.0,0.0,CL_UNCORR,SVM
52,SER_map_Autocorrelation_tissue_T1,0.0,0.0,CL_UNCORR,SVM
53,SER_map_sum_entropy_tissue_T1,0.0,0.0,CL_UNCORR,SVM
54,WashinRate_map_std_dev_tissue_T1,0.0,0.0,CL_UNCORR,SVM
55,Ratio_Tissue_vol_enhancing_more_than_90percent_from_T1_to_Breast_Vol,0.0,0.0,CL_UNCORR,SVM
56,Ratio_Tissue_vol_enhancing_more_than_90percent_from_PostCon_to_Breast_Vol,0.0,0.0,CL_UNCORR,SVM
57,"F1_DT_POSTCON (T11=0.2,T12=0.8)",0.0,0.0,CL_UNCORR,SVM
58,breastDensity_T1,0.0,0.0,CL_UNCORR,SVM
59,PE_map_Correlation1_tissue_T1,0.0,0.0,CL_UNCORR,SVM
60,SER_map_std_dev_tissue_T1,0.0,0.0,CL_UNCORR,SVM
61,SER_map_skewness_tissue_T1,0.0,0.0,CL_UNCORR,SVM
62,SER_map_kurtosis_tissue_T1,0.0,0.0,CL_UNCORR,SVM
63,PE_map_Correlation1_tissue_PostCon,0.0,0.0,CL_UNCORR,SVM
64,SER_map_kurtosis_tissue_PostCon,0.0,0.0,CL_UNCORR,SVM
65,SER_map_skewness_tissue_PostCon,0.0,0.0,CL_UNCORR,SVM
66,PE_map_Cluster_Prominence_tissue_PostCon,0.0,0.0,CL_UNCORR,SVM
67,SER_map_difference_entropy_tissue_T1,0.0,0.0,CL_UNCORR,SVM
68,SER_map_difference_entropy_tissue_PostCon,0.0,0.0,CL_UNCORR,SVM
69,PE_map_Autocorrelation_tissue_PostCon,0.0,0.0,CL_UNCORR,SVM
70,PE_map_difference_entropy_tissue_PostCon,0.0,0.0,CL_UNCORR,SVM
71,PE_map_Autocorrelation_tissue_T1,0.0,0.0,CL_UNCORR,SVM
72,PE_map_difference_entropy_tissue_T1,0.0,0.0,CL_UNCORR,SVM
73,SER_map_Autocorrelation_tissue_PostCon,0.0,0.0,CL_UNCORR,SVM
74,inverse_difference_normalized_tissue_PostCon,0.0,0.0,CL_UNCORR,SVM
75,WashinRate_map_skewness_tissue_T1,0.0,0.0,CL_UNCORR,SVM
76,Uptake_rate_from_char_curv,0.0,0.0,CL_UNCORR,SVM
77,Ratio_Tissue_vol_enhancing_more_than_100percent_from_T1_to_Tissue_Vol,0.0,0.0,CL_UNCORR,SVM
78,sum_entropy_tissue_T1,0.0,0.0,CL_UNCORR,SVM
79,difference_entropy_tissue_T1,0.0,0.0,CL_UNCORR,SVM
80,WashinRate_map_Correlation1_tissue_T1,0.0,0.0,CL_UNCORR,SVM
81,WashinRate_map_Correlation1_tissue_PostCon,0.0,0.0,CL_UNCORR,SVM
82,Correlation1_tissue_T1,0.0,0.0,CL_UNCORR,SVM
83,Correlation2_tissue_T1,0.0,0.0,CL_UNCORR,SVM
84,Correlation1_tissue_PostCon,0.0,0.0,CL_UNCORR,SVM
85,Correlation2_tissue_PostCon,0.0,0.0,CL_UNCORR,SVM
86,Cluster_Shade_tissue_T1,0.0,0.0,CL_UNCORR,SVM
87,WashinRate_map_Dissimilarity_tissue_T1,0.0,0.0,CL_UNCORR,SVM
88,PE_map_kurtosis_tissue_T1,0.0,0.0,CL_UNCORR,SVM
89,Dissimilarity_tissue_T1,0.0,0.0,CL_UNCORR,SVM
90,Mean_norm_DLBP_max_timepoint_binsize_256_with_filling_Tumor,0.0,0.0,CL_UNCORR,SVM
91,Cluster_Prominence_tissue_T1,0.0,0.0,CL_UNCORR,SVM
92,inverse_difference_moment_normalized_tissue_T1,0.0,0.0,CL_UNCORR,SVM
93,Energy_tissue_PostCon,0.0,0.0,CL_UNCORR,SVM
94,WashinRate_map_Energy_tissue_PostCon,0.0,0.0,CL_UNCORR,SVM
95,PE_map_kurtosis_tissue_PostCon,0.0,0.0,CL_UNCORR,SVM
96,inverse_difference_normalized_tissue_T1,0.0,0.0,CL_UNCORR,SVM
97,Mean_norm_DLBP_max_timepoint_binsize_128_with_filling_Tumor,0.0,0.0,CL_UNCORR,SVM
98,Cluster_Shade_tissue_PostCon,0.0,0.0,CL_UNCORR,SVM
99,WashinRate_map_Cluster_Shade_tissue_PostCon,0.0,0.0,CL_UNCORR,SVM
100,WashinRate_map_Dissimilarity_tissue_PostCon,0.0,0.0,CL_UNCORR,SVM
101,WashinRate_map_kurtosis_tumor,0.0,0.0,CL_UNCORR,SVM
102,Washout_rate_from_char_curv,0.0,0.0,CL_UNCORR,SVM
103,WashinRate_map_skewness_tumor,0.0,0.0,CL_UNCORR,SVM
104,WashinRate_map_kurtosis_tissue_T1,0.0,0.0,CL_UNCORR,SVM
105,SER_map_sum_entropy_tissue_PostCon,0.0,0.0,CL_UNCORR,SVM
106,SER_map_std_dev_tissue_PostCon,0.0,0.0,CL_UNCORR,SVM
107,sum_entropy_tissue_PostCon,0.0,0.0,CL_UNCORR,SVM
108,Ratio_Tissue_vol_enhancing_more_than_30percent_from_PostCon_to_Breast_Vol,0.0,0.0,CL_UNCORR,SVM
109,Grouping_based_mean_of_washout_slope_3D_tissue_PostCon_Group_2,0.0,0.0,CL_UNCORR,SVM
110,SER_Washout_tissue_vol_cu_mm_T1,0.0,0.0,CL_UNCORR,SVM
111,Grouping_based_mean_of_peak_enhancement_slope_3D_tissue_PostCon_Group_2,0.0,0.0,CL_UNCORR,SVM
112,Grouping_based_mean_of_peak_enhancement_slope_3D_tissue_T1_Group_2,0.0,0.0,CL_UNCORR,SVM
113,Grouping_based_mean_of_peak_enhancement_slope_3D_tissue_PostCon_Group_3,0.0,0.0,CL_UNCORR,SVM
114,Grouping_based_variance_of_peak_enhancement_slope_3D_tissue_PostCon_Group_1,0.0,0.0,CL_UNCORR,SVM
115,Grouping_based_variance_of_peak_enhancement_slope_3D_tissue_T1_Group_1,0.0,0.0,CL_UNCORR,SVM
116,Grouping_based_mean_of_peak_enhancement_slope_3D_tissue_T1_Group_3,0.0,0.0,CL_UNCORR,SVM
117,PE_map_inverse_difference_moment_normalized_tissue_T1,0.0,0.0,CL_UNCORR,SVM
118,PE_map_inverse_difference_moment_normalized_tissue_PostCon,0.0,0.0,CL_UNCORR,SVM
119,SER_map_inverse_difference_normalized_tissue_T1,0.0,0.0,CL_UNCORR,SVM
120,SER_map_inverse_difference_normalized_tissue_PostCon,0.0,0.0,CL_UNCORR,SVM
121,Ratio_Tissue_vol_enhancing_more_than_10percent_from_PostCon_to_Breast_Vol,0.0,0.0,CL_UNCORR,SVM
122,Grouping_based_proportion_of_3D_tissue_T1_Group_2,0.0,0.0,CL_UNCORR,SVM
123,PE_map_mean_tissue_PostCon,0.0,0.0,CL_UNCORR,SVM
124,Grouping_based_variance_of_washin_slope_3D_tissue_PostCon_Group_2,0.0,0.0,CL_UNCORR,SVM
125,Grouping_based_proportion_of_tumor_voxels_2D_tumorSlice_Group_2,0.0,0.0,CL_UNCORR,SVM
126,Grouping_based_variance_of_washin_slope_3D_tissue_T1_Group_2,0.0,0.0,CL_UNCORR,SVM
127,Ratio_Tissue_vol_enhancing_more_than_30percent_from_PostCon_to_Tissue_Vol,0.0,0.0,CL_UNCORR,SVM
128,Ratio_Tissue_vol_enhancing_more_than_0percent_from_PostCon_to_Tissue_Vol,0.0,0.0,CL_UNCORR,SVM
129,Ratio_Tissue_vol_enhancing_more_than_0percent_from_T1_to_Tissue_Vol,0.0,0.0,CL_UNCORR,SVM
130,Grouping_based_proportion_of_tumor_voxels_2D_tumorSlice_Group_3,0.0,0.0,CL_UNCORR,SVM
131,Ratio_Tissue_vol_enhancing_more_than_30percent_from_T1_to_Tissue_Vol,0.0,0.0,CL_UNCORR,SVM
132,Grouping_based_proportion_of_3D_tissue_T1_Group_3,0.0,0.0,CL_UNCORR,SVM
133,Grouping_based_mean_of_peak_enhancement_slope_3D_tissue_T1_Group_1,0.0,0.0,CL_UNCORR,SVM
134,Grouping_based_mean_of_washin_slope_3D_tissue_T1_Group_1,0.0,0.0,CL_UNCORR,SVM
135,2nd_DFT_CoeffMap_Momment_Invariant_3_2D_tumorSlice,0.0,0.0,CL_UNCORR,SVM
136,2nd_DFT_CoeffMap_Momment_Invariant_4_2D_tumorSlice,0.0,0.0,CL_UNCORR,SVM
137,Grouping_based_variance_of_washin_slope_3D_tissue_PostCon_Group_3,0.0,0.0,CL_UNCORR,SVM
138,Ratio_Tissue_vol_enhancing_more_than_90percent_from_T1_to_Tissue_Vol,0.0,0.0,CL_UNCORR,SVM
139,BreastVol,0.0,0.0,CL_UNCORR,SVM
140,Ratio_Tissue_vol_enhancing_more_than_0percent_from_T1_to_Breast_Vol,0.0,0.0,CL_UNCORR,SVM
141,PE_map_mean_tissue_T1,0.0,0.0,CL_UNCORR,SVM
142,PE_map_std_dev_tissue_T1,0.0,0.0,CL_UNCORR,SVM
143,WashinRate_map_inverse_difference_normalized_tumor,0.0,0.0,CL_UNCORR,SVM
144,WashinRate_map_inverse_difference_moment_normalized_tissue_T1,0.0,0.0,CL_UNCORR,SVM
145,WashinRate_map_inverse_difference_normalized_tissue_T1,0.0,0.0,CL_UNCORR,SVM
146,SER_map_Cluster_Shade_tissue_T1,0.0,0.0,CL_UNCORR,SVM
147,SER_map_Cluster_Shade_tissue_PostCon,0.0,0.0,CL_UNCORR,SVM
148,Peak_PE_tissue_PostCon,0.0,0.0,CL_UNCORR,SVM
149,Peak_PE_tissue_T1,0.0,0.0,CL_UNCORR,SVM
150,SER_map_Correlation1_tissue_T1,0.0,0.0,CL_UNCORR,SVM
151,PE_map_Cluster_Shade_tissue_PostCon,0.0,0.0,CL_UNCORR,SVM
152,PE_map_Dissimilarity_tissue_T1,0.0,0.0,CL_UNCORR,SVM
153,PE_map_Cluster_Shade_tissue_T1,0.0,0.0,CL_UNCORR,SVM
154,SER_map_inverse_difference_moment_normalized_tissue_T1,0.0,0.0,CL_UNCORR,SVM
155,SER_Partial_tissue_vol_cu_mm_T1,0.0,0.0,CL_UNCORR,SVM
156,Grouping_based_variance_of_washin_slope_3D_tissue_T1_Group_3,0.0,0.0,CL_UNCORR,SVM
157,Grouping_based_mean_of_washout_slope_3D_tissue_T1_Group_2,0.0,0.0,CL_UNCORR,SVM
158,SER_map_Correlation1_tissue_PostCon,0.0,0.0,CL_UNCORR,SVM
159,"F1_DT_POSTCON (T11=0.1,T12=0.8)",0.0,0.0,CL_UNCORR,SVM
160,"F1_DT_T1NFS (T11=0.1,T12=0.8)",0.0,0.0,CL_UNCORR,SVM
161,"F1_DT_POSTCON (T11=0.05,T12=0.8)",0.0,0.0,CL_UNCORR,SVM
162,"F1_DT_T1NFS (T11=0.02,T12=0.5)",0.0,0.0,CL_UNCORR,SVM
163,"F1_DT_T1NFS (T11=0.05,T12=0.8)",0.0,0.0,CL_UNCORR,SVM
164,"F1_DT_POSTCON (T11=0.2,T12=0.5)",0.0,0.0,CL_UNCORR,SVM
165,"F1_DT_T1NFS (T11=0.05,T12=0.5)",0.0,0.0,CL_UNCORR,SVM
166,"F1_DT_POSTCON (T11=0.02,T12=0.5)",0.0,0.0,CL_UNCORR,SVM
167,"F1_DT_POSTCON (T11=0.05,T12=0.5)",0.0,0.0,CL_UNCORR,SVM
168,Autocorrelation_tissue_T1,0.0,0.0,CL_UNCORR,SVM
169,Autocorrelation_tissue_PostCon,0.0,0.0,CL_UNCORR,SVM
170,Peak_SER_tissue_T1,0.0,0.0,CL_UNCORR,SVM
171,PE_map_std_dev_tumor,0.0,0.0,CL_UNCORR,SVM
172,Sum_entropy_Tumor,0.0,0.0,CL_UNCORR,SVM
173,WashinRate_map_Cluster_Shade_tumor,0.0,0.0,CL_UNCORR,SVM
174,WashinRate_map_Dissimilarity_tumor,0.0,0.0,CL_UNCORR,SVM
175,WashinRate_map_sum_entropy_tumor,0.0,0.0,CL_UNCORR,SVM
176,WashinRate_map_Correlation1_tumor,0.0,0.0,CL_UNCORR,SVM
177,PE_map_kurtosis_tumor,0.0,0.0,CL_UNCORR,SVM
178,WashinRate_map_Energy_tumor,0.0,0.0,CL_UNCORR,SVM
179,WashinRate_map_sum_average_tumor,0.0,0.0,CL_UNCORR,SVM
180,WashinRate_map_std_dev_tumor,0.0,0.0,CL_UNCORR,SVM
181,Margin_Gradient_Tumor,0.0,0.0,CL_UNCORR,SVM
182,MF_Tumor,0.0,0.0,CL_UNCORR,SVM
183,SER_Total_tumor_vol_cu_mm,0.0,0.0,CL_UNCORR,SVM
184,PE_map_mean_tumor,0.0,0.0,CL_UNCORR,SVM
185,SER_map_std_dev_tumor,0.0,0.0,CL_UNCORR,SVM
186,SER_map_skewness_tumor,0.0,0.0,CL_UNCORR,SVM
187,Correlation1_Tumor,0.0,0.0,CL_UNCORR,SVM
188,Correlation2_Tumor,0.0,0.0,CL_UNCORR,SVM
189,PE_map_skewness_tumor,0.0,0.0,CL_UNCORR,SVM
190,WashinRate_map_Correlation2_tumor,0.0,0.0,CL_UNCORR,SVM
191,WashinRate_map_mean_tumor,0.0,0.0,CL_UNCORR,SVM
192,BEDR1_Tumor,0.0,0.0,CL_UNCORR,SVM
193,BEDR2_Tumor,0.0,0.0,CL_UNCORR,SVM
194,"F1_DT_T1NFS (T11=0.2,T12=0.8)",0.0,0.0,CL_UNCORR,SVM
195,Inv_Diff_normalized_Tumor,0.0,0.0,CL_UNCORR,SVM
196,Volume_cu_mm_Tumor,0.0,0.0,CL_UNCORR,SVM
197,ASD_Tumor,0.0,0.0,CL_UNCORR,SVM
198,"F1_DT_T1NFS (T11=0.2,T12=0.5)",0.0,0.0,CL_UNCORR,SVM
199,Median_solidity_Tumor,0.0,0.0,CL_UNCORR,SVM
200,Autocorrelation_Tumor,0.0,0.0,CL_UNCORR,SVM
201,Mean_norm_DLBP_max_timepoint_binsize_64_with_filling_Tumor,0.0,0.0,CL_UNCORR,SVM
202,Mean_norm_DHOG_max_timepoint_binsize_8_without_filling_Tumor,0.0,0.0,CL_UNCORR,SVM
203,WashinRate_map_Autocorrelation_tumor,0.0,0.0,CL_UNCORR,SVM
204,SER_map_mean_tissue_T1,0.0,0.0,CL_UNCORR,SVM
205,SER_map_mean_tissue_PostCon,0.0,0.0,CL_UNCORR,SVM
206,SER_map_Correlation2_tissue_T1,0.0,0.0,CL_UNCORR,SVM
207,SER_map_Correlation2_tissue_PostCon,0.0,0.0,CL_UNCORR,SVM
208,Peak_SER_tumor,0.0,0.0,CL_UNCORR,SVM
209,SER_map_mean_tumor,0.0,0.0,CL_UNCORR,SVM
210,2nd_DFT_CoeffMap_Momment_Invariant_4_3D_tumor,0.0,0.0,CL_UNCORR,SVM
211,1st_DFT_CoeffMap_Momment_Invariant_7_2D_tumorSlice,0.0,0.0,CL_UNCORR,SVM
212,2nd_DFT_CoeffMap_Momment_Invariant_3_3D_tumor,0.0,0.0,CL_UNCORR,SVM
213,1st_DFT_CoeffMap_Momment_Invariant_6_2D_tumorSlice,0.0,0.0,CL_UNCORR,SVM
214,2nd_DFT_CoeffMap_Momment_Invariant_1_2D_tumorSlice,0.0,0.0,CL_UNCORR,SVM
215,2nd_DFT_CoeffMap_Momment_Invariant_2_2D_tumorSlice,0.0,0.0,CL_UNCORR,SVM
216,1st_DFT_CoeffMap_Momment_Invariant_3_2D_tumorSlice,0.0,0.0,CL_UNCORR,SVM
217,1st_DFT_CoeffMap_Momment_Invariant_1_2D_tumorSlice,0.0,0.0,CL_UNCORR,SVM
218,1st_DFT_CoeffMap_Momment_Invariant_4_2D_tumorSlice,0.0,0.0,CL_UNCORR,SVM
219,1st_DFT_CoeffMap_Momment_Invariant_1_3D_tumor,0.0,0.0,CL_UNCORR,SVM
220,1st_DFT_CoeffMap_Momment_Invariant_5_3D_tumor,0.0,0.0,CL_UNCORR,SVM
221,EnhancementClusterDiscontinuity_Tumor,0.0,0.0,CL_UNCORR,SVM
222,1st_DFT_CoeffMap_Momment_Invariant_7_3D_tumor,0.0,0.0,CL_UNCORR,SVM
223,EnhancementClusterNeighborhoodSimilarity_Tumor,0.0,0.0,CL_UNCORR,SVM
224,TumorMajorAxisLength_mm,0.0,0.0,CL_UNCORR,SVM
225,BEVR_Tumor,0.0,0.0,CL_UNCORR,SVM
226,Inv_diff_moment_normalized_Tumor,0.0,0.0,CL_UNCORR,SVM
227,SER_map_Correlation2_tumor,0.0,0.0,CL_UNCORR,SVM
228,PE_map_Correlation2_tumor,0.0,0.0,CL_UNCORR,SVM
229,SER_map_sum_entropy_tumor,0.0,0.0,CL_UNCORR,SVM
230,PE_map_sum_entropy_tumor,0.0,0.0,CL_UNCORR,SVM
231,Diff_entropy_Tumor,0.0,0.0,CL_UNCORR,SVM
232,SER_map_kurtosis_tumor,0.0,0.0,CL_UNCORR,SVM
233,PE_map_sum_entropy_tissue_PostCon,0.0,0.0,CL_UNCORR,SVM
234,Grouping_based_variance_of_washout_slope_3D_tumor_Group_1,0.0,0.0,CL_UNCORR,SVM
235,Grouping_based_variance_of_washin_slope_2D_tumorSlice_Group_2,0.0,0.0,CL_UNCORR,SVM
236,Enhancement_variance_increasing_rate_Tumor,0.0,0.0,CL_UNCORR,SVM
237,Grouping_based_proportion_of_tumor_voxels_3D_tumor_Group_2,0.0,0.0,CL_UNCORR,SVM
238,Median_Elongation_Tumor,0.0,0.0,CL_UNCORR,SVM
239,Max_Enhancement_from_char_curv,0.0,0.0,CL_UNCORR,SVM
240,Grouping_based_variance_of_washin_slope_3D_tumor_Group_3,0.0,0.0,CL_UNCORR,SVM
241,Grouping_based_variance_of_washin_slope_2D_tumorSlice_Group_3,0.0,0.0,CL_UNCORR,SVM
242,Enhancement_variance_decreasing_rate_Tumor,0.0,0.0,CL_UNCORR,SVM
243,PE_map_inverse_difference_normalized_tumor,0.0,0.0,CL_UNCORR,SVM
244,Grouping_based_proportion_of_tumor_voxels_3D_tumor_Group_3,0.0,0.0,CL_UNCORR,SVM
245,Grouping_based_mean_of_peak_enhancement_slope_3D_tumor_Group_1,0.0,0.0,CL_UNCORR,SVM
246,Time_to_Peak_from_char_curv,0.0,0.0,CL_UNCORR,SVM
247,Grouping_based_proportion_of_tumor_voxels_3D_tumor_Group_1,0.0,0.0,CL_UNCORR,SVM
248,SER_map_inverse_difference_normalized_tumor,0.0,0.0,CL_UNCORR,SVM
249,PE_map_Correlation1_tumor,0.0,0.0,CL_UNCORR,SVM
250,Median_Euler_No_Tumor,0.0,0.0,CL_UNCORR,SVM
251,Grouping_based_variance_of_washout_slope_3D_tumor_Group_2,0.0,0.0,CL_UNCORR,SVM
252,Grouping_based_variance_of_washout_slope_3D_tissue_T1_Group_2,0.0,0.0,CL_UNCORR,SVM
253,Grouping_based_variance_of_washout_slope_3D_tissue_PostCon_Group_2,0.0,0.0,CL_UNCORR,SVM
254,Grouping_based_proportion_of_3D_tissue_T1_Group_1,0.0,0.0,CL_UNCORR,SVM
255,Grouping_based_proportion_of_3D_tissue_PostCon_Group_1,0.0,0.0,CL_UNCORR,SVM
256,Grouping_based_variance_of_washout_slope_3D_tissue_PostCon_Group_1,0.0,0.0,CL_UNCORR,SVM
257,breastDensity_PostCon,0.0,0.0,CL_UNCORR,SVM
258,PE_map_sum_entropy_tissue_T1,0.0,0.0,CL_UNCORR,SVM
259,WashinRate_map_sum_entropy_tissue_T1,0.0,0.0,CL_UNCORR,SVM
260,WashinRate_map_Autocorrelation_tissue_T1,0.0,0.0,CL_UNCORR,SVM
261,WashinRate_map_Autocorrelation_tissue_PostCon,0.0,0.0,CL_UNCORR,SVM
262,WashinRate_map_sum_entropy_tissue_PostCon,0.0,0.0,CL_UNCORR,SVM
263,Grouping_based_variance_of_washin_slope_3D_tumor_Group_2,0.0,0.0,CL_UNCORR,SVM
264,Variance_of_Uptake_Tumor,0.0,0.0,CL_UNCORR,SVM
265,Grouping_based_mean_of_washout_slope_3D_tumor_Group_1,0.0,0.0,CL_UNCORR,SVM
266,Grouping_based_mean_of_peak_enhancement_slope_3D_tumor_Group_2,0.0,0.0,CL_UNCORR,SVM
267,PE_map_difference_entropy_tumor,0.0,0.0,CL_UNCORR,SVM
268,PE_map_Autocorrelation_tumor,0.0,0.0,CL_UNCORR,SVM
269,Grouping_based_proportion_of_3D_tissue_PostCon_Group_2,0.0,0.0,CL_UNCORR,SVM
270,PE_map_Cluster_Shade_tumor,0.0,0.0,CL_UNCORR,SVM
271,PE_map_Dissimilarity_tumor,0.0,0.0,CL_UNCORR,SVM
272,globalMoransIEnhancementVarianceMap_Tumor,0.0,0.0,CL_UNCORR,SVM
273,globalMoransISERMap_Tumor,0.0,0.0,CL_UNCORR,SVM
274,SER_Partial_tumor_vol_cu_mm,0.0,0.0,CL_UNCORR,SVM
275,SER_map_inverse_difference_moment_normalized_tumor,0.0,0.0,CL_UNCORR,SVM
276,Peak_PE_tumor,0.0,0.0,CL_UNCORR,SVM
277,SER_map_Correlation1_tumor,0.0,0.0,CL_UNCORR,SVM
278,Grouping_based_proportion_of_3D_tissue_PostCon_Group_3,0.0,0.0,CL_UNCORR,SVM
279,SER_map_Cluster_Shade_tumor,0.0,0.0,CL_UNCORR,SVM
280,SER_map_Dissimilarity_tumor,0.0,0.0,CL_UNCORR,SVM
281,SER_map_difference_entropy_tumor,0.0,0.0,CL_UNCORR,SVM
282,Grouping_based_mean_of_peak_enhancement_slope_2D_tumorSlice_Group_2,0.0,0.0,CL_UNCORR,SVM
283,Grouping_based_mean_of_washout_slope_2D_tumorSlice_Group_1,0.0,0.0,CL_UNCORR,SVM
284,Grouping_based_mean_of_peak_enhancement_slope_3D_tumor_Group_3,0.0,0.0,CL_UNCORR,SVM
285,Peak_location_of_enhancement_variance_dynamics_Tumor,0.0,0.0,CL_UNCORR,SVM
286,Grouping_based_mean_of_peak_enhancement_slope_2D_tumorSlice_Group_3,0.0,0.0,CL_UNCORR,SVM
287,Grouping_based_mean_of_washout_slope_2D_tumorSlice_Group_2,0.0,0.0,CL_UNCORR,SVM
288,Grouping_based_mean_of_peak_enhancement_slope_2D_tumorSlice_Group_1,0.0,0.0,CL_UNCORR,SVM
289,Grouping_based_variance_of_peak_enhancement_slope_2D_tumorSlice_Group_1,0.0,0.0,CL_UNCORR,SVM
290,Grouping_based_variance_of_peak_enhancement_slope_3D_tumor_Group_1,0.0,0.0,CL_UNCORR,SVM
291,Ratio_Tissue_vol_enhancing_more_than_100percent_from_PostCon_to_Tissue_Vol,0.0,0.0,CL_UNCORR,SVM
292,SER_Washout_tumor_vol_cu_mm,0.0,0.0,CL_UNCORR,SVM
293,PE_map_inverse_difference_moment_normalized_tumor,0.0,0.0,CL_UNCORR,SVM
294,WashinRate_map_std_dev_tissue_PostCon,0.0,0.0,CL_UNCORR,SVM
295,PC1_Tumor_Enhancement_Texture,0.02255965292841645,0.006034892730257507,PC1,SVM
296,PC1_FGT_Enhancement_Texture,0.010737527114967439,0.003341197787581196,PC1,SVM
297,PC1_Combining_Tumor_and_FGT_Enhancement,0.008242950108459846,0.006511206516183785,PC1,SVM
298,PC1_Tumor_Enhancement,0.008242950108459846,0.0035044456445560636,PC1,SVM
299,PC1_FGT_Enhancement_Variation,0.008242950108459846,0.004951285123866954,PC1,SVM
300,PC1_FGT_Enhancement,0.008026030368763514,0.002386117136659421,PC1,SVM
301,PC1_Tumor_Size_and_Morphology,0.006724511930585653,0.002942442508948058,PC1,SVM
302,PC1_Breast_and_FGT_Volume_Features,0.002928416485900187,0.0017522228222780455,PC1,SVM
303,PC1_Tumor_Enhancement_Spatial_Heterogeneity,0.0026030368763557132,0.0021800164037138457,PC1,SVM
304,PC1_Tumor_Enhancement_Variation,0.001301518438177851,0.00192802481937428,PC1,SVM
305,"F1_DT_POSTCON (T11=0.05,T12=0.5)",0.0,0.0,ALL_IMG,SVM
306,WashinRate_map_Max_Probability_tumor,0.0,0.0,ALL_IMG,SVM
307,WashinRate_map_kurtosis_tumor,0.0,0.0,ALL_IMG,SVM
308,WashinRate_map_skewness_tumor,0.0,0.0,ALL_IMG,SVM
309,WashinRate_map_std_dev_tumor,0.0,0.0,ALL_IMG,SVM
310,WashinRate_map_mean_tumor,0.0,0.0,ALL_IMG,SVM
311,WashinRate_map_inverse_difference_moment_normalized_tumor,0.0,0.0,ALL_IMG,SVM
312,WashinRate_map_inverse_difference_normalized_tumor,0.0,0.0,ALL_IMG,SVM
313,WashinRate_map_inverse_difference_is_homom_tumor,0.0,0.0,ALL_IMG,SVM
314,WashinRate_map_information_measure_correlation2_tumor,0.0,0.0,ALL_IMG,SVM
315,WashinRate_map_information_measure_correlation1_tumor,0.0,0.0,ALL_IMG,SVM
316,WashinRate_map_difference_entropy_tumor,0.0,0.0,ALL_IMG,SVM
317,WashinRate_map_sum_entropy_tumor,0.0,0.0,ALL_IMG,SVM
318,WashinRate_map_sum_variance__tumor,0.0,0.0,ALL_IMG,SVM
319,WashinRate_map_sum_average_tumor,0.0,0.0,ALL_IMG,SVM
320,WashinRate_map_Sum_of_Squares_variance_tumor,0.0,0.0,ALL_IMG,SVM
321,WashinRate_map_Homogeneity2_tumor,0.0,0.0,ALL_IMG,SVM
322,Sum_of_Squares_variance_tissue_PostCon,0.0,0.0,ALL_IMG,SVM
323,WashinRate_map_Homogeneity1_tumor,0.0,0.0,ALL_IMG,SVM
324,WashinRate_map_Entropy_tumor,0.0,0.0,ALL_IMG,SVM
325,WashinRate_map_Energy_tumor,0.0,0.0,ALL_IMG,SVM
326,WashinRate_map_Dissimilarity_tumor,0.0,0.0,ALL_IMG,SVM
327,WashinRate_map_Cluster_Shade_tumor,0.0,0.0,ALL_IMG,SVM
328,WashinRate_map_Cluster_Prominence_tumor,0.0,0.0,ALL_IMG,SVM
329,WashinRate_map_Correlation2_tumor,0.0,0.0,ALL_IMG,SVM
330,WashinRate_map_Correlation1_tumor,0.0,0.0,ALL_IMG,SVM
331,WashinRate_map_Contrast_tumor,0.0,0.0,ALL_IMG,SVM
332,WashinRate_map_Autocorrelation_tumor,0.0,0.0,ALL_IMG,SVM
333,PE_map_kurtosis_tumor,0.0,0.0,ALL_IMG,SVM
334,PE_map_skewness_tumor,0.0,0.0,ALL_IMG,SVM
335,PE_map_std_dev_tumor,0.0,0.0,ALL_IMG,SVM
336,PE_map_mean_tumor,0.0,0.0,ALL_IMG,SVM
337,SER_Total_tissue_vol_cu_mm_T1,0.0,0.0,ALL_IMG,SVM
338,SER_Partial_tissue_vol_cu_mm_T1,0.0,0.0,ALL_IMG,SVM
339,SER_Washout_tissue_vol_cu_mm_T1,0.0,0.0,ALL_IMG,SVM
340,Peak_SER_tissue_T1,0.0,0.0,ALL_IMG,SVM
341,PE_map_Contrast_tissue_T1,0.0,0.0,ALL_IMG,SVM
342,PE_map_Autocorrelation_tissue_T1,0.0,0.0,ALL_IMG,SVM
343,SER_map_kurtosis_tissue_T1,0.0,0.0,ALL_IMG,SVM
344,SER_map_skewness_tissue_T1,0.0,0.0,ALL_IMG,SVM
345,SER_map_std_dev_tissue_T1,0.0,0.0,ALL_IMG,SVM
346,SER_map_mean_tissue_T1,0.0,0.0,ALL_IMG,SVM
347,SER_map_inverse_difference_moment_normalized_tissue_T1,0.0,0.0,ALL_IMG,SVM
348,SER_map_inverse_difference_normalized_tissue_T1,0.0,0.0,ALL_IMG,SVM
349,SER_map_inverse_difference_is_homom_tissue_T1,0.0,0.0,ALL_IMG,SVM
350,SER_map_information_measure_correlation2_tissue_T1,0.0,0.0,ALL_IMG,SVM
351,SER_map_information_measure_correlation1_tissue_T1,0.0,0.0,ALL_IMG,SVM
352,SER_map_difference_entropy_tissue_T1,0.0,0.0,ALL_IMG,SVM
353,SER_map_sum_entropy_tissue_T1,0.0,0.0,ALL_IMG,SVM
354,SER_map_sum_variance__tissue_T1,0.0,0.0,ALL_IMG,SVM
355,SER_map_sum_average_tissue_T1,0.0,0.0,ALL_IMG,SVM
356,SER_map_Sum_of_Squares_variance_tissue_T1,0.0,0.0,ALL_IMG,SVM
357,SER_map_Max_Probability_tissue_T1,0.0,0.0,ALL_IMG,SVM
358,SER_map_Homogeneity2_tissue_T1,0.0,0.0,ALL_IMG,SVM
359,SER_map_Homogeneity1_tissue_T1,0.0,0.0,ALL_IMG,SVM
360,SER_map_Entropy_tissue_T1,0.0,0.0,ALL_IMG,SVM
361,SER_map_Energy_tissue_T1,0.0,0.0,ALL_IMG,SVM
362,SER_map_Dissimilarity_tissue_T1,0.0,0.0,ALL_IMG,SVM
363,SER_map_Cluster_Shade_tissue_T1,0.0,0.0,ALL_IMG,SVM
364,SER_map_Cluster_Prominence_tissue_T1,0.0,0.0,ALL_IMG,SVM
365,SER_map_Correlation2_tissue_T1,0.0,0.0,ALL_IMG,SVM
366,SER_map_Correlation1_tissue_T1,0.0,0.0,ALL_IMG,SVM
367,SER_map_Contrast_tissue_T1,0.0,0.0,ALL_IMG,SVM
368,SER_map_Autocorrelation_tissue_T1,0.0,0.0,ALL_IMG,SVM
369,Peak_PE_tissue_T1,0.0,0.0,ALL_IMG,SVM
370,PE_map_inverse_difference_moment_normalized_tumor,0.0,0.0,ALL_IMG,SVM
371,PE_map_inverse_difference_normalized_tumor,0.0,0.0,ALL_IMG,SVM
372,PE_map_inverse_difference_is_homom_tumor,0.0,0.0,ALL_IMG,SVM
373,SER_map_Sum_of_Squares_variance_tumor,0.0,0.0,ALL_IMG,SVM
374,SER_map_Homogeneity2_tumor,0.0,0.0,ALL_IMG,SVM
375,SER_map_Homogeneity1_tumor,0.0,0.0,ALL_IMG,SVM
376,SER_map_Entropy_tumor,0.0,0.0,ALL_IMG,SVM
377,SER_map_Energy_tumor,0.0,0.0,ALL_IMG,SVM
378,SER_map_Dissimilarity_tumor,0.0,0.0,ALL_IMG,SVM
379,SER_map_Cluster_Shade_tumor,0.0,0.0,ALL_IMG,SVM
380,SER_map_Cluster_Prominence_tumor,0.0,0.0,ALL_IMG,SVM
381,SER_map_Correlation2_tumor,0.0,0.0,ALL_IMG,SVM
382,SER_map_Correlation1_tumor,0.0,0.0,ALL_IMG,SVM
383,SER_map_Contrast_tumor,0.0,0.0,ALL_IMG,SVM
384,SER_map_Autocorrelation_tumor,0.0,0.0,ALL_IMG,SVM
385,Peak_PE_tumor,0.0,0.0,ALL_IMG,SVM
386,Peak_SER_tumor,0.0,0.0,ALL_IMG,SVM
387,SER_Washout_tumor_vol_cu_mm,0.0,0.0,ALL_IMG,SVM
388,SER_Partial_tumor_vol_cu_mm,0.0,0.0,ALL_IMG,SVM
389,SER_Total_tumor_vol_cu_mm,0.0,0.0,ALL_IMG,SVM
390,Variance_of_RGH_values_Tumor,0.0,0.0,ALL_IMG,SVM
391,Variance_of_Margin_Gradient_Tumor,0.0,0.0,ALL_IMG,SVM
392,Margin_Gradient_Tumor,0.0,0.0,ALL_IMG,SVM
393,Change_in_variance_of_Uptake_Tumor,0.0,0.0,ALL_IMG,SVM
394,Variance_of_Uptake_Tumor,0.0,0.0,ALL_IMG,SVM
395,inverse_difference_moment_normalized_tissue_PostCon,0.0,0.0,ALL_IMG,SVM
396,inverse_difference_normalized_tissue_PostCon,0.0,0.0,ALL_IMG,SVM
397,inverse_difference_is_homom_tissue_PostCon,0.0,0.0,ALL_IMG,SVM
398,information_measure_correlation2_tissue_PostCon,0.0,0.0,ALL_IMG,SVM
399,information_measure_correlation1_tissue_PostCon,0.0,0.0,ALL_IMG,SVM
400,difference_entropy_tissue_PostCon,0.0,0.0,ALL_IMG,SVM
401,sum_entropy_tissue_PostCon,0.0,0.0,ALL_IMG,SVM
402,sum_variance__tissue_PostCon,0.0,0.0,ALL_IMG,SVM
403,SER_map_Max_Probability_tumor,0.0,0.0,ALL_IMG,SVM
404,SER_map_sum_average_tumor,0.0,0.0,ALL_IMG,SVM
405,PE_map_information_measure_correlation2_tumor,0.0,0.0,ALL_IMG,SVM
406,SER_map_sum_variance__tumor,0.0,0.0,ALL_IMG,SVM
407,PE_map_information_measure_correlation1_tumor,0.0,0.0,ALL_IMG,SVM
408,PE_map_difference_entropy_tumor,0.0,0.0,ALL_IMG,SVM
409,PE_map_sum_entropy_tumor,0.0,0.0,ALL_IMG,SVM
410,PE_map_sum_variance__tumor,0.0,0.0,ALL_IMG,SVM
411,PE_map_sum_average_tumor,0.0,0.0,ALL_IMG,SVM
412,PE_map_Sum_of_Squares_variance_tumor,0.0,0.0,ALL_IMG,SVM
413,PE_map_Max_Probability_tumor,0.0,0.0,ALL_IMG,SVM
414,PE_map_Homogeneity2_tumor,0.0,0.0,ALL_IMG,SVM
415,PE_map_Homogeneity1_tumor,0.0,0.0,ALL_IMG,SVM
416,PE_map_Entropy_tumor,0.0,0.0,ALL_IMG,SVM
417,PE_map_Energy_tumor,0.0,0.0,ALL_IMG,SVM
418,PE_map_Dissimilarity_tumor,0.0,0.0,ALL_IMG,SVM
419,PE_map_Cluster_Shade_tumor,0.0,0.0,ALL_IMG,SVM
420,PE_map_Cluster_Prominence_tumor,0.0,0.0,ALL_IMG,SVM
421,PE_map_Correlation2_tumor,0.0,0.0,ALL_IMG,SVM
422,PE_map_Correlation1_tumor,0.0,0.0,ALL_IMG,SVM
423,PE_map_Contrast_tumor,0.0,0.0,ALL_IMG,SVM
424,PE_map_Autocorrelation_tumor,0.0,0.0,ALL_IMG,SVM
425,SER_map_kurtosis_tumor,0.0,0.0,ALL_IMG,SVM
426,SER_map_skewness_tumor,0.0,0.0,ALL_IMG,SVM
427,SER_map_std_dev_tumor,0.0,0.0,ALL_IMG,SVM
428,SER_map_mean_tumor,0.0,0.0,ALL_IMG,SVM
429,SER_map_inverse_difference_moment_normalized_tumor,0.0,0.0,ALL_IMG,SVM
430,SER_map_inverse_difference_normalized_tumor,0.0,0.0,ALL_IMG,SVM
431,SER_map_inverse_difference_is_homom_tumor,0.0,0.0,ALL_IMG,SVM
432,SER_map_information_measure_correlation2_tumor,0.0,0.0,ALL_IMG,SVM
433,SER_map_information_measure_correlation1_tumor,0.0,0.0,ALL_IMG,SVM
434,SER_map_difference_entropy_tumor,0.0,0.0,ALL_IMG,SVM
435,SER_map_sum_entropy_tumor,0.0,0.0,ALL_IMG,SVM
436,PE_map_Correlation1_tissue_T1,0.0,0.0,ALL_IMG,SVM
437,PE_map_Correlation2_tissue_T1,0.0,0.0,ALL_IMG,SVM
438,PE_map_Cluster_Prominence_tissue_T1,0.0,0.0,ALL_IMG,SVM
439,PE_map_inverse_difference_is_homom_tissue_PostCon,0.0,0.0,ALL_IMG,SVM
440,PE_map_information_measure_correlation1_tissue_PostCon,0.0,0.0,ALL_IMG,SVM
441,PE_map_difference_entropy_tissue_PostCon,0.0,0.0,ALL_IMG,SVM
442,PE_map_sum_entropy_tissue_PostCon,0.0,0.0,ALL_IMG,SVM
443,PE_map_sum_variance__tissue_PostCon,0.0,0.0,ALL_IMG,SVM
444,PE_map_sum_average_tissue_PostCon,0.0,0.0,ALL_IMG,SVM
445,PE_map_Sum_of_Squares_variance_tissue_PostCon,0.0,0.0,ALL_IMG,SVM
446,PE_map_Max_Probability_tissue_PostCon,0.0,0.0,ALL_IMG,SVM
447,PE_map_Homogeneity2_tissue_PostCon,0.0,0.0,ALL_IMG,SVM
448,PE_map_Homogeneity1_tissue_PostCon,0.0,0.0,ALL_IMG,SVM
449,PE_map_Entropy_tissue_PostCon,0.0,0.0,ALL_IMG,SVM
450,PE_map_Energy_tissue_PostCon,0.0,0.0,ALL_IMG,SVM
451,PE_map_Dissimilarity_tissue_PostCon,0.0,0.0,ALL_IMG,SVM
452,PE_map_Cluster_Shade_tissue_PostCon,0.0,0.0,ALL_IMG,SVM
453,PE_map_Cluster_Prominence_tissue_PostCon,0.0,0.0,ALL_IMG,SVM
454,PE_map_Correlation2_tissue_PostCon,0.0,0.0,ALL_IMG,SVM
455,PE_map_Correlation1_tissue_PostCon,0.0,0.0,ALL_IMG,SVM
456,PE_map_Contrast_tissue_PostCon,0.0,0.0,ALL_IMG,SVM
457,PE_map_Autocorrelation_tissue_PostCon,0.0,0.0,ALL_IMG,SVM
458,SER_map_kurtosis_tissue_PostCon,0.0,0.0,ALL_IMG,SVM
459,SER_map_skewness_tissue_PostCon,0.0,0.0,ALL_IMG,SVM
460,SER_map_std_dev_tissue_PostCon,0.0,0.0,ALL_IMG,SVM
461,SER_map_mean_tissue_PostCon,0.0,0.0,ALL_IMG,SVM
462,SER_map_inverse_difference_moment_normalized_tissue_PostCon,0.0,0.0,ALL_IMG,SVM
463,SER_map_inverse_difference_normalized_tissue_PostCon,0.0,0.0,ALL_IMG,SVM
464,SER_map_inverse_difference_is_homom_tissue_PostCon,0.0,0.0,ALL_IMG,SVM
465,SER_map_information_measure_correlation2_tissue_PostCon,0.0,0.0,ALL_IMG,SVM
466,SER_map_information_measure_correlation1_tissue_PostCon,0.0,0.0,ALL_IMG,SVM
467,SER_map_difference_entropy_tissue_PostCon,0.0,0.0,ALL_IMG,SVM
468,SER_map_sum_entropy_tissue_PostCon,0.0,0.0,ALL_IMG,SVM
469,PE_map_information_measure_correlation2_tissue_PostCon,0.0,0.0,ALL_IMG,SVM
470,PE_map_inverse_difference_normalized_tissue_PostCon,0.0,0.0,ALL_IMG,SVM
471,SER_map_sum_average_tissue_PostCon,0.0,0.0,ALL_IMG,SVM
472,PE_map_inverse_difference_moment_normalized_tissue_PostCon,0.0,0.0,ALL_IMG,SVM
473,WashinRate_map_skewness_tissue_PostCon,0.0,0.0,ALL_IMG,SVM
474,WashinRate_map_std_dev_tissue_PostCon,0.0,0.0,ALL_IMG,SVM
475,WashinRate_map_mean_tissue_PostCon,0.0,0.0,ALL_IMG,SVM
476,WashinRate_map_inverse_difference_moment_normalized_tissue_PostCon,0.0,0.0,ALL_IMG,SVM
477,WashinRate_map_inverse_difference_normalized_tissue_PostCon,0.0,0.0,ALL_IMG,SVM
478,WashinRate_map_inverse_difference_is_homom_tissue_PostCon,0.0,0.0,ALL_IMG,SVM
479,WashinRate_map_information_measure_correlation2_tissue_PostCon,0.0,0.0,ALL_IMG,SVM
480,WashinRate_map_information_measure_correlation1_tissue_PostCon,0.0,0.0,ALL_IMG,SVM
481,WashinRate_map_difference_entropy_tissue_PostCon,0.0,0.0,ALL_IMG,SVM
482,WashinRate_map_sum_entropy_tissue_PostCon,0.0,0.0,ALL_IMG,SVM
483,WashinRate_map_sum_variance__tissue_PostCon,0.0,0.0,ALL_IMG,SVM
484,WashinRate_map_sum_average_tissue_PostCon,0.0,0.0,ALL_IMG,SVM
485,WashinRate_map_Sum_of_Squares_variance_tissue_PostCon,0.0,0.0,ALL_IMG,SVM
486,WashinRate_map_Max_Probability_tissue_PostCon,0.0,0.0,ALL_IMG,SVM
487,WashinRate_map_Homogeneity2_tissue_PostCon,0.0,0.0,ALL_IMG,SVM
488,WashinRate_map_Homogeneity1_tissue_PostCon,0.0,0.0,ALL_IMG,SVM
489,WashinRate_map_Entropy_tissue_PostCon,0.0,0.0,ALL_IMG,SVM
490,WashinRate_map_Energy_tissue_PostCon,0.0,0.0,ALL_IMG,SVM
491,WashinRate_map_Dissimilarity_tissue_PostCon,0.0,0.0,ALL_IMG,SVM
492,WashinRate_map_Cluster_Shade_tissue_PostCon,0.0,0.0,ALL_IMG,SVM
493,WashinRate_map_Cluster_Prominence_tissue_PostCon,0.0,0.0,ALL_IMG,SVM
494,WashinRate_map_Correlation2_tissue_PostCon,0.0,0.0,ALL_IMG,SVM
495,WashinRate_map_Correlation1_tissue_PostCon,0.0,0.0,ALL_IMG,SVM
496,WashinRate_map_Contrast_tissue_PostCon,0.0,0.0,ALL_IMG,SVM
497,WashinRate_map_Autocorrelation_tissue_PostCon,0.0,0.0,ALL_IMG,SVM
498,PE_map_kurtosis_tissue_PostCon,0.0,0.0,ALL_IMG,SVM
499,PE_map_skewness_tissue_PostCon,0.0,0.0,ALL_IMG,SVM
500,PE_map_std_dev_tissue_PostCon,0.0,0.0,ALL_IMG,SVM
501,PE_map_mean_tissue_PostCon,0.0,0.0,ALL_IMG,SVM
502,SER_map_sum_variance__tissue_PostCon,0.0,0.0,ALL_IMG,SVM
503,SER_map_Sum_of_Squares_variance_tissue_PostCon,0.0,0.0,ALL_IMG,SVM
504,PE_map_Cluster_Shade_tissue_T1,0.0,0.0,ALL_IMG,SVM
505,WashinRate_map_Homogeneity2_tissue_T1,0.0,0.0,ALL_IMG,SVM
506,WashinRate_map_Entropy_tissue_T1,0.0,0.0,ALL_IMG,SVM
507,WashinRate_map_Energy_tissue_T1,0.0,0.0,ALL_IMG,SVM
508,WashinRate_map_Dissimilarity_tissue_T1,0.0,0.0,ALL_IMG,SVM
509,WashinRate_map_Cluster_Shade_tissue_T1,0.0,0.0,ALL_IMG,SVM
510,WashinRate_map_Cluster_Prominence_tissue_T1,0.0,0.0,ALL_IMG,SVM
511,WashinRate_map_Correlation2_tissue_T1,0.0,0.0,ALL_IMG,SVM
512,WashinRate_map_Correlation1_tissue_T1,0.0,0.0,ALL_IMG,SVM
513,WashinRate_map_Contrast_tissue_T1,0.0,0.0,ALL_IMG,SVM
514,WashinRate_map_Autocorrelation_tissue_T1,0.0,0.0,ALL_IMG,SVM
515,PE_map_kurtosis_tissue_T1,0.0,0.0,ALL_IMG,SVM
516,PE_map_skewness_tissue_T1,0.0,0.0,ALL_IMG,SVM
517,PE_map_std_dev_tissue_T1,0.0,0.0,ALL_IMG,SVM
518,PE_map_mean_tissue_T1,0.0,0.0,ALL_IMG,SVM
519,PE_map_inverse_difference_moment_normalized_tissue_T1,0.0,0.0,ALL_IMG,SVM
520,PE_map_inverse_difference_normalized_tissue_T1,0.0,0.0,ALL_IMG,SVM
521,PE_map_inverse_difference_is_homom_tissue_T1,0.0,0.0,ALL_IMG,SVM
522,PE_map_information_measure_correlation2_tissue_T1,0.0,0.0,ALL_IMG,SVM
523,PE_map_information_measure_correlation1_tissue_T1,0.0,0.0,ALL_IMG,SVM
524,PE_map_difference_entropy_tissue_T1,0.0,0.0,ALL_IMG,SVM
525,PE_map_sum_entropy_tissue_T1,0.0,0.0,ALL_IMG,SVM
526,PE_map_sum_variance__tissue_T1,0.0,0.0,ALL_IMG,SVM
527,PE_map_sum_average_tissue_T1,0.0,0.0,ALL_IMG,SVM
528,PE_map_Sum_of_Squares_variance_tissue_T1,0.0,0.0,ALL_IMG,SVM
529,PE_map_Max_Probability_tissue_T1,0.0,0.0,ALL_IMG,SVM
530,PE_map_Homogeneity2_tissue_T1,0.0,0.0,ALL_IMG,SVM
531,PE_map_Homogeneity1_tissue_T1,0.0,0.0,ALL_IMG,SVM
532,PE_map_Entropy_tissue_T1,0.0,0.0,ALL_IMG,SVM
533,PE_map_Energy_tissue_T1,0.0,0.0,ALL_IMG,SVM
534,PE_map_Dissimilarity_tissue_T1,0.0,0.0,ALL_IMG,SVM
535,WashinRate_map_Homogeneity1_tissue_T1,0.0,0.0,ALL_IMG,SVM
536,WashinRate_map_Max_Probability_tissue_T1,0.0,0.0,ALL_IMG,SVM
537,SER_map_Max_Probability_tissue_PostCon,0.0,0.0,ALL_IMG,SVM
538,WashinRate_map_Sum_of_Squares_variance_tissue_T1,0.0,0.0,ALL_IMG,SVM
539,SER_map_Homogeneity2_tissue_PostCon,0.0,0.0,ALL_IMG,SVM
540,SER_map_Homogeneity1_tissue_PostCon,0.0,0.0,ALL_IMG,SVM
541,SER_map_Entropy_tissue_PostCon,0.0,0.0,ALL_IMG,SVM
542,SER_map_Energy_tissue_PostCon,0.0,0.0,ALL_IMG,SVM
543,SER_map_Dissimilarity_tissue_PostCon,0.0,0.0,ALL_IMG,SVM
544,SER_map_Cluster_Shade_tissue_PostCon,0.0,0.0,ALL_IMG,SVM
545,SER_map_Cluster_Prominence_tissue_PostCon,0.0,0.0,ALL_IMG,SVM
546,SER_map_Correlation2_tissue_PostCon,0.0,0.0,ALL_IMG,SVM
547,SER_map_Correlation1_tissue_PostCon,0.0,0.0,ALL_IMG,SVM
548,SER_map_Contrast_tissue_PostCon,0.0,0.0,ALL_IMG,SVM
549,SER_map_Autocorrelation_tissue_PostCon,0.0,0.0,ALL_IMG,SVM
550,Peak_PE_tissue_PostCon,0.0,0.0,ALL_IMG,SVM
551,Peak_SER_tissue_PostCon,0.0,0.0,ALL_IMG,SVM
552,SER_Washout_tissue_vol_cu_mm_PostCon,0.0,0.0,ALL_IMG,SVM
553,SER_Partial_tissue_vol_cu_mm_PostCon,0.0,0.0,ALL_IMG,SVM
554,SER_Total_tissue_vol_cu_mm_PostCon,0.0,0.0,ALL_IMG,SVM
555,WashinRate_map_kurtosis_tissue_T1,0.0,0.0,ALL_IMG,SVM
556,WashinRate_map_skewness_tissue_T1,0.0,0.0,ALL_IMG,SVM
557,WashinRate_map_std_dev_tissue_T1,0.0,0.0,ALL_IMG,SVM
558,WashinRate_map_mean_tissue_T1,0.0,0.0,ALL_IMG,SVM
559,WashinRate_map_inverse_difference_moment_normalized_tissue_T1,0.0,0.0,ALL_IMG,SVM
560,WashinRate_map_inverse_difference_normalized_tissue_T1,0.0,0.0,ALL_IMG,SVM
561,WashinRate_map_inverse_difference_is_homom_tissue_T1,0.0,0.0,ALL_IMG,SVM
562,WashinRate_map_information_measure_correlation2_tissue_T1,0.0,0.0,ALL_IMG,SVM
563,WashinRate_map_information_measure_correlation1_tissue_T1,0.0,0.0,ALL_IMG,SVM
564,WashinRate_map_difference_entropy_tissue_T1,0.0,0.0,ALL_IMG,SVM
565,WashinRate_map_sum_entropy_tissue_T1,0.0,0.0,ALL_IMG,SVM
566,WashinRate_map_sum_variance__tissue_T1,0.0,0.0,ALL_IMG,SVM
567,WashinRate_map_sum_average_tissue_T1,0.0,0.0,ALL_IMG,SVM
568,sum_average_tissue_PostCon,0.0,0.0,ALL_IMG,SVM
569,Max_Probability_tissue_PostCon,0.0,0.0,ALL_IMG,SVM
570,"F1_DT_POSTCON (T11=0.05,T12=0.1)",0.0,0.0,ALL_IMG,SVM
571,Ratio_Tissue_vol_enhancing_more_than_30percent_from_PostCon_to_Breast_Vol,0.0,0.0,ALL_IMG,SVM
572,Ratio_Tissue_vol_enhancing_more_than_60percent_from_PostCon_to_Tissue_Vol,0.0,0.0,ALL_IMG,SVM
573,Ratio_Tissue_vol_enhancing_more_than_50percent_from_PostCon_to_Tissue_Vol,0.0,0.0,ALL_IMG,SVM
574,Ratio_Tissue_vol_enhancing_more_than_40percent_from_PostCon_to_Tissue_Vol,0.0,0.0,ALL_IMG,SVM
575,Ratio_Tissue_vol_enhancing_more_than_30percent_from_PostCon_to_Tissue_Vol,0.0,0.0,ALL_IMG,SVM
576,Ratio_Tissue_vol_enhancing_more_than_20percent_from_PostCon_to_Tissue_Vol,0.0,0.0,ALL_IMG,SVM
577,Ratio_Tissue_vol_enhancing_more_than_10percent_from_PostCon_to_Tissue_Vol,0.0,0.0,ALL_IMG,SVM
578,Ratio_Tissue_vol_enhancing_more_than_0percent_from_PostCon_to_Tissue_Vol,0.0,0.0,ALL_IMG,SVM
579,Ratio_Tissue_vol_enhancing_more_than_100percent_from_PostCon_to_Breast_Vol,0.0,0.0,ALL_IMG,SVM
580,Ratio_Tissue_vol_enhancing_more_than_90percent_from_PostCon_to_Breast_Vol,0.0,0.0,ALL_IMG,SVM
581,Ratio_Tissue_vol_enhancing_more_than_80percent_from_PostCon_to_Breast_Vol,0.0,0.0,ALL_IMG,SVM
582,Ratio_Tissue_vol_enhancing_more_than_70percent_from_PostCon_to_Breast_Vol,0.0,0.0,ALL_IMG,SVM
583,Ratio_Tissue_vol_enhancing_more_than_60percent_from_PostCon_to_Breast_Vol,0.0,0.0,ALL_IMG,SVM
584,Ratio_Tissue_vol_enhancing_more_than_50percent_from_PostCon_to_Breast_Vol,0.0,0.0,ALL_IMG,SVM
585,Ratio_Tissue_vol_enhancing_more_than_40percent_from_PostCon_to_Breast_Vol,0.0,0.0,ALL_IMG,SVM
586,Ratio_Tissue_vol_enhancing_more_than_20percent_from_PostCon_to_Breast_Vol,0.0,0.0,ALL_IMG,SVM
587,Homogeneity2_tissue_PostCon,0.0,0.0,ALL_IMG,SVM
588,Ratio_Tissue_vol_enhancing_more_than_10percent_from_PostCon_to_Breast_Vol,0.0,0.0,ALL_IMG,SVM
589,Ratio_Tissue_vol_enhancing_more_than_0percent_from_PostCon_to_Breast_Vol,0.0,0.0,ALL_IMG,SVM
590,tissueVol_PostCon,0.0,0.0,ALL_IMG,SVM
591,breastDensity_T1,0.0,0.0,ALL_IMG,SVM
592,Ratio_Tissue_vol_enhancing_more_than_100percent_from_T1_to_Tissue_Vol,0.0,0.0,ALL_IMG,SVM
593,Ratio_Tissue_vol_enhancing_more_than_90percent_from_T1_to_Tissue_Vol,0.0,0.0,ALL_IMG,SVM
594,Ratio_Tissue_vol_enhancing_more_than_80percent_from_T1_to_Tissue_Vol,0.0,0.0,ALL_IMG,SVM
595,Ratio_Tissue_vol_enhancing_more_than_70percent_from_T1_to_Tissue_Vol,0.0,0.0,ALL_IMG,SVM
596,Ratio_Tissue_vol_enhancing_more_than_60percent_from_T1_to_Tissue_Vol,0.0,0.0,ALL_IMG,SVM
597,Ratio_Tissue_vol_enhancing_more_than_50percent_from_T1_to_Tissue_Vol,0.0,0.0,ALL_IMG,SVM
598,Ratio_Tissue_vol_enhancing_more_than_40percent_from_T1_to_Tissue_Vol,0.0,0.0,ALL_IMG,SVM
599,Ratio_Tissue_vol_enhancing_more_than_30percent_from_T1_to_Tissue_Vol,0.0,0.0,ALL_IMG,SVM
600,Ratio_Tissue_vol_enhancing_more_than_20percent_from_T1_to_Tissue_Vol,0.0,0.0,ALL_IMG,SVM
601,Ratio_Tissue_vol_enhancing_more_than_10percent_from_T1_to_Tissue_Vol,0.0,0.0,ALL_IMG,SVM
602,Ratio_Tissue_vol_enhancing_more_than_70percent_from_PostCon_to_Tissue_Vol,0.0,0.0,ALL_IMG,SVM
603,Ratio_Tissue_vol_enhancing_more_than_80percent_from_PostCon_to_Tissue_Vol,0.0,0.0,ALL_IMG,SVM
604,Ratio_Tissue_vol_enhancing_more_than_90percent_from_PostCon_to_Tissue_Vol,0.0,0.0,ALL_IMG,SVM
605,Ratio_Tissue_vol_enhancing_more_than_100percent_from_PostCon_to_Tissue_Vol,0.0,0.0,ALL_IMG,SVM
606,Grouping_based_variance_of_peak_enhancement_slope_2D_tumorSlice_Group_2,0.0,0.0,ALL_IMG,SVM
607,Grouping_based_variance_of_peak_enhancement_slope_2D_tumorSlice_Group_1,0.0,0.0,ALL_IMG,SVM
608,Grouping_based_mean_of_peak_enhancement_slope_2D_tumorSlice_Group_3,0.0,0.0,ALL_IMG,SVM
609,Grouping_based_mean_of_peak_enhancement_slope_2D_tumorSlice_Group_2,0.0,0.0,ALL_IMG,SVM
610,Grouping_based_mean_of_peak_enhancement_slope_2D_tumorSlice_Group_1,0.0,0.0,ALL_IMG,SVM
611,Grouping_based_proportion_of_tumor_voxels_3D_tumor_Group_3,0.0,0.0,ALL_IMG,SVM
612,Grouping_based_proportion_of_tumor_voxels_3D_tumor_Group_2,0.0,0.0,ALL_IMG,SVM
613,Grouping_based_proportion_of_tumor_voxels_3D_tumor_Group_1,0.0,0.0,ALL_IMG,SVM
614,Grouping_based_variance_of_washout_slope_3D_tumor_Group_2,0.0,0.0,ALL_IMG,SVM
615,Grouping_based_variance_of_washout_slope_3D_tumor_Group_1,0.0,0.0,ALL_IMG,SVM
616,Grouping_based_mean_of_washout_slope_3D_tumor_Group_2,0.0,0.0,ALL_IMG,SVM
617,Grouping_based_mean_of_washout_slope_3D_tumor_Group_1,0.0,0.0,ALL_IMG,SVM
618,Grouping_based_variance_of_washin_slope_3D_tumor_Group_3,0.0,0.0,ALL_IMG,SVM
619,Grouping_based_variance_of_washin_slope_3D_tumor_Group_2,0.0,0.0,ALL_IMG,SVM
620,Grouping_based_variance_of_washin_slope_3D_tumor_Group_1,0.0,0.0,ALL_IMG,SVM
621,Grouping_based_mean_of_washin_slope_3D_tumor_Group_3,0.0,0.0,ALL_IMG,SVM
622,Grouping_based_mean_of_washin_slope_3D_tumor_Group_2,0.0,0.0,ALL_IMG,SVM
623,Grouping_based_mean_of_washin_slope_3D_tumor_Group_1,0.0,0.0,ALL_IMG,SVM
624,Grouping_based_variance_of_peak_enhancement_slope_3D_tumor_Group_3,0.0,0.0,ALL_IMG,SVM
625,Grouping_based_variance_of_peak_enhancement_slope_3D_tumor_Group_2,0.0,0.0,ALL_IMG,SVM
626,Grouping_based_variance_of_peak_enhancement_slope_3D_tumor_Group_1,0.0,0.0,ALL_IMG,SVM
627,Grouping_based_mean_of_peak_enhancement_slope_3D_tumor_Group_3,0.0,0.0,ALL_IMG,SVM
628,Grouping_based_mean_of_peak_enhancement_slope_3D_tumor_Group_2,0.0,0.0,ALL_IMG,SVM
629,Grouping_based_mean_of_peak_enhancement_slope_3D_tumor_Group_1,0.0,0.0,ALL_IMG,SVM
630,Enhancement_variance_decreasing_rate_Tumor,0.0,0.0,ALL_IMG,SVM
631,Enhancement_variance_increasing_rate_Tumor,0.0,0.0,ALL_IMG,SVM
632,Peak_location_of_enhancement_variance_dynamics_Tumor,0.0,0.0,ALL_IMG,SVM
633,Maximum_variance_of_enhancement_Tumor,0.0,0.0,ALL_IMG,SVM
634,breastDensity_PostCon,0.0,0.0,ALL_IMG,SVM
635,Ratio_Tissue_vol_enhancing_more_than_0percent_from_T1_to_Tissue_Vol,0.0,0.0,ALL_IMG,SVM
636,Ratio_Tissue_vol_enhancing_more_than_100percent_from_T1_to_Breast_Vol,0.0,0.0,ALL_IMG,SVM
637,Ratio_Tissue_vol_enhancing_more_than_90percent_from_T1_to_Breast_Vol,0.0,0.0,ALL_IMG,SVM
638,Energy_Tumor,0.0,0.0,ALL_IMG,SVM
639,Cluster_Shade_Tumor,0.0,0.0,ALL_IMG,SVM
640,Cluster_Prominence_Tumor,0.0,0.0,ALL_IMG,SVM
641,Correlation2_Tumor,0.0,0.0,ALL_IMG,SVM
642,Correlation1_Tumor,0.0,0.0,ALL_IMG,SVM
643,Contrast_Tumor,0.0,0.0,ALL_IMG,SVM
644,Autocorrelation_Tumor,0.0,0.0,ALL_IMG,SVM
645,Volume_cu_mm_Tumor,0.0,0.0,ALL_IMG,SVM
646,ASD_Tumor,0.0,0.0,ALL_IMG,SVM
647,MF_Tumor,0.0,0.0,ALL_IMG,SVM
648,BEDR2_Tumor,0.0,0.0,ALL_IMG,SVM
649,BEDR1_Tumor,0.0,0.0,ALL_IMG,SVM
650,BEVR_Tumor,0.0,0.0,ALL_IMG,SVM
651,TumorMajorAxisLength_mm,0.0,0.0,ALL_IMG,SVM
652,"F1_DT_T1NFS (T11=0.2,T12=0.8)",0.0,0.0,ALL_IMG,SVM
653,"F1_DT_T1NFS (T11=0.2,T12=0.5)",0.0,0.0,ALL_IMG,SVM
654,"F1_DT_T1NFS (T11=0.1,T12=0.8)",0.0,0.0,ALL_IMG,SVM
655,"F1_DT_T1NFS (T11=0.1,T12=0.5)",0.0,0.0,ALL_IMG,SVM
656,"F1_DT_T1NFS (T11=0.05,T12=0.8)",0.0,0.0,ALL_IMG,SVM
657,"F1_DT_T1NFS (T11=0.02,T12=0.8)",0.0,0.0,ALL_IMG,SVM
658,"F1_DT_T1NFS (T11=0.02,T12=0.5)",0.0,0.0,ALL_IMG,SVM
659,"F1_DT_T1NFS(T11=0.05,T12=0.1)",0.0,0.0,ALL_IMG,SVM
660,"F1_DT_T1NFS (T11=0.05,T12=0.5)",0.0,0.0,ALL_IMG,SVM
661,"F1_DT_POSTCON (T11=0.2,T12=0.8)",0.0,0.0,ALL_IMG,SVM
662,"F1_DT_POSTCON (T11=0.2,T12=0.5)",0.0,0.0,ALL_IMG,SVM
663,"F1_DT_POSTCON (T11=0.1,T12=0.8)",0.0,0.0,ALL_IMG,SVM
664,"F1_DT_POSTCON (T11=0.1,T12=0.5)",0.0,0.0,ALL_IMG,SVM
665,"F1_DT_POSTCON (T11=0.05,T12=0.8)",0.0,0.0,ALL_IMG,SVM
666,"F1_DT_POSTCON (T11=0.02,T12=0.8)",0.0,0.0,ALL_IMG,SVM
667,"F1_DT_POSTCON (T11=0.02,T12=0.5)",0.0,0.0,ALL_IMG,SVM
668,Dissimilarity_Tumor,0.0,0.0,ALL_IMG,SVM
669,Entropy_Tumor,0.0,0.0,ALL_IMG,SVM
670,Ratio_Tissue_vol_enhancing_more_than_80percent_from_T1_to_Breast_Vol,0.0,0.0,ALL_IMG,SVM
671,Homogeneity1_Tumor,0.0,0.0,ALL_IMG,SVM
672,Ratio_Tissue_vol_enhancing_more_than_70percent_from_T1_to_Breast_Vol,0.0,0.0,ALL_IMG,SVM
673,Ratio_Tissue_vol_enhancing_more_than_60percent_from_T1_to_Breast_Vol,0.0,0.0,ALL_IMG,SVM
674,Ratio_Tissue_vol_enhancing_more_than_50percent_from_T1_to_Breast_Vol,0.0,0.0,ALL_IMG,SVM
675,Ratio_Tissue_vol_enhancing_more_than_40percent_from_T1_to_Breast_Vol,0.0,0.0,ALL_IMG,SVM
676,Ratio_Tissue_vol_enhancing_more_than_30percent_from_T1_to_Breast_Vol,0.0,0.0,ALL_IMG,SVM
677,Ratio_Tissue_vol_enhancing_more_than_20percent_from_T1_to_Breast_Vol,0.0,0.0,ALL_IMG,SVM
678,Ratio_Tissue_vol_enhancing_more_than_10percent_from_T1_to_Breast_Vol,0.0,0.0,ALL_IMG,SVM
679,Ratio_Tissue_vol_enhancing_more_than_0percent_from_T1_to_Breast_Vol,0.0,0.0,ALL_IMG,SVM
680,tissueVol_T1,0.0,0.0,ALL_IMG,SVM
681,BreastVol,0.0,0.0,ALL_IMG,SVM
682,Washout_rate_from_char_curv,0.0,0.0,ALL_IMG,SVM
683,Uptake_rate_from_char_curv,0.0,0.0,ALL_IMG,SVM
684,Time_to_Peak_from_char_curv,0.0,0.0,ALL_IMG,SVM
685,Max_Enhancement_from_char_curv,0.0,0.0,ALL_IMG,SVM
686,Median_Euler_No_Tumor,0.0,0.0,ALL_IMG,SVM
687,Median_Elongation_Tumor,0.0,0.0,ALL_IMG,SVM
688,Median_solidity_Tumor,0.0,0.0,ALL_IMG,SVM
689,Inv_diff_moment_normalized_Tumor,0.0,0.0,ALL_IMG,SVM
690,Inv_Diff_normalized_Tumor,0.0,0.0,ALL_IMG,SVM
691,Inv_Diff_homo_Tumor,0.0,0.0,ALL_IMG,SVM
692,Inf_mea_of_corr2_Tumor,0.0,0.0,ALL_IMG,SVM
693,Inf_mea_of_corr1_Tumor,0.0,0.0,ALL_IMG,SVM
694,Diff_entropy_Tumor,0.0,0.0,ALL_IMG,SVM
695,Sum_entropy_Tumor,0.0,0.0,ALL_IMG,SVM
696,Sum_variance_Tumor,0.0,0.0,ALL_IMG,SVM
697,Sum_avg_Tumor,0.0,0.0,ALL_IMG,SVM
698,Sum_of_squares_variance_Tumor,0.0,0.0,ALL_IMG,SVM
699,Max_probability_Tumor,0.0,0.0,ALL_IMG,SVM
700,Homogeneity2_Tumor,0.0,0.0,ALL_IMG,SVM
701,Grouping_based_variance_of_peak_enhancement_slope_2D_tumorSlice_Group_3,0.0,0.0,ALL_IMG,SVM
702,Grouping_based_mean_of_washin_slope_2D_tumorSlice_Group_1,0.0,0.0,ALL_IMG,SVM
703,Grouping_based_mean_of_washin_slope_2D_tumorSlice_Group_2,0.0,0.0,ALL_IMG,SVM
704,Autocorrelation_tissue_T1,0.0,0.0,ALL_IMG,SVM
705,Mean_norm_DLBP_max_timepoint_binsize_128_with_filling_Tumor,0.0,0.0,ALL_IMG,SVM
706,Mean_norm_DLBP_max_timepoint_binsize_64_with_filling_Tumor,0.0,0.0,ALL_IMG,SVM
707,Mean_norm_DLBP_max_timepoint_binsize_33_with_filling_Tumor,0.0,0.0,ALL_IMG,SVM
708,Mean_norm_DLBP_max_timepoint_binsize_16_with_filling_Tumor,0.0,0.0,ALL_IMG,SVM
709,Mean_norm_DLBP_max_timepoint_binsize_8_with_filling_Tumor,0.0,0.0,ALL_IMG,SVM
710,Mean_norm_DHOG_max_timepoint_binsize_10_with_filling_Tumor,0.0,0.0,ALL_IMG,SVM
711,Mean_norm_DHOG_max_timepoint_binsize_8_with_filling_Tumor,0.0,0.0,ALL_IMG,SVM
712,Mean_norm_DHOG_max_timepoint_binsize_6_with_filling_Tumor,0.0,0.0,ALL_IMG,SVM
713,Mean_norm_DHOG_max_timepoint_binsize_4_with_filling_Tumor,0.0,0.0,ALL_IMG,SVM
714,Mean_norm_DHOG_max_timepoint_binsize_2_with_filling_Tumor,0.0,0.0,ALL_IMG,SVM
715,Mean_norm_DLBP_max_timepoint_binsize_256_without_filling_Tumor,0.0,0.0,ALL_IMG,SVM
716,Mean_norm_DLBP_max_timepoint_binsize_128_without_filling_Tumor,0.0,0.0,ALL_IMG,SVM
717,Mean_norm_DLBP_max_timepoint_binsize_64_without_filling_Tumor,0.0,0.0,ALL_IMG,SVM
718,Mean_norm_DLBP_max_timepoint_binsize_33_without_filling_Tumor,0.0,0.0,ALL_IMG,SVM
719,Mean_norm_DLBP_max_timepoint_binsize_16_without_filling_Tumor,0.0,0.0,ALL_IMG,SVM
720,Mean_norm_DLBP_max_timepoint_binsize_8_without_filling_Tumor,0.0,0.0,ALL_IMG,SVM
721,Mean_norm_DHOG_max_timepoint_binsize_10_without_filling_Tumor,0.0,0.0,ALL_IMG,SVM
722,Mean_norm_DHOG_max_timepoint_binsize_8_without_filling_Tumor,0.0,0.0,ALL_IMG,SVM
723,Mean_norm_DHOG_max_timepoint_binsize_6_without_filling_Tumor,0.0,0.0,ALL_IMG,SVM
724,Mean_norm_DHOG_max_timepoint_binsize_4_without_filling_Tumor,0.0,0.0,ALL_IMG,SVM
725,Mean_norm_DHOG_max_timepoint_binsize_2_without_filling_Tumor,0.0,0.0,ALL_IMG,SVM
726,2nd_DFT_CoeffMap_Momment_Invariant_4_2D_tumorSlice,0.0,0.0,ALL_IMG,SVM
727,2nd_DFT_CoeffMap_Momment_Invariant_3_2D_tumorSlice,0.0,0.0,ALL_IMG,SVM
728,2nd_DFT_CoeffMap_Momment_Invariant_2_2D_tumorSlice,0.0,0.0,ALL_IMG,SVM
729,2nd_DFT_CoeffMap_Momment_Invariant_1_2D_tumorSlice,0.0,0.0,ALL_IMG,SVM
730,1st_DFT_CoeffMap_Momment_Invariant_7_2D_tumorSlice,0.0,0.0,ALL_IMG,SVM
731,1st_DFT_CoeffMap_Momment_Invariant_6_2D_tumorSlice,0.0,0.0,ALL_IMG,SVM
732,1st_DFT_CoeffMap_Momment_Invariant_5_2D_tumorSlice,0.0,0.0,ALL_IMG,SVM
733,1st_DFT_CoeffMap_Momment_Invariant_4_2D_tumorSlice,0.0,0.0,ALL_IMG,SVM
734,Mean_norm_DLBP_max_timepoint_binsize_256_with_filling_Tumor,0.0,0.0,ALL_IMG,SVM
735,Contrast_tissue_T1,0.0,0.0,ALL_IMG,SVM
736,1st_DFT_CoeffMap_Momment_Invariant_2_2D_tumorSlice,0.0,0.0,ALL_IMG,SVM
737,Correlation1_tissue_T1,0.0,0.0,ALL_IMG,SVM
738,Homogeneity1_tissue_PostCon,0.0,0.0,ALL_IMG,SVM
739,Entropy_tissue_PostCon,0.0,0.0,ALL_IMG,SVM
740,Energy_tissue_PostCon,0.0,0.0,ALL_IMG,SVM
741,Dissimilarity_tissue_PostCon,0.0,0.0,ALL_IMG,SVM
742,Cluster_Shade_tissue_PostCon,0.0,0.0,ALL_IMG,SVM
743,Cluster_Prominence_tissue_PostCon,0.0,0.0,ALL_IMG,SVM
744,Correlation2_tissue_PostCon,0.0,0.0,ALL_IMG,SVM
745,Correlation1_tissue_PostCon,0.0,0.0,ALL_IMG,SVM
746,Contrast_tissue_PostCon,0.0,0.0,ALL_IMG,SVM
747,Autocorrelation_tissue_PostCon,0.0,0.0,ALL_IMG,SVM
748,inverse_difference_moment_normalized_tissue_T1,0.0,0.0,ALL_IMG,SVM
749,inverse_difference_normalized_tissue_T1,0.0,0.0,ALL_IMG,SVM
750,inverse_difference_is_homom_tissue_T1,0.0,0.0,ALL_IMG,SVM
751,information_measure_correlation2_tissue_T1,0.0,0.0,ALL_IMG,SVM
752,information_measure_correlation1_tissue_T1,0.0,0.0,ALL_IMG,SVM
753,difference_entropy_tissue_T1,0.0,0.0,ALL_IMG,SVM
754,sum_entropy_tissue_T1,0.0,0.0,ALL_IMG,SVM
755,sum_variance__tissue_T1,0.0,0.0,ALL_IMG,SVM
756,sum_average_tissue_T1,0.0,0.0,ALL_IMG,SVM
757,Sum_of_Squares_variance_tissue_T1,0.0,0.0,ALL_IMG,SVM
758,Max_Probability_tissue_T1,0.0,0.0,ALL_IMG,SVM
759,Homogeneity2_tissue_T1,0.0,0.0,ALL_IMG,SVM
760,Homogeneity1_tissue_T1,0.0,0.0,ALL_IMG,SVM
761,Entropy_tissue_T1,0.0,0.0,ALL_IMG,SVM
762,Energy_tissue_T1,0.0,0.0,ALL_IMG,SVM
763,Dissimilarity_tissue_T1,0.0,0.0,ALL_IMG,SVM
764,Cluster_Shade_tissue_T1,0.0,0.0,ALL_IMG,SVM
765,Cluster_Prominence_tissue_T1,0.0,0.0,ALL_IMG,SVM
766,Correlation2_tissue_T1,0.0,0.0,ALL_IMG,SVM
767,1st_DFT_CoeffMap_Momment_Invariant_3_2D_tumorSlice,0.0,0.0,ALL_IMG,SVM
768,1st_DFT_CoeffMap_Momment_Invariant_1_2D_tumorSlice,0.0,0.0,ALL_IMG,SVM
769,Grouping_based_mean_of_washin_slope_2D_tumorSlice_Group_3,0.0,0.0,ALL_IMG,SVM
770,Grouping_based_mean_of_peak_enhancement_slope_3D_tissue_PostCon_Group_2,0.0,0.0,ALL_IMG,SVM
771,Grouping_based_proportion_of_3D_tissue_T1_Group_3,0.0,0.0,ALL_IMG,SVM
772,Grouping_based_proportion_of_3D_tissue_T1_Group_2,0.0,0.0,ALL_IMG,SVM
773,Grouping_based_proportion_of_3D_tissue_T1_Group_1,0.0,0.0,ALL_IMG,SVM
774,Grouping_based_variance_of_washout_slope_3D_tissue_T1_Group_2,0.0,0.0,ALL_IMG,SVM
775,Grouping_based_variance_of_washout_slope_3D_tissue_T1_Group_1,0.0,0.0,ALL_IMG,SVM
776,Grouping_based_mean_of_washout_slope_3D_tissue_T1_Group_2,0.0,0.0,ALL_IMG,SVM
777,Grouping_based_mean_of_washout_slope_3D_tissue_T1_Group_1,0.0,0.0,ALL_IMG,SVM
778,Grouping_based_variance_of_washin_slope_3D_tissue_T1_Group_3,0.0,0.0,ALL_IMG,SVM
779,Grouping_based_variance_of_washin_slope_3D_tissue_T1_Group_2,0.0,0.0,ALL_IMG,SVM
780,Grouping_based_variance_of_washin_slope_3D_tissue_T1_Group_1,0.0,0.0,ALL_IMG,SVM
781,Grouping_based_mean_of_washin_slope_3D_tissue_T1_Group_3,0.0,0.0,ALL_IMG,SVM
782,Grouping_based_mean_of_washin_slope_3D_tissue_T1_Group_2,0.0,0.0,ALL_IMG,SVM
783,Grouping_based_mean_of_washin_slope_3D_tissue_T1_Group_1,0.0,0.0,ALL_IMG,SVM
784,Grouping_based_variance_of_peak_enhancement_slope_3D_tissue_T1_Group_3,0.0,0.0,ALL_IMG,SVM
785,Grouping_based_variance_of_peak_enhancement_slope_3D_tissue_T1_Group_2,0.0,0.0,ALL_IMG,SVM
786,Grouping_based_variance_of_peak_enhancement_slope_3D_tissue_T1_Group_1,0.0,0.0,ALL_IMG,SVM
787,Grouping_based_mean_of_peak_enhancement_slope_3D_tissue_T1_Group_3,0.0,0.0,ALL_IMG,SVM
788,Grouping_based_mean_of_peak_enhancement_slope_3D_tissue_T1_Group_2,0.0,0.0,ALL_IMG,SVM
789,Grouping_based_mean_of_peak_enhancement_slope_3D_tissue_T1_Group_1,0.0,0.0,ALL_IMG,SVM
790,Grouping_based_proportion_of_tumor_voxels_2D_tumorSlice_Group_3,0.0,0.0,ALL_IMG,SVM
791,Grouping_based_proportion_of_tumor_voxels_2D_tumorSlice_Group_2,0.0,0.0,ALL_IMG,SVM
792,Grouping_based_proportion_of_tumor_voxels_2D_tumorSlice_Group_1,0.0,0.0,ALL_IMG,SVM
793,Grouping_based_variance_of_washout_slope_2D_tumorSlice_Group_2,0.0,0.0,ALL_IMG,SVM
794,Grouping_based_variance_of_washout_slope_2D_tumorSlice_Group_1,0.0,0.0,ALL_IMG,SVM
795,Grouping_based_mean_of_washout_slope_2D_tumorSlice_Group_2,0.0,0.0,ALL_IMG,SVM
796,Grouping_based_mean_of_washout_slope_2D_tumorSlice_Group_1,0.0,0.0,ALL_IMG,SVM
797,Grouping_based_variance_of_washin_slope_2D_tumorSlice_Group_3,0.0,0.0,ALL_IMG,SVM
798,Grouping_based_variance_of_washin_slope_2D_tumorSlice_Group_2,0.0,0.0,ALL_IMG,SVM
799,Grouping_based_variance_of_washin_slope_2D_tumorSlice_Group_1,0.0,0.0,ALL_IMG,SVM
800,Grouping_based_mean_of_peak_enhancement_slope_3D_tissue_PostCon_Group_1,0.0,0.0,ALL_IMG,SVM
801,Grouping_based_mean_of_peak_enhancement_slope_3D_tissue_PostCon_Group_3,0.0,0.0,ALL_IMG,SVM
802,2nd_DFT_CoeffMap_Momment_Invariant_4_3D_tumor,0.0,0.0,ALL_IMG,SVM
803,Grouping_based_variance_of_peak_enhancement_slope_3D_tissue_PostCon_Group_1,0.0,0.0,ALL_IMG,SVM
804,2nd_DFT_CoeffMap_Momment_Invariant_3_3D_tumor,0.0,0.0,ALL_IMG,SVM
805,2nd_DFT_CoeffMap_Momment_Invariant_2_3D_tumor,0.0,0.0,ALL_IMG,SVM
806,2nd_DFT_CoeffMap_Momment_Invariant_1_3D_tumor,0.0,0.0,ALL_IMG,SVM
807,1st_DFT_CoeffMap_Momment_Invariant_7_3D_tumor,0.0,0.0,ALL_IMG,SVM
808,1st_DFT_CoeffMap_Momment_Invariant_6_3D_tumor,0.0,0.0,ALL_IMG,SVM
809,1st_DFT_CoeffMap_Momment_Invariant_5_3D_tumor,0.0,0.0,ALL_IMG,SVM
810,1st_DFT_CoeffMap_Momment_Invariant_4_3D_tumor,0.0,0.0,ALL_IMG,SVM
811,1st_DFT_CoeffMap_Momment_Invariant_3_3D_tumor,0.0,0.0,ALL_IMG,SVM
812,1st_DFT_CoeffMap_Momment_Invariant_2_3D_tumor,0.0,0.0,ALL_IMG,SVM
813,1st_DFT_CoeffMap_Momment_Invariant_1_3D_tumor,0.0,0.0,ALL_IMG,SVM
814,EnhancementClusterDiscontinuity_Tumor,0.0,0.0,ALL_IMG,SVM
815,EnhancementClusterNeighborhoodSimilarity_Tumor,0.0,0.0,ALL_IMG,SVM
816,globalMoransISERMap_Tumor,0.0,0.0,ALL_IMG,SVM
817,globalMoransIEnhancementVarianceMap_Tumor,0.0,0.0,ALL_IMG,SVM
818,Grouping_based_proportion_of_3D_tissue_PostCon_Group_3,0.0,0.0,ALL_IMG,SVM
819,Grouping_based_proportion_of_3D_tissue_PostCon_Group_2,0.0,0.0,ALL_IMG,SVM
820,Grouping_based_proportion_of_3D_tissue_PostCon_Group_1,0.0,0.0,ALL_IMG,SVM
821,Grouping_based_variance_of_washout_slope_3D_tissue_PostCon_Group_2,0.0,0.0,ALL_IMG,SVM
822,Grouping_based_variance_of_washout_slope_3D_tissue_PostCon_Group_1,0.0,0.0,ALL_IMG,SVM
823,Grouping_based_mean_of_washout_slope_3D_tissue_PostCon_Group_2,0.0,0.0,ALL_IMG,SVM
824,Grouping_based_mean_of_washout_slope_3D_tissue_PostCon_Group_1,0.0,0.0,ALL_IMG,SVM
825,Grouping_based_variance_of_washin_slope_3D_tissue_PostCon_Group_3,0.0,0.0,ALL_IMG,SVM
826,Grouping_based_variance_of_washin_slope_3D_tissue_PostCon_Group_2,0.0,0.0,ALL_IMG,SVM
827,Grouping_based_variance_of_washin_slope_3D_tissue_PostCon_Group_1,0.0,0.0,ALL_IMG,SVM
828,Grouping_based_mean_of_washin_slope_3D_tissue_PostCon_Group_3,0.0,0.0,ALL_IMG,SVM
829,Grouping_based_mean_of_washin_slope_3D_tissue_PostCon_Group_2,0.0,0.0,ALL_IMG,SVM
830,Grouping_based_mean_of_washin_slope_3D_tissue_PostCon_Group_1,0.0,0.0,ALL_IMG,SVM
831,Grouping_based_variance_of_peak_enhancement_slope_3D_tissue_PostCon_Group_3,0.0,0.0,ALL_IMG,SVM
832,Grouping_based_variance_of_peak_enhancement_slope_3D_tissue_PostCon_Group_2,0.0,0.0,ALL_IMG,SVM
833,WashinRate_map_kurtosis_tissue_PostCon,0.0,0.0,ALL_IMG,SVM
834,PC1_Tumor_Enhancement_Texture,0.02255965292841645,0.006034892730257507,PC1_3,SVM
835,PC1_FGT_Enhancement_Texture,0.010737527114967439,0.003341197787581196,PC1_3,SVM
836,PC1_Combining_Tumor_and_FGT_Enhancement,0.008242950108459846,0.006511206516183785,PC1_3,SVM
837,PC1_Tumor_Enhancement,0.008242950108459846,0.0035044456445560636,PC1_3,SVM
838,PC1_FGT_Enhancement_Variation,0.008242950108459846,0.004951285123866954,PC1_3,SVM
839,PC1_FGT_Enhancement,0.008026030368763514,0.002386117136659421,PC1_3,SVM
840,PC1_Tumor_Size_and_Morphology,0.006724511930585653,0.002942442508948058,PC1_3,SVM
841,PC1_Breast_and_FGT_Volume_Features,0.002928416485900187,0.0017522228222780455,PC1_3,SVM
842,PC1_Tumor_Enhancement_Spatial_Heterogeneity,0.0026030368763557132,0.0021800164037138457,PC1_3,SVM
843,PC1_Tumor_Enhancement_Variation,0.001301518438177851,0.00192802481937428,PC1_3,SVM
844,BreastVol,0.00673181324647123,0.004085751948366295,VARS_IN_PC_1_3,SVM
845,tissueVol_T1,0.0005428881650380024,0.0014768154732611779,VARS_IN_PC_1_3,SVM
846,tissueVol_PostCon,0.00010857763300760048,0.0003257328990228015,VARS_IN_PC_1_3,SVM
847,F1_DT_POSTCON..T11.0.1.T12.0.5.,0.0,0.0,VARS_IN_PC_1_3,SVM
848,Grouping_based_variance_of_peak_enhancement_slope_3D_tissue_T1_Group_2,0.0,0.0,VARS_IN_PC_1_3,SVM
849,PE_map_std_dev_tissue_PostCon,0.0,0.0,VARS_IN_PC_1_3,SVM
850,PE_map_inverse_difference_is_homom_tissue_PostCon,0.0,0.0,VARS_IN_PC_1_3,SVM
851,PE_map_Homogeneity1_tissue_PostCon,0.0,0.0,VARS_IN_PC_1_3,SVM
852,PE_map_difference_entropy_tissue_PostCon,0.0,0.0,VARS_IN_PC_1_3,SVM
853,Grouping_based_mean_of_washin_slope_3D_tumor_Group_2,0.0,0.0,VARS_IN_PC_1_3,SVM
854,Grouping_based_mean_of_peak_enhancement_slope_3D_tumor_Group_2,0.0,0.0,VARS_IN_PC_1_3,SVM
855,PE_map_mean_tumor,0.0,0.0,VARS_IN_PC_1_3,SVM
856,Ratio_Tissue_vol_enhancing_more_than_80percent_from_PostCon_to_Tissue_Vol,0.0,0.0,VARS_IN_PC_1_3,SVM
857,Ratio_Tissue_vol_enhancing_more_than_60percent_from_PostCon_to_Tissue_Vol,0.0,0.0,VARS_IN_PC_1_3,SVM
858,Ratio_Tissue_vol_enhancing_more_than_70percent_from_PostCon_to_Tissue_Vol,0.0,0.0,VARS_IN_PC_1_3,SVM
859,F1_DT_T1NFS..T11.0.1.T12.0.5.,0.0,0.0,VARS_IN_PC_1_3,SVM
860,Maximum_variance_of_enhancement_Tumor,0.0,0.0,VARS_IN_PC_1_3,SVM
861,PE_map_std_dev_tumor,0.0,0.0,VARS_IN_PC_1_3,SVM
862,Enhancement_variance_increasing_rate_Tumor,0.0,0.0,VARS_IN_PC_1_3,SVM
863,EnhancementClusterDiscontinuity_Tumor,0.0,0.0,VARS_IN_PC_1_3,SVM
864,globalMoransIEnhancementVarianceMap_Tumor,0.0,0.0,VARS_IN_PC_1_3,SVM
865,EnhancementClusterNeighborhoodSimilarity_Tumor,0.0,0.0,VARS_IN_PC_1_3,SVM
866,WashinRate_map_Contrast_tumor,0.0,0.0,VARS_IN_PC_1_3,SVM
867,Contrast_Tumor,0.0,0.0,VARS_IN_PC_1_3,SVM
868,Inv_diff_moment_normalized_Tumor,0.0,0.0,VARS_IN_PC_1_3,SVM
869,TumorMajorAxisLength_mm,0.0,0.0,VARS_IN_PC_1_3,SVM
870,BEVR_Tumor,0.0,0.0,VARS_IN_PC_1_3,SVM
871,Median_solidity_Tumor,0.0,0.0,VARS_IN_PC_1_3,SVM
872,F1_DT_T1NFS..T11.0.05.T12.0.8.,0.0,0.0,VARS_IN_PC_1_3,SVM
873,PE_map_std_dev_tissue_T1,0.0,0.0,VARS_IN_PC_1_3,SVM
