predictor,dataset,ElasticNet,LASSO,LogisticRegression,MLP,RandomForest,SVM,XGBoost,Clustering,Superlearner,GMM,K-Means
ER,ALL_IMG,0.5988682217677300,0.5988682217677300,0.5947639710353210,0.501903571,0.643994251,0.537504837,0.630724532,0.6119,0.5945,0.6041,0.5882
ER,ALL_IMG_with_clin,0.5913275613275610,0.5913275613275610,0.5954040404040410,0.501136364,0.617121212,0.535137085,0.654570707,0.5571,0.5887,0.5416,0.5672
ER,CL_UNCORR,0.5950334420430050,0.5950334420430050,0.5969888342269640,0.545671881,0.63052761,0.501907026,0.642087226,0.6119,0.6051,0.6041,0.5882
ER,CL_UNCORR_with_clin,0.5842857142857140,0.5842857142857140,0.5830952380952380,0.556291486,0.62958153,0.510779221,0.660750361,0.5571,0.5981,0.5416,0.5672
ER,PC1,0.6026523200079060,0.6026523200079060,0.6048080249048770,0.618977615,0.570903543,0.567493947,0.570888101,0.618,0.532,0.6214,0.5733
ER,PC1_3,0.6026523200079060,0.6026523200079060,0.6048080249048770,0.586907644,0.586086129,0.567493947,0.570888101,0.618,0.5433,0.6214,0.5733
ER,PC1_3_with_clin,0.6135732727660980,0.6135732727660980,0.6134826807472550,0.534732333,0.601388646,0.522787128,0.601090987,0.5886,0.5615,0.5781,0.5735
ER,PC1_with_clin,0.6023204498540820,0.6023204498540820,0.605678825409767,0.497670491,0.574437521,0.50599525,0.577867076,0.5886,0.5724,0.5781,0.5735
ER,PC_90,0.6243576122943120,0.6146229678312000,0.6237769926372490,0.602368187,0.601707269,0.603603548,0.622124697,0.618,0.557,0.6214,0.5733
ER,PC_90_with_clin,0.6107649201819610,0.6107649201819610,0.6218171464808240,0.501164755,0.613857991,0.520347615,0.608034218,0.5886,0.5542,0.5781,0.5735
ER,VARS_IN_PC1,0.46901097000543600,0.46901097000543600,0.45821391510599400,0.500484879,0.557827247,0.50775189,0.553948214,0.618,0.5412,0.6214,0.5733
ER,VARS_IN_PC1_with_clin,0.5765534913516980,0.5765534913516980,0.575971114087706,0.5,0.570127929,0.517571616,0.550055326,0.5886,0.5013,0.5781,0.5735
ER,VARS_IN_PC_1_3,0.5862860324137080,0.5862860324137080,0.5868118272918470,0.489759372,0.589119139,0.483403439,0.56982556,0.5985,0.577,0.5961,0.5737
ER,VARS_IN_PC_1_3_with_clin,0.5877595458433780,0.5877595458433780,0.586722658578946,0.500281904,0.573878218,0.522636545,0.547275579,0.5764,0.5359,0.5615,0.5826
ER,VARS_IN_PC_90,0.5892742095351370,0.5892742095351370,0.5880290415303800,0.499321662,0.560722074,0.494740559,0.545117207,0.5997,0.5098,0.5952,0.5691
ER,VARS_IN_PC_90_with_clin,0.5807550770069510,0.5807550770069510,0.5809368043251100,0.50522466,0.566839957,0.521602835,0.569968263,0.5858,0.5246,0.572,0.5724
HER2,ALL_IMG,0.5247492662549290,0.5247492662549290,0.5247492662549290,0.500882295,0.534877649,0.478536831,0.54847219,0.5677,0.5102,0.5568,0.5699
HER2,ALL_IMG_with_clin,0.5288474262273390,0.5288474262273390,0.5287812624057170,0.559764835,0.559708123,0.500831774,0.535199153,0.5801,0.5051,0.5632,0.5783
HER2,CL_UNCORR,0.4569566235122530,0.4569566235122530,0.45482291085222500,0.494557682,0.518492176,0.498964654,0.545294128,0.5677,0.5424,0.5568,0.5699
HER2,CL_UNCORR_with_clin,0.4628726440953520,0.4628726440953520,0.48821338777670700,0.505496323,0.540610409,0.498582204,0.554812,0.5801,0.5208,0.5632,0.5783
HER2,PC1,0.5868474017313710,0.5868474017313710,0.5868474017313710,0.585998691,0.54524843,0.48044327,0.549180792,0.5641,0.542,0.5477,0.5879
HER2,PC1_3,0.5868474017313710,0.5868474017313710,0.5868474017313710,0.540588601,0.547543992,0.48044327,0.549180792,0.5641,0.5481,0.5477,0.5879
HER2,PC1_3_with_clin,0.6132287661582600,0.6132287661582600,0.6191361325422890,0.498472233,0.583649496,0.498654716,0.586985121,0.5907,0.58,0.5795,0.5817
HER2,PC1_with_clin,0.6083823491966490,0.6083823491966490,0.6218097250867860,0.503055534,0.572488308,0.454969063,0.568363337,0.5907,0.53,0.5795,0.5817
HER2,PC_90,0.5912606998229830,0.5912606998229830,0.5912606998229830,0.552357396,0.572734547,0.470258736,0.604395516,0.5641,0.5854,0.5477,0.5879
HER2,PC_90_with_clin,0.6030776020845530,0.6030776020845530,0.6157410943905480,0.503055534,0.580627912,0.445216816,0.602653222,0.5907,0.6038,0.5795,0.5817
HER2,VARS_IN_PC1,0.48539812636905200,0.48539812636905200,0.48539812636905200,,,,,0.5641,0.5267,0.5477,0.5879
HER2,VARS_IN_PC1_with_clin,0.613593732759572,0.613593732759572,0.6143576163437140,0.5,0.576214363,0.496999635,0.569458237,0.5907,0.5646,0.5795,0.5817
HER2,VARS_IN_PC_1_3,0.5882771905401690,0.5882771905401690,0.5882852841672470,0.497074154,0.542305389,0.482792949,0.559099665,0.5883,0.5053,0.5846,0.5969
HER2,VARS_IN_PC_1_3_with_clin,0.6146098929117800,0.6146098929117800,0.6146098929117800,0.540736019,0.580333163,0.498810131,0.589104199,0.5825,0.5485,0.5589,0.5917
HER2,VARS_IN_PC_90,0.6161394371111740,0.6161394371111740,0.6229649109369280,,,,,0.5769,0.6374,0.57,0.5923
HER2,VARS_IN_PC_90_with_clin,0.614368834682027,0.614368834682027,0.6114537907231640,0.502876571,0.587101386,0.472651297,0.603509757,0.5935,0.5905,0.5799,0.5749
PR,ALL_IMG,0.5984335541485200,0.5984335541485200,0.6021300735643960,0.588013922,0.654648912,0.504086892,0.649407663,0.6186,0.6206,0.6081,0.5937
PR,ALL_IMG_with_clin,0.5863377719736010,0.5863377719736010,0.5867983489191020,0.555161097,0.635709842,0.500792983,0.649221047,0.5807,0.6125,0.5523,0.5962
PR,CL_UNCORR,0.5853798387195160,0.5853798387195160,0.5819029145164640,0.561522003,0.646346867,0.518976936,0.672226627,0.6186,0.5757,0.6081,0.5937
PR,CL_UNCORR_with_clin,0.6108736942070270,0.6129433502621910,0.6127265783062890,0.500857031,0.641538264,0.536952994,0.654180239,0.5807,0.5776,0.5523,0.5962
PR,PC1,0.6108736942070270,0.6129433502621910,0.6127265783062890,0.615936868,0.581155291,0.59520934,0.596479004,0.6064,0.5776,0.5909,0.5896
PR,PC1_3,0.6008246262397800,0.6008246262397800,0.602361331306037,0.616742021,0.588809406,0.59520934,0.596479004,0.6064,0.5688,0.5909,0.5896
PR,PC1_3_with_clin,0.6012575009063310,0.6012575009063310,0.5982003235738130,0.499724042,0.611987382,0.495322248,0.620320219,0.6038,0.5675,0.5822,0.5961
PR,PC1_with_clin,0.636354721499649,0.6363082703662410,0.6346257070894750,0.501055132,0.586436955,0.481075261,0.573921466,0.6038,0.5637,0.5822,0.5961
PR,PC_90,0.6219110334341570,0.6219110334341570,0.6184750907684070,0.583132045,0.613856889,0.629743177,0.611560139,0.6064,0.5551,0.5909,0.5896
PR,PC_90_with_clin,0.49967484206614600,0.49967484206614600,0.49916387959866200,0.499026032,0.628366277,0.493174108,0.639274718,0.6038,0.5459,0.5822,0.5961
PR,VARS_IN_PC1,0.5513145862529830,0.5513145862529830,0.5509249990530870,,,,,0.6064,0.5686,0.5909,0.5896
PR,VARS_IN_PC1_with_clin,0.5956945219926800,0.5956945219926800,0.6014330913828400,0.501947936,0.574960365,0.508211091,0.549436992,0.6038,0.5819,0.5822,0.5961
PR,VARS_IN_PC_1_3,0.5845284941515710,0.5845284941515710,0.5730863876332020,0.495104121,0.582201129,0.487628472,0.58699878,0.6036,,0.5919,0.5872
PR,VARS_IN_PC_1_3_with_clin,0.5956335481629090,0.5956335481629090,0.5976479147776320,0.490880462,0.586691166,0.488958991,0.566717617,0.6038,,0.5585,0.5961
PR,VARS_IN PC_90,,,,,,,,0.5896,,0.5735,0.5943
PR,VARS_IN_PC_90_with_clin,0.595633548,0.595633548,0.597647915,0.481064411,0.564397292,0.498254397,0.578302394,0.6167,,0.5941,0.598