predictor,dataset,ElasticNet,LASSO,LogisticRegression,MLP,RandomForest,SVM,XGBoost
ER,ALL_IMG,0.5988682217677298,0.5988682217677298,0.5947639710353214,0.5019035708363275,0.6208266541374164,0.5375048366591122,0.6307245315350174
ER,ALL_IMG_with_clin,0.5913275613275614,0.5913275613275614,0.5954040404040405,0.5011363636363636,0.6171212121212122,0.535137085137085,0.654570707070707
ER,CL_UNCORR,0.5950334420430048,0.5950334420430048,0.5969888342269637,0.5456718810458239,0.6305276104140181,0.5019070255928362,0.6420872256923333
ER,CL_UNCORR_with_clin,0.5842857142857143,0.5842857142857143,0.5830952380952381,0.5562914862914863,0.6295815295815296,0.5107792207792208,0.6607503607503606
ER,PC1,0.6026523200079063,0.6026523200079063,0.6048080249048773,0.6189776152591788,0.570903543015269,0.5674939467312349,0.570888101003113
ER,PC1_3,0.6026523200079063,0.6026523200079063,0.6048080249048773,0.5869076444136977,0.586086129367001,0.5674939467312349,0.570888101003113
ER,PC1_3_with_clin,0.6135732727660979,0.6135732727660979,0.6134826807472546,0.5347323329386109,0.6013886462316955,0.5227871281682941,0.6010909867412111
ER,PC1_with_clin,0.6023204498540822,0.6023204498540822,0.605678825409767,0.49767049094403354,0.5744375206258614,0.5059952503898693,0.5778670756249231
ER,PC_90,0.6243576122943124,0.6146229678312003,0.6237769926372487,0.6023681869842368,0.601707268863962,0.603603547956713,0.6221246973365617
ER,PC_90_with_clin,0.6107649201819605,0.6107649201819605,0.6218171464808235,0.5011647545279833,0.6138579905396049,0.5203476145180181,0.6080342178996887
ER,VARS_IN_PC1,0.46901097000543557,0.46901097000543557,0.45821391510599396,0.5014052231061916,0.579384296091318,0.5077518901022878,0.5419405050155656
ER,VARS_IN_PC1_with_clin,0.5765534913516976,0.5765534913516976,0.575971114087706,0.49999999999999994,0.5701279288723236,0.5175716162263247,0.5500553258400792
ER,VARS_IN_PC_1_3,0.5862860324137078,0.5862860324137078,0.5868118272918471,0.4897593715204751,0.5891191389335643,0.48340343931708524,0.5698255598168998
ER,VARS_IN_PC_1_3_with_clin,0.5877595458433782,0.5877595458433782,0.586722658578946,0.5002819037250175,0.5738782175907924,0.5226365450916349,0.5472755787127045
ER,VARS_IN_PC_90,0.5892742095351372,0.5892742095351372,0.5880290415303796,0.4965215829120825,0.5777145901476857,0.4947405590246803,0.5726998463673307
ER,VARS_IN_PC_90_with_clin,0.5807550770069511,0.5807550770069511,0.5809368043251102,0.5052246603970743,0.5668399566450542,0.5216028349461633,0.5699682626219358
HER2,ALL_IMG,0.5247492662549291,0.5247492662549291,0.5247492662549291,0.5008822946864252,0.5348776491348111,0.47853683130165475,0.5484721897113636
HER2,ALL_IMG_with_clin,0.5288474262273389,0.5288474262273389,0.5287812624057165,0.5597648348740052,0.5597081230269003,0.500831773757538,0.5351991531030832
HER2,CL_UNCORR,0.4569566235122531,0.4569566235122531,0.45482291085222465,0.4945576822658767,0.5184921763869133,0.49896465419450103,0.5452941282388317
HER2,CL_UNCORR_with_clin,0.4628726440953515,0.4628726440953515,0.48821338777670653,0.5054963231819127,0.5406104085143386,0.4985822038223785,0.5548120002268474
HER2,PC1,0.5868474017313707,0.5868474017313707,0.5868474017313707,0.5859986905599068,0.5452484298843329,0.4804432697204103,0.5491807916454489
HER2,PC1_3,0.5868474017313707,0.5868474017313707,0.5868474017313707,0.540588601404819,0.5475439915290542,0.4804432697204103,0.5491807916454489
HER2,PC1_3_with_clin,0.6132287661582597,0.6132287661582597,0.6191361325422894,0.4984722328317165,0.5836494962612142,0.49865471613237256,0.5869851212452999
HER2,PC1_with_clin,0.6083823491966491,0.6083823491966491,0.6218097250867857,0.5030555343365671,0.5741094390548214,0.4549690627148423,0.5683633369829993
HER2,PC_90,0.5912606998229831,0.5912606998229831,0.5912606998229831,0.5523573963157853,0.5727345473944567,0.4702587356628435,0.6043955155718292
HER2,PC_90_with_clin,0.6030776020845534,0.6030776020845534,0.6157410943905482,0.5030555343365671,0.5806279123061646,0.4452168156239656,0.6026532223155857
HER2,VARS_IN_PC1,0.48539812636905194,0.48539812636905194,0.48539812636905194,0.4970173864545697,0.5464649158967644,0.497983300597331,0.5612001584260853
HER2,VARS_IN_PC1_with_clin,0.613593732759572,0.613593732759572,0.6143576163437137,0.5,0.5762143627089009,0.4969996350333986,0.569458236786936
HER2,VARS_IN_PC_1_3,0.5882771905401687,0.5882771905401687,0.5882852841672468,0.49707415381128894,0.5423053887369086,0.4827929488320896,0.559099664923839
HER2,VARS_IN_PC_1_3_with_clin,0.6146098929117797,0.6146098929117797,0.6146098929117797,0.5407360190379059,0.5803331633520313,0.4988101308856026,0.5891041985381609
HER2,VARS_IN_PC_90,0.5903753110032336,0.5903753110032336,0.5896621309495831,0.5194989910123103,0.5794952630256665,0.4954737379549562,0.5866797416343169
HER2,VARS_IN_PC_90_with_clin,0.6161394371111735,0.6161394371111735,0.6229649109369282,0.5028765712632233,0.5871013863711798,0.47265129658470995,0.6035097573637671
PR,ALL_IMG,0.614368834682027,0.614368834682027,0.6114537907231641,0.5880139222499474,0.6546489121055945,0.5040868916303258,0.649407663067559
PR,ALL_IMG_with_clin,0.5984335541485195,0.5984335541485195,0.6021300735643962,0.5551610974880747,0.6357098415254547,0.5007929827129769,0.6492210469811759
PR,CL_UNCORR,0.5863377719736014,0.5863377719736014,0.5867983489191018,0.5615220027518014,0.646346866910753,0.5189769361721975,0.6722266271775378
PR,CL_UNCORR_with_clin,0.5853798387195158,0.5853798387195158,0.5819029145164636,0.5008570313167173,0.6415382644658347,0.5369529944247216,0.6541802388707927
PR,PC1,0.6108736942070274,0.6129433502621908,0.6127265783062885,0.6159368677484619,0.5811552913002189,0.5952093397745571,0.5964790040876998
PR,PC1_3,0.6108736942070274,0.6129433502621908,0.6127265783062885,0.6167420207275279,0.5888094058383914,0.5952093397745571,0.5964790040876998
PR,PC1_3_with_clin,0.6008246262397801,0.6008246262397801,0.602361331306037,0.4997240424000736,0.6119873817034699,0.49532224813458076,0.6203202190345812
PR,PC1_with_clin,0.6012575009063312,0.6012575009063312,0.5982003235738133,0.5010551319997186,0.5864369545102834,0.48107526067171325,0.5739214657136209
PR,PC_90,0.636354721499649,0.6363082703662414,0.6346257070894752,0.5831320450885669,0.613856889219208,0.629743176844626,0.6115601387340518
PR,PC_90_with_clin,0.6219110334341571,0.6219110334341571,0.6184750907684067,0.49902603200025963,0.6283662768991023,0.49317410760182023,0.6392747184961933
PR,VARS_IN_PC1,0.49967484206614643,0.49967484206614643,0.49916387959866226,0.5000232255667039,0.5695115405260333,0.49991225897022995,0.5537388001156117
PR,VARS_IN_PC1_with_clin,0.5513145862529828,0.5513145862529828,0.5509249990530867,0.5019479359994805,0.5749603649133439,0.5082110913311436,0.5494369923868169
PR,VARS_IN_PC_1_3,0.5956945219926795,0.5956945219926795,0.6014330913828402,0.49510412143019633,0.5822011291023017,0.4876284715759869,0.5869987799077693
PR,VARS_IN_PC_1_3_with_clin,0.5845284941515714,0.5845284941515714,0.5730863876332022,0.49088046223725434,0.5866911661083829,0.48895899053627756,0.5667176168330678
PR,VARS_IN_PC_90,0.6137832463335819,0.6137832463335819,0.6110489684315188,0.45389272102079714,0.5676992708592261,0.49924910928825916,0.5953216919380231
PR,VARS_IN_PC_90_with_clin,0.5956335481629085,0.5956335481629085,0.5976479147776323,0.48106441086563473,0.5643972917356673,0.4982543965858929,0.5783023938928314
