Unnamed: 0,globalMoransIEnhancementVarianceMap_Tumor,globalMoransISERMap_Tumor,EnhancementClusterNeighborhoodSimilarity_Tumor,EnhancementClusterDiscontinuity_Tumor
-1.7301732451659837,-1.0223702937995087,-0.23008308922622886,-1.186490687322307,-1.0798228780662065
-1.7264160828529198,-1.044936293164669,-0.9402137972941262,-1.416723010567057,-0.6393733287595117
-1.7226589205398557,-0.19459030843253772,-0.9323075579128756,0.3190291046901166,0.15197381226674012
-1.7189017582267916,0.9130927477148693,0.5375478883043293,1.2269004655643265,1.4384334119688027
-1.7151445959137277,1.6524722919915487,0.3445820042551078,1.1306823080726036,1.2507748886437575
-1.7113874336006636,-0.1713917138580924,0.4593130255245689,-1.1443337815285954,-0.30302554924368885
-1.7076302712875997,-0.02822553575581484,0.7401561013278872,0.8740709135634578,0.30558258635725727
-1.7038731089745356,-0.03966205387446972,-0.4938019638909241,0.34368535301904546,1.5652709586450702
-1.7001159466614715,-0.46058735133975953,0.7206198793971467,0.43574530113323506,-0.36653634928986567
-1.6963587843484076,0.8400226570183557,1.748813619195367,0.7715020480355796,0.0025350040583838264
-1.6926016220353435,-0.98107096887918,-0.5790306628821962,-1.4969155759386576,-0.7949342628416538
-1.6888444597222794,-1.050408614006893,-0.9182837618424249,-1.5148079389390485,-1.365763752448281
-1.6850872974092155,-0.9032043681627943,-0.9544775536175524,0.37492768428947804,-0.3597682404864658
-1.6813301350961514,-1.003955262844423,-0.9386298060336651,-1.4348701628737224,-1.0728772556542356
-1.6775729727830875,-1.0287358069484838,0.9523462348069943,-1.0372143117385566,-0.9588628560222713
-1.6738158104700234,0.6563335782176717,1.6980710156489944,0.5854058380422198,-0.5709100928689079
-1.6700586481569593,1.9496003800635635,0.8525548849927288,0.6275193394435309,0.7326442140159469
-1.6663014858438954,-0.7119185990652414,-0.8781794310632919,-0.06000580040368373,0.3811203217562388
-1.6625443235308313,-1.0502634937621198,-0.9592493563326433,-1.5018683207987684,-1.385970779052224
-1.6587871612177674,-0.7493728520992349,-0.059402722634968964,-0.4167895281241431,-0.2832321039818306
-1.6550299989047033,-1.051748953740153,-0.9293103120321404,-1.455833147005474,-1.2790444390100382
-1.6512728365916391,-0.40818196070250484,-0.8401250297893617,-0.8280042066397629,-0.7481770902861546
-1.6475156742785753,1.6323197948999397,-0.13785307826331458,0.11672537218405767,0.07160125495074975
-1.6437585119655111,-0.18438725170154857,0.9027207438722514,1.2217801260783374,1.6734220061407414
-1.640001349652447,-0.5810087230942758,-0.9508576730437458,-0.5952850203104046,-0.3830432968508325
-1.6362441873393831,-0.9562782489593256,0.719014361934677,-1.4956486795349921,-1.3925579029304003
-1.632487025026319,-0.8437458584946194,-0.6052374401547721,-1.4883454930682942,-0.9039956267351209
-1.6287298627132551,-1.0417008113456243,0.25593921428203287,-0.1808890065993074,-0.879420489085105
-1.624972700400191,-0.33018185378483295,-0.35725210630322635,-1.1070452274556117,-0.5469693818689363
-1.621215538087127,-0.9221589637107747,-0.9714754146187113,-0.3866002872400404,0.3498589603830634
-1.617458375774063,0.7916966920260913,1.0307160589789288,0.9596544553689487,1.5871224862348547
-1.613701213460999,-0.5355111552664543,-0.9041113395409471,0.7466953988782064,-0.3145671546789146
-1.6099440511479348,-1.0422016146164665,-0.9529101424473617,-1.4933669782722911,-0.9436025027647094
-1.606186888834871,0.6130523319566354,0.661589529456093,0.9481697834822678,1.3495817466387272
-1.6024297265218068,0.34473383006452846,-0.2691260373342196,1.0153177948013854,0.9715359250820541
-1.598672564208743,0.5752568822782756,0.8890150958310177,-0.4436326357032402,-0.7737306074377609
-1.5949154018956788,-0.9181046303286639,-0.9588665213059714,-0.9227866318550603,-0.44934786018931716
-1.5911582395826147,0.276573700251412,1.180961020460708,0.23064134055944122,-0.31403454776977835
-1.5874010772695508,-0.6706083556875215,-0.7984903835180557,-1.0029192693909483,-0.8076822077547341
-1.5836439149564867,-0.9820711448047507,-0.8724073092825044,-1.2739631683906696,-0.9519433365740917
-1.5798867526434228,0.1960141989750191,1.4954470938898272,0.8347588825117553,-0.2949291866385404
-1.5761295903303587,-0.9502765655258939,-0.32714768441570796,0.64292087487293,0.05170148945531798
-1.5723724280172946,-0.02263298316509176,-0.7204989265644945,0.40628899923950323,-0.3487438438380216
-1.5686152657042307,-0.0165563284585106,1.261131387537748,0.9883777332502099,0.9709563930366192
-1.5648581033911666,-0.5158455159255976,0.756498996752802,-1.5149229722472841,-1.4304048437114132
-1.5611009410781025,-0.9261117892421056,-0.9439477437605425,-1.4883987767650084,-0.9046036050886218
-1.5573437787650386,-1.0471229305824252,-0.9629827109585151,-1.439592858880292,-0.960189602639884
-1.5535866164519745,0.549389948765177,-0.8556281489096491,1.1048690437081732,2.9920812511333175
-1.5498294541389106,-0.26793951568165597,0.8747552938197615,-1.4429382280169663,-0.6369136820831317
-1.5460722918258465,1.8192685807237312,1.416313037850635,1.0023904799474221,0.4051377414503542
-1.5423151295127824,0.8299456445177572,0.6400490753849507,-0.9091965376584127,0.0426045372180124
-1.5385579671997185,-0.9791742131536558,-0.7186348007513599,-1.430688223067108,-1.103138843792019
-1.5348008048866544,-1.0446026352118862,-0.9331017923677624,-1.5159569073216086,-1.4693871933109295
-1.5310436425735905,0.08684529381307025,0.8164613176831362,0.5971139662771049,-0.2657470499817812
-1.5272864802605264,0.091597030239138,-0.9347782521985907,0.283282312360361,0.14468269609143578
-1.5235293179474623,-1.0485056188344986,-0.9402500622856139,-1.422925062735776,-0.6878740539260746
-1.5197721556343984,3.526136907670532,-0.3349316429293277,0.9196287598197794,0.32093630470550677
-1.5160149933213343,-1.049588561910427,-0.9750071007694272,-1.5037927447015147,-1.230158235149761
-1.5122578310082702,0.557416224981718,1.1313438143018524,1.0668111370629716,0.5325064943268608
-1.5085006686952063,-0.681595309445964,-0.7767755177343948,0.6144551944261976,-0.23340063185764295
-1.5047435063821422,-1.0195240268967203,-0.9497817318942913,-1.5085062777881293,-1.0791803423196362
-1.5009863440690783,-0.20035181018990153,-0.8270062991021376,-0.5812416190521942,-0.7084356557474298
-1.4972291817560142,2.618946683842695,2.34865496114442,0.8694574746459719,0.660320656431408
-1.49347201944295,1.26175807986392,-0.6998669325560728,0.9910753088210975,0.6404636321825299
-1.4897148571298862,-1.0036675748911235,-0.7772126720165237,-1.4130066259471084,-1.3762756193660577
-1.485957694816822,-0.001352461167509402,1.3376854777968337,0.5597429995964064,-0.0962675614495776
-1.4822005325037582,-0.45038328713974835,0.8967162428796873,0.911468123195175,0.23437448658840826
-1.478443370190694,0.7632487442948453,-0.7597935619077368,0.47899864634066713,0.1584786352272195
-1.47468620787763,-0.7907662450051697,0.5722276904271492,-1.4130755933155956,-1.1735056922079936
-1.470929045564566,-0.5734138365379542,-0.8061959684852,-1.2127602774057709,-1.0558740628812897
-1.467171883251502,-1.0414783584861733,-0.11643175712932836,-1.5188323732458557,-1.2955602418898482
-1.4634147209384378,-0.5928170507386623,-0.4985480948969434,-0.9139587869490853,-0.24565597615138435
-1.459657558625374,-0.9527952947987612,-0.05090695121491236,-1.4222054254581247,-1.2293158296261146
-1.4559003963123098,-0.9902794536715483,-0.8480379116928723,-1.5111516025350287,-0.9519660416108985
-1.452143233999246,1.5355871696404322,0.7638895291108376,1.0432195405241513,1.8322458648149402
-1.4483860716861818,-0.8629836776338047,0.2401934321319491,0.5815269767707812,0.5407291323492347
-1.4446289093731177,0.026115185385036186,-0.9523884032594312,-0.5896879873344504,-0.6153905719266908
-1.4408717470600538,0.1180631160654491,-0.9846910557289458,0.5128766118989591,-0.2287702065828689
-1.4371145847469897,0.09560849793043652,-0.9498022345660347,0.31526629503800757,-0.30532426394842294
-1.4333574224339258,-1.0402326897848968,-0.9681828017292502,-0.8669865503563251,-0.7587428663761506
-1.4296002601208617,0.940731425540706,-0.8113656903977026,1.1098647593093474,0.7979794214068567
-1.4258430978077976,0.8570864406021417,2.1507741651235186,1.1202674663302716,0.6971406918030744
-1.4220859354947337,-1.0496388216908648,-0.9437666219350374,-1.518136770622592,-1.0422711333061574
-1.4183287731816696,0.37194432870154076,0.7226902627648029,0.44367835903933045,0.33517663946258935
-1.4145716108686055,1.201679974338105,-0.6609290801502326,1.1208746581032456,0.9668951671771085
-1.4108144485555416,-0.8801581013937134,1.358194184634377,-1.0720211402141502,-0.5981331794045722
-1.4070572862424775,0.30302491450005614,-0.5513281011780677,-0.4829308785494852,-0.32010716180468946
-1.4033001239294136,0.6987216869004736,1.5334135547414185,0.6993614860560736,-0.3413141470105716
-1.3995429616163495,-1.0409016466827998,0.8517122757249219,-0.9985857997372137,-0.8530120565268713
-1.3957857993032854,1.2312997443743618,1.4563086571080204,0.9064996961797347,0.2415219686850387
-1.3920286369902215,-1.0279970363919313,1.0009502614330612,0.5337381471870322,-0.3989899036905653
-1.3882714746771574,0.11452756989872025,-0.8024600045477628,0.710294835204998,0.6326665973800576
-1.3845143123640935,-0.11493599614608696,-0.958341801505953,0.8139602115044916,0.5815433759739795
-1.3807571500510294,-0.40916558971262745,-0.27850327037513134,0.5491587294529163,-0.48490104481337554
-1.3769999877379653,1.0956121572348831,-0.5575856978239192,-0.43635662869717173,0.25606526408519226
-1.3732428254249014,-0.6298220161291943,-0.8936504512079728,-0.896350483480282,-0.36752792053401967
-1.3694856631118373,-0.02019262699636896,0.9677972076959868,1.0838747445807444,0.6510348527407063
-1.3657285007987732,-0.9769436668019631,-0.9019058627043276,-1.4679823415120625,-0.66396388076604
-1.3619713384857093,0.9162978258488713,0.8237734038240054,0.7881587150617074,0.2857365919477496
-1.3582141761726452,0.16778975784024724,-0.9969139477169335,1.0278418022570592,0.2811120337431275
-1.3544570138595813,-0.9170918021911955,-0.841762020268911,-1.474386063532681,-1.2208392974124556
-1.3506998515465172,-0.10868774556474442,0.5591865277296331,-0.13987509306916987,-0.22539585260817266
-1.346942689233453,1.876916196580391,1.5128960000224714,1.130122411119577,1.0214643079230026
-1.3431855269203892,2.311002606945778,1.7456681722610319,1.0969615320721624,1.2224483186773034
-1.339428364607325,-0.7975403674917821,-0.8399172300721605,0.6828895749443463,-0.4730435734710798
-1.3356712022942612,2.6684080185967924,1.6434491303105812,0.9862564201451874,0.5578745906760848
-1.331914039981197,0.7028509988972244,1.4056083177240646,0.9060374803827019,0.6804137548957923
-1.328156877668133,-0.7130127945846603,1.6627437982797904,0.7136752989938933,0.7235148871561886
-1.324399715355069,0.8110762679012814,0.7753384333989701,1.1647889032231513,1.9586218383836371
-1.320642553042005,1.6592784160923097,1.3577449922413036,1.0941460810511576,0.9418547281218863
-1.3168853907289408,-0.06763040144688356,0.4512007374767953,1.2099418552128673,2.3367671196739015
-1.313128228415877,0.2611137912816805,1.1886451288150588,0.9629928774225274,1.0943102957556452
-1.3093710661028128,-0.40111070220756145,0.6197698107469197,0.3827426784880816,0.9843006587494905
-1.305613903789749,0.2484852807450815,1.5098193935858648,0.8983672136370732,0.6013250902894242
-1.3018567414766848,-0.8417742096294981,-0.6643985963386411,0.7335351066118274,0.006484119355024256
-1.2980995791636207,-0.9763374659782669,1.8647100250829327,0.8151334504109384,-0.4954829230343054
-1.2943424168505568,-0.010036649304914772,-0.08175288304531862,-0.6380995403321158,-0.644291875073596
-1.2905852545374927,0.6195871696335151,0.96762978462916,1.2079168878279836,1.7147375882240627
-1.2868280922244288,-1.0400141222283772,-0.787854910911882,-1.5181184591134196,-1.350876911449455
-1.2830709299113647,-0.7474295368333944,-0.8162761420321278,-1.5123805139455109,-0.8742574344324046
-1.2793137675983006,-0.7847242289962945,0.17249348753775678,-0.5653759792197303,0.385019255218937
-1.2755566052852367,3.2195044940608133,2.9138703079799417,0.46609930570406166,0.19679317987146328
-1.2717994429721726,0.7401531789582498,1.219121020124079,0.955011787742652,0.04963894912871296
-1.2680422806591085,0.941834034106072,0.5907740833999314,0.973121290678918,0.9950610576410424
-1.2642851183460446,0.36931143137627215,-0.6112302511981441,0.5205938252221878,-0.39376523026135285
-1.2605279560329805,-0.7574925977759915,0.015090980407906478,-1.4093270445154844,-0.006476597087926806
-1.2567707937199166,-1.0315784179623522,0.6541509855154208,-0.8757836317880585,-0.1963465910141956
-1.2530136314068525,-0.015985217938974353,-0.8856768449604802,1.0618907593595917,1.5588063999835524
-1.2492564690937884,-0.22196621933485178,1.3646377745465892,0.9531954132321985,0.36353628821379474
-1.2454993067807245,-0.6560721544192034,0.81740038200622,-1.0523259718071933,-1.1317533467355771
-1.2417421444676604,-1.0323604138836022,-0.7763260044658153,-1.509857353074442,-1.1358450935597557
-1.2379849821545963,-0.9153049213837217,-0.8344583106021293,-0.0541519448293154,-0.43247516229995026
-1.2342278198415324,-0.9440396144866455,1.7400090265269537,-1.464425587356216,-1.235574678093036
-1.2304706575284683,0.0011269875551933187,-0.758310959879042,0.8222384843686921,0.7452220763034725
-1.2267134952154044,0.0635491831928612,-0.11313917438168099,-0.8352562954199688,-0.9065129611667175
-1.2229563329023403,-0.9884531391744823,-0.8761465435822829,-1.5103811512526828,-1.4625115692018067
-1.2191991705892762,-1.0457607280290189,-0.8658190078343889,-1.4989435928629145,-1.3418366673764206
-1.2154420082762123,0.9973814489061958,0.9847279440101722,0.36449201090381395,0.19988953955250216
-1.2116848459631482,-1.0082847013545988,-0.5815496291967154,-0.7812965093905436,-0.7164854022815573
-1.2079276836500843,-1.0380185929450723,0.6478442284496296,-1.4785045993105097,-1.3302796134573964
-1.2041705213370202,-0.7829914740729377,0.8201231927012882,0.7409242245977297,-0.6597759425645459
-1.200413359023956,0.24664035306946624,0.6569404262901539,1.1524423482572301,1.699006989591272
-1.1966561967108922,-1.0797134955361398,0.3801167948659877,-0.9061490619900741,1.0887112389617815
-1.192899034397828,1.2942169479167283,1.0036504528278294,1.166190538398641,2.109235844349538
-1.189141872084764,-0.8359500844722428,1.3494633236355755,0.6438795636496902,0.18077288413042597
-1.1853847097717,-0.8860166749845522,-0.8794993078746756,-1.3752561949224036,-0.6258902351330516
-1.181627547458636,-0.1580463932701848,-0.5909299392167078,1.2189464974137323,1.6170167788231202
-1.177870385145572,1.0303292715307315,2.134098534400812,0.8526597310689699,-0.08269248806167756
-1.174113222832508,-1.005951408527165,-0.7842042436315609,0.5645170734589374,-0.15622526177669557
-1.1703560605194439,-0.7363295817470208,-0.950485826249123,-1.5096447355029965,-1.0826331615310194
-1.16659889820638,-0.2954379293208716,-0.46631514464997725,-1.4105797148064299,-1.015292141187567
-1.1628417358933159,-1.0435036851165265,0.3623033380770019,-1.4986476463364629,-1.4151530841761266
-1.159084573580252,-0.020571266525422904,1.280530966933303,0.06190289226501203,-0.31647242538844533
-1.1553274112671879,0.8801040180839259,0.3542515018583237,0.9616808538261864,0.8517273845738312
-1.1515702489541237,0.8409340108241463,1.536387266459129,0.8704802315952753,-0.45021205734142744
-1.1478130866410599,-0.806501839258798,-0.8304422924983259,-0.7138821860321187,-0.37620594053192197
-1.1440559243279957,2.250663005651244,1.9228654002574497,0.6588386505759024,0.3216715098566073
-1.1402987620149316,2.005368804923912,1.683470161942495,1.046124208199446,0.9204421891649911
-1.1365415997018677,-1.0440061454749054,-0.9398538330027436,-1.3621138041885523,-1.0605953406036206
-1.1327844373888036,-1.048790332794998,-0.6797818099092037,-1.4100812153781712,-1.0935403558083443
-1.1290272750757397,-0.686726907093805,-0.9652180255784689,-1.0926738444127522,-0.9695884203891213
-1.1252701127626756,1.1576459375798271,1.3484680600253862,0.5849059642633226,-0.07792739330978464
-1.1215129504496115,1.9438008221697054,2.2688953856748832,0.6490883128176835,-0.2765097409792647
-1.1177557881365476,-0.8631451818385635,0.40238185271001853,-0.8473295905171311,-0.5054843770909989
-1.1139986258234835,-0.7899937706703595,-0.6311782286936489,0.08594031607520197,0.4109374154122387
-1.1102414635104196,-0.7859320739702991,-0.789677309296162,-1.0298423968274244,-0.025939899597019703
-1.1064843011973555,1.9722850398521659,1.698592638008608,1.1325883196123412,0.646462235089041
-1.1027271388842914,-1.0341515932541752,-0.8619841645601363,-1.4686251766572886,-1.3872752770197727
-1.0989699765712275,-0.7512444871783029,-0.9514849455838849,-1.3156444358223829,-0.6608074319495051
-1.0952128142581634,-0.9118934238117651,0.3171532593454951,-1.1355384826500963,-1.1336728930746487
-1.0914556519450993,-1.0461671905672623,-0.9473606235457933,-1.388914730313098,-0.6890249854256597
-1.0876984896320354,1.8170719864222207,2.0531875681325573,0.7396325252264697,-0.2670404016528231
-1.0839413273189713,-0.3193271613643718,1.1712812847173617,0.9070265420733079,-0.15211961361160614
-1.0801841650059074,1.844448963988027,2.1826386642264097,0.24578536946422683,0.6253892892697112
-1.0764270026928433,0.06483648243867984,-0.9210049479188906,0.7954678491160933,0.22908011712646306
-1.0726698403797792,-0.2449237352207938,0.5985505262498864,0.8440434081063555,0.9660615832796164
-1.0689126780667153,0.7109588230074788,-0.8219305532449099,0.5937022523679406,0.16457362993742009
-1.0651555157536512,-0.7433638189781535,-0.9282355548223524,-1.4449190252647297,-1.174648023808427
-1.0613983534405873,-0.8740808531046558,-0.9462114865496873,-1.3863400310409588,-0.9652628374249824
-1.0576411911275232,-1.01493852089522,-0.11626325274050538,-1.459773708303977,-1.3169125476486088
-1.053884028814459,0.34151508554447263,0.11993736948698615,0.8596224976280757,0.5277887817074595
-1.0501268665013952,-1.03247711101499,-0.886696582691129,-1.3301858492671037,-0.9561427503330958
-1.046369704188331,1.3087595434212298,-0.164739285833293,1.0678092271152408,1.4179854588859309
-1.042612541875267,-1.0544824057690605,0.06987074113043507,-0.905156174756196,-0.3416410270367429
-1.038855379562203,1.2116752583818544,-0.7274067041265775,0.9859166909186149,0.3446798074809994
-1.035098217249139,-0.06907219561768016,-0.9411651265655419,0.6875155598255797,-0.2400424781258989
-1.031341054936075,-0.9366252709491563,-0.9620937580428396,-1.2278350921586922,-0.6843565551983327
-1.027583892623011,-0.2800902640525606,-0.9346452916542526,0.6182508978121374,0.12397303744468446
-1.0238267303099469,1.0779602814728662,2.0159746780018613,0.39446042337279136,-0.5024322911950002
-1.020069567996883,-0.32871912659188823,-0.9877225800086367,0.13929272030203807,-0.16466063361269528
-1.0163124056838189,0.811188695615957,1.0775297666521861,0.9246938945756792,0.6909828184166339
-1.012555243370755,-0.8164309650157543,1.4408252703163815,0.3725582836994053,-0.0600313711214465
-1.0087980810576909,-0.6455320494112448,-0.9050059632661317,-0.5387807854551356,0.0826407196304282
-1.0050409187446268,-0.9055667320427851,-1.0039342442006016,-0.5405065291635722,-0.20321548649537877
-1.0012837564315629,0.3823592902458299,1.0680015793242743,0.5563501126571178,0.0826407196304282
-0.9975265941184988,1.4324442410656564,1.1060719707552042,1.1203659096772558,2.3080075836547898
-0.9937694318054348,1.3371037713175395,0.15386305997853633,0.9536083256184349,0.9948713769380088
-0.9900122694923708,-1.0440795356711317,-0.7719163755894932,-1.4866449174170577,-1.3363751388727299
-0.9862551071793066,-0.784960838033238,-0.9204871847718927,-0.6148466312185077,-0.7191712268218537
-0.9824979448662426,-0.8759793692987291,-0.8640469544167352,-0.5379495944039018,-0.18075156033914386
-0.9787407825531786,1.3411294561184093,1.6207228106374854,1.1501765174902059,1.045141410376963
-0.9749836202401146,-0.6604131380933677,-0.8168292634653217,-1.5137263728264254,-0.9478868691335766
-0.9712264579270506,1.0845131345938261,-0.6571223780975093,0.7582756845200932,0.8563335695620844
-0.9674692956139865,-0.2068267760841441,-0.955448291132039,-0.5597186585042805,-0.15550196124757115
-0.9637121333009225,-0.9116247191086475,-0.8720533385328171,0.07215898404820019,-0.21120541254532824
-0.9599549709878585,-0.9103996059732227,-0.6196377238189126,-1.5169088847756984,-0.9915097596556821
-0.9561978086747945,-0.37657514054091334,0.8686156482239233,1.0207322314828904,2.5125532710863423
-0.9524406463617304,1.2944125981130297,-0.9280719756335573,0.3602548155940426,-0.3135919310867973
-0.9486834840486664,-0.9702909504492259,0.1831835136531261,0.6974889745762508,0.41237102543748777
-0.9449263217356024,0.6469675840503363,0.48869696710981014,1.0451020790104033,2.080295142076359
-0.9411691594225384,-1.0092039986588435,-0.828053033095837,-1.4897842917467188,-1.2464271883522418
-0.9374119971094743,2.4426235140791484,-0.9646947502541988,0.7079654345118405,-0.31454907291073547
-0.9336548347964103,3.4513405775221244,2.52587505489632,0.8925698931317054,-0.11478566210059243
-0.9298976724833463,-1.046919563450935,-0.9668671943168481,-1.461305332635339,-1.2518564367832679
-0.9261405101702823,-1.034706829297331,-0.9735506522341083,-1.3884384368582543,-1.163480993618106
-0.9223833478572182,-0.8250065774061093,-0.7530193946033623,0.36566731009386305,0.09692578155131393
-0.9186261855441542,-1.0504947234208561,-0.9438712376243986,-1.5209910556901995,-1.4194456715231718
-0.9148690232310902,1.029699473612012,1.3666848594975036,0.7712359437521504,-0.08202809157949176
-0.9111118609180262,-0.6074622794487967,-0.8638406723572437,0.5603321177497215,1.428631137704937
-0.9073546986049622,-0.25324703563343287,-0.4258371602068922,0.24624398109853957,0.058205326336684265
-0.9035975362918981,-1.0353570673789343,-0.9428421483095276,-1.4947362398154267,-1.24655660524348
-0.8998403739788341,-0.11441625190280995,-0.877868151054534,0.591189669176296,0.5209660082764414
-0.8960832116657701,2.6506206124664216,1.718099030162878,1.1371585397201216,0.6647315912871616
-0.8923260493527061,-0.9106429081670896,1.1186636266730607,-1.3398280216447356,-0.9768622531199638
-0.888568887039642,-1.0446143496433498,-0.9581451416640346,-1.5189844828950994,-1.2833275993576465
-0.884811724726578,2.1010235536018924,1.9121965335549804,0.8705510462797434,-0.10311495989431513
-0.881054562413514,1.8571007598453724,1.886326706963078,1.1072458215814738,0.8050957124656427
-0.87729740010045,-0.9557489816168252,-0.4588533437201535,-1.366693136778882,-1.2608264368226636
-0.8735402377873859,-1.0479277999151808,-0.9649065397132703,-1.4889003449607923,-1.3003347062071915
-0.8697830754743219,-0.35037708049785266,-0.9380973867035179,-0.7998638152811826,-0.19678124769023236
-0.8660259131612579,1.4312903177043537,-0.020537613043410802,1.1259333151489241,0.6337525013580172
-0.8622687508481939,2.09118724387682,0.019519682848801057,0.9898342635898417,0.8936283127756491
-0.8585115885351299,-0.9473404221120261,-0.7592618375206951,-1.0018376580313073,-0.8640898023177526
-0.8547544262220658,0.928621987510158,1.2919673073853681,1.0929495030406793,0.6055903880869817
-0.8509972639090018,0.8128819889656744,1.443338703580005,0.9229780038674835,0.3526215549773111
-0.8472401015959378,-1.0502968002746635,-0.9199587561343651,-1.52108312661664,-0.933311663721614
-0.8434829392828738,0.47582972904209636,-0.6320238259152648,0.5864078412375453,0.5098083289630723
-0.8397257769698097,1.8025807402712064,1.9364658638146317,0.8457818996350229,-0.362521136077681
-0.8359686146567457,-1.0418900029805982,-0.07475873495204256,-1.515924074032046,-1.4680672181472492
-0.8322114523436817,0.3712171331722926,-0.9535883059442978,-0.9710039759542785,-0.7322643289348608
-0.8284542900306177,-1.0501055564317043,-0.9115686993921397,-1.5207483461245264,-1.30988471049495
-0.8246971277175535,0.7238635483800749,-0.4266251508874409,0.9577724228013903,0.9021488793162361
-0.8209399654044895,-0.9742682029367048,-0.8523537439636432,-1.3811640977323456,-1.1282722871554614
-0.8171828030914255,-0.17091745068682415,-0.7920398284913838,0.958643853967145,0.0738890582966901
-0.8134256407783615,0.518487373394895,-0.6695021447619818,1.0036979770378884,-0.016660755720624917
-0.8096684784652975,0.7144733074493101,-0.3508602125245566,1.0842670400611383,1.0807286640927256
-0.8059113161522334,0.04832957219933225,0.6368134711222322,0.46901658552843534,0.815203594515462
-0.8021541538391694,-0.7581771728848236,-0.5268519156554851,-1.4823063301615371,-0.6769053638121397
-0.7983969915261054,-1.0262005323060333,-1.0442406887949365,-1.517776550162247,-1.2197742236164228
-0.7946398292130414,-0.9288570132557674,-0.25927776217551357,-1.5183192020778737,-1.141550784796606
-0.7908826668999773,1.3502260007260676,0.978094725157639,0.9228910638470064,1.845385939780484
-0.7871255045869133,-0.9650934694273385,1.3032388555952281,0.7724386295769408,0.9348945846478409
-0.7833683422738493,-0.8764661596270644,-0.696903583160502,0.808612073361468,-0.7316227911580954
-0.7796111799607853,1.8969814258044915,-0.7721709414729487,0.9423990705252215,0.34043552195801075
-0.7758540176477212,-1.0433753320854715,-0.9432293477538288,-1.5192590732231666,-1.3716929233269117
-0.7720968553346572,1.580662125294966,1.0135133544753991,1.102184984849861,1.3866535431949139
-0.7683396930215932,1.4823173934388802,1.684747734442521,0.823762248395175,0.09235363962397213
-0.7645825307085292,-0.6854733545961063,-0.9325614114032678,0.7074579507687828,0.9410539123898681
-0.7608253683954652,1.15014341339186,1.3073642118350675,1.1257681346201742,1.2574955897327
-0.7570682060824011,0.8282122128004138,1.3588934883847597,1.0857199994420799,0.6055748293518345
-0.7533110437693371,-0.849468075752109,-0.8550359846091902,-1.2968914984279611,-0.6031845695028069
-0.7495538814562731,0.3788896099784023,1.2727043745249473,-0.9890169580483712,-0.8375317401669293
-0.7457967191432091,-0.4054381376807086,-1.0980872099051608,-1.1241091877811384,-0.4289497336433321
-0.742039556830145,-1.0265832588557278,-1.0064557683588864,-1.4002411039015734,-0.9954735571198519
-0.738282394517081,0.6892017255153203,0.18881791787217286,1.011307785706563,0.36815707675410403
-0.734525232204017,-1.0397565176862151,-0.9238168628746642,-1.4838038726376883,-1.3423412635132193
-0.730768069890953,-0.4071324506805372,-0.9114995193687266,0.5219417295834148,0.3116099278868967
-0.7270109075778889,-0.11526750043663773,-0.5980669415034381,0.8369793768977145,0.13117279095976422
-0.7232537452648249,-1.0504982766056565,-0.9542978745568639,-1.5188445899840837,-1.2256950661056936
-0.7194965829517609,-0.4818242753516899,-0.988521676408417,-1.385115837312446,-1.0607672973405247
-0.7157394206386969,1.0180230081300052,0.8865347251963382,1.1295476276936243,1.7968810420189496
-0.7119822583256328,-0.8301264847756705,2.384785022235696,-0.09315850899781991,-0.4632390321379245
-0.7082250960125688,-0.8214720646344389,-0.6291110466079638,-1.2599442427124352,-0.2940010375165141
-0.7044679336995048,-0.908421987166931,-0.9544235208934125,-1.5177116607501018,-1.0464341508620991
-0.7007107713864408,0.3986001840907241,0.2232500761680715,0.971400697273627,0.9521466002704051
-0.6969536090733768,0.5741653233038031,-0.9363047890406871,-1.010054394809304,-0.5418145815158925
-0.6931964467603127,-0.07445109846911482,0.1380796195320851,0.5672304857255965,0.8239558391377428
-0.6894392844472487,0.7544933824944118,0.48961125371844516,1.2000995718770409,2.307931255703437
-0.6856821221341847,-0.8501049393652824,1.1141827244229225,-0.8252641059864734,-1.0006320506002768
-0.6819249598211207,-0.8866575665536348,-0.948697884348446,-1.3712154331233153,-1.1491256933799257
-0.6781677975080566,2.177845177115592,1.4268144194144488,0.8369978870061641,-0.10496788196262191
-0.6744106351949926,0.43641400376102385,0.3963905066810668,0.3795855903880172,-0.01805914323622547
-0.6706534728819286,0.3884930174812308,0.2620859749535879,0.5746213187659247,0.2797148708318076
-0.6668963105688646,-0.7873904361081121,-0.04441428380583995,-0.6310063407872973,-0.694124294143966
-0.6631391482558004,-0.7071108820189037,1.601074013801386,0.8529953316411845,0.27745930220829024
-0.6593819859427364,-0.5879145397686656,-0.9639143414218293,-0.4741917660994573,-0.08231167983839162
-0.6556248236296724,0.5086684720710353,1.003275076821211,0.9938385803426161,1.145896117619472
-0.6518676613166084,-1.0341170415489627,-0.8652130207218783,-1.3963657352856762,-0.8138715915813463
-0.6481104990035444,-0.7792829830311294,-0.7905261592209839,0.9751747509282882,0.10033865471300482
-0.6443533366904803,0.5460291573383345,1.487339931631896,0.9987277183230262,1.6219306745607116
-0.6405961743774163,-1.0465536823214925,-0.9631061913540232,-1.5212692308991422,-1.2982760395195314
-0.6368390120643523,1.0094611783424066,-0.6171441250625197,0.718887264378692,-0.4189236767028949
-0.6330818497512883,2.118199357524145,-0.1981289549474107,-0.0069276359216611915,-0.5391909405388209
-0.6293246874382242,-1.0604803237016047,-0.3363768521977867,-1.1564439317171742,-0.7840166416117654
-0.6255675251251602,0.922371917127677,0.5208867812149099,1.0966268994971442,1.8409707926642367
-0.6218103628120962,0.19332295501726698,0.9139334886151366,0.7429843762588029,0.052885732097333917
-0.6180532004990322,0.43119787345502847,-0.9524421646134381,-0.5962159984011012,-0.8744702610693457
-0.6142960381859681,1.452475581814115,1.377025412078653,0.8038803454823085,-0.1673824049795249
-0.6105388758729041,1.0595160123810878,0.6206322290556419,0.803870790270879,0.35223256029173416
-0.6067817135598401,1.046253452722913,-0.37272028793731193,0.8080518608587117,0.8917131452538483
-0.6030245512467761,-1.0229692216944735,-0.9462186877958445,-1.122159179947584,-0.7402272937605106
-0.5992673889337121,1.2274411865640342,-0.8019470053970801,0.2502520501519713,-0.761699435244233
-0.595510226620648,1.4214924418145274,1.6208639099716622,0.8365433069460643,-0.13205662280966338
-0.591753064307584,-1.0035545497218665,-0.9143226574442483,0.7859692072748756,0.007044917718265607
-0.58799590199452,-0.1748671285158191,-0.8896967851874037,0.5750082972334409,1.5496143270275637
-0.584238739681456,-0.49583576874048607,0.014944760686400441,-1.315630973059136,-1.0571354263832282
-0.5804815773683919,0.12005775702791026,-0.0015978148333882349,1.1075004111733657,1.3127572830119103
-0.5767244150553279,-0.7951711309227395,-0.9607039650198604,-0.5912181220573263,-0.4401349231320844
-0.5729672527422639,-0.21667172091548118,0.6663885595086613,-0.778526727294021,-0.26293474961358476
-0.5692100904291999,1.3178135131636017,0.9923689322039712,0.8792444915570108,1.0334357539878067
-0.5654529281161358,0.23818845828160826,0.7962669172949526,0.8794360246555459,0.32848399141050133
-0.5616957658030718,-1.0219745735526364,0.7698806632353986,-1.5060885516130953,-1.2173939616627236
-0.5579386034900078,-0.13795529822636693,0.7778093271406501,0.7287477734994334,0.027483494134940015
-0.5541814411769438,0.8403254639669239,1.522707691704812,0.15638019932354014,-0.7283371222938503
-0.5504242788638798,0.9020575958487299,0.7890423312175268,0.971064104882068,0.8592046141724233
-0.5466671165508157,1.1799631184261634,0.860435809116378,1.1541932633310827,2.5263390364261977
-0.5429099542377517,-0.5428570641978656,1.2995291709043848,0.2348128530212725,-0.28003923348404286
-0.5391527919246877,0.038264821628203355,2.0610000381429483,0.3611778567825189,0.16903458694142967
-0.5353956296116237,0.5002420845977043,-0.9507626086298969,0.2705808793698645,0.3441257692575193
-0.5316384672985596,0.8670287154103028,1.7834371397842161,0.7584322108903903,0.751040179548054
-0.5278813049854956,-1.048564483228949,-0.7581645949221559,-0.14132019053041836,0.11916353548292356
-0.5241241426724316,2.2244534419040685,1.5654498166745958,0.939056133485257,0.21241817090001006
-0.5203669803593676,-1.0305012292985027,-0.2781612827028136,-1.388971339471975,-1.175028719571504
-0.5166098180463035,-1.0087591214745615,-0.7329377095045932,0.8676594381034821,1.0197222624555367
-0.5128526557332395,1.2935457176547012,-0.2368518575353919,1.0268890077039639,0.5655852158367892
-0.5090954934201755,0.8006404924437984,-0.9591468027717021,0.9951448862666586,0.25416552278659815
-0.5053383311071115,0.17076863554985533,-0.5801766969203946,1.0773452254120148,1.0047582276224574
-0.5015811687940473,1.9070112357305067,1.6506072328123127,0.9711918091159438,0.12344744605078196
-0.4978240064809834,-0.9691345639128088,-0.9425576229012937,-1.1298447655561987,-0.7537554944186009
-0.49406684416791935,0.5192019489208334,1.1433140941950353,0.9855143760457077,0.8265642667222167
-0.49030968185485535,0.30145591493830637,1.124784276471155,0.7958336276474438,0.316912228674344
-0.4865525195417913,1.9924717885225551,-0.8718990442686178,0.7421557260109781,-0.26954351462052706
-0.4827953572287273,0.20313580400417044,1.1797677502648989,1.0747508799761791,0.18158739703570675
-0.47903819491566324,-0.1993178009237531,0.6591219831028371,0.8126614562528053,0.8336669445366951
-0.47528103260259924,0.07093275767392986,1.4370910895476603,0.9911705078281575,1.2227808530639646
-0.4715238702895352,0.2575236236438117,-0.27694128709901983,-0.4829308785494852,1.0329732600514636
-0.4677667079764712,-0.5448237548616819,0.8280887971836327,1.0276505773117008,0.8254941209959836
-0.46400954566340713,-0.7425987676541005,-1.0022054512947265,-1.0200045011128016,-0.8834224340106759
-0.46025238335034313,0.8617818600195088,0.2603775323340572,0.2601445855454633,1.1161673544990929
-0.4564952210372791,0.33325896417555034,1.314866408177756,0.5702252912786508,-0.3383784960179043
-0.4527380587242151,2.130915515839931,-0.39724144892158947,1.0590039016781134,1.0104357294486013
-0.448980896411151,0.7398383037942105,-0.20341982343004428,1.1558116175509094,1.6851622583796178
-0.445223734098087,1.1027132319163468,1.5058790856751256,0.7963422668504759,0.6960754613793063
-0.441466571785023,-0.45389788988034724,-0.9021874201516721,-1.5057135486301725,-1.3232140046323002
-0.43770940947195897,-1.0290032776594773,-0.9919646054268655,-1.105893299901335,-1.1987508211172457
-0.43395224715889497,-0.23390795134055556,-0.8935008395612778,-0.35884683814679347,-0.3459407987977759
-0.4301950848458309,-0.35398559365036936,-0.06189335669154398,-0.7182509255788193,-0.6680232157317455
-0.4264379225327669,0.2082885928507785,0.28986014501846913,0.958651028149057,0.3933825214153021
-0.42268076021970286,1.2767570407349311,1.9415575418990842,1.0402957534192088,0.28826003770140496
-0.41892359790663886,0.5510798903429964,1.6191416968295251,0.8920879518013407,-0.4093206142287785
-0.4151664355935748,-0.35465855393006784,0.3733490668706549,0.776900425734973,2.0444136578388075
-0.4114092732805108,-0.1661404113173266,-0.9344653770238153,0.8655107986926502,0.04581256465490464
-0.40765211096744675,1.30387774084557,-0.9536044422274563,0.7590982120278118,2.18409409488615
-0.40389494865438275,1.9254704620814587,1.4011206149795477,1.0350176377442952,2.26803723472413
-0.4001377863413187,2.171302785677672,1.834480374063399,0.5099542875029327,-0.29265327936962804
-0.3963806240282547,-0.9695388817182503,-0.8746175134964705,-1.4617460432793674,-1.1008278052533311
-0.3926234617151907,1.3402743058325348,0.9515374785333965,0.9678295945705614,0.870119598767761
-0.38886629940212664,-0.278005533129915,-0.7973833079127268,0.7811611107632018,1.018309520196701
-0.38510913708906264,1.7764073008370849,-0.9962745169607208,0.47608242424186464,-0.11598627667591827
-0.3813519747759986,0.6672983536483514,2.062500505138437,0.3071890365463826,-0.32378848752741834
-0.3775948124629346,-0.29117113978896697,-0.7143625786019672,-0.9285044999274252,-0.22699311489246948
-0.3738376501498705,0.7960847871179424,-0.9302394269871551,0.9248549602272619,0.1115430698546172
-0.3700804878368065,0.7290551161521456,-0.35816322281879615,1.1686259401650207,2.3174478381451586
-0.36632332552374247,0.1436114284295594,-0.7479031492294567,0.8688516759014839,0.8488090187822411
-0.36256616321067847,0.5119616702822778,0.6362500259698334,0.4999581042236021,-0.010273439553103577
-0.3588090008976144,-0.7537179042167607,-0.4892263638781627,-0.2983066782842639,0.6954121516201697
-0.3550518385845504,-1.0163486153979788,-0.9338633948865791,-1.5217391469945654,-0.9595181625166999
-0.35129467627148636,2.3577685920907734,1.6089835431130026,1.0910788737811592,0.4255900668241008
-0.34753751395842236,-0.8554230153962025,-0.9523704824568638,-1.4884972824043228,-0.7656595885427887
-0.3437803516453583,2.139013670495894,1.0327937339845301,1.0633157776042188,1.7530107525001115
-0.3400231893322943,0.33597605670770964,-0.8536955002328163,0.7207675912360851,0.07218541084756694
-0.3362660270192303,0.7563532268628224,0.5037791340238372,1.0065772735595988,1.1139675106555158
-0.33250886470616625,-1.0103811135418836,-0.9456839716084866,-1.366865566209845,-0.913327116230474
-0.32875170239310225,-0.9410303862281405,0.6683539632701417,-0.7325669740672939,-0.3173846659860648
-0.3249945400800382,1.222562647110904,0.998096934487185,0.8670180306859083,0.723376437899106
-0.3212373777669742,-1.001312857750797,-0.6506532571550283,-1.3857143698326218,-0.9478421609036847
-0.31748021545391014,0.5497943722021597,-0.44881964460136947,1.039466178386653,0.10934847167064182
-0.31372305314084614,-0.7812376375332084,-0.7858276878699959,-1.3433232718623618,-1.03183437361754
-0.3099658908277821,0.37287813227959565,0.6986505361330864,1.0927895286424898,3.0896060305523156
-0.3062087285147181,0.8239806020241427,1.3305348854908603,0.8788361416520842,-0.10879148771231849
-0.30245156620165403,-0.6052995378804459,-0.9790004960445348,-0.9159985033501443,-0.41300201913107387
-0.29869440388859003,4.326161755966254,2.6799800265369713,0.4749993944298195,-0.719527445020047
-0.294937241575526,-0.9921052288209966,-0.7981317862835292,-1.0838847706329382,-0.9491270562309974
-0.291180079262462,-1.0150781022922042,-0.8060890037125135,0.6188354667710552,3.1311100376043766
-0.287422916949398,-0.02379943125726505,-0.7759403677973478,0.8223518898373343,2.1769798815691557
-0.2836657546363339,1.8857661437204634,2.115370817938423,1.0162700573946066,0.5680345635145809
-0.2799085923232699,-1.0465947887680935,-0.8970784162143302,-1.5194953972033145,-1.374474312187237
-0.27615143001020587,2.335181981688612,1.4697637598304054,0.9004900212138987,0.6816766152208696
-0.27239426769714187,-0.7578896292541482,0.6867841485319457,0.283422766051535,0.6714978411082267
-0.2686371053840778,0.6836156940626058,1.48454918614073,0.8218325363599709,-0.2743036934344842
-0.2648799430710138,1.8082270878323459,1.5717230507118494,0.8054134308661025,-0.10732721354405203
-0.26112278075794976,-1.0253485865971943,-0.9236444063952033,-1.4426221455210617,-1.276189354109339
-0.25736561844488576,-0.890678170196516,0.36769589108559814,-0.8105605394738478,-0.40640611341988536
-0.2536084561318217,1.3405097116031344,1.0597860508869184,1.149482114721354,1.6880476385634635
-0.2498512938187577,-1.0514797454157556,-0.9545579256744382,-1.518240003353487,-1.1571254830511273
-0.24609413150569368,0.8668114621460048,-0.3108469919515249,0.7992018491710197,0.7775753311393706
-0.24233696919262965,0.4332597846775601,0.009758222216008434,1.045878266789788,0.7946640349926343
-0.23857980687956562,1.1168577610494774,-0.8664325990836862,0.08632032355324101,-0.2920384411332153
-0.2348226445665016,0.9785652600625759,0.628545721094262,1.0515524012348711,1.1845126927097736
-0.23106548225343757,-1.0413380083784907,-0.9171483063169236,-0.8811382348035863,-1.0359058271110815
-0.22730831994037354,0.43320482158105533,1.4874758882066108,0.9287545934055288,0.21526705641404573
-0.2235511576273095,1.3566260473278253,1.8066451027137231,0.9067873756726063,0.04689558773176085
-0.21979399531424548,0.47660807869359345,-0.9293412795594906,0.9960498871647443,0.24575063483138962
-0.21603683300118146,-1.0501721449367805,-1.002269914017533,-1.520014182250045,-1.2296765123223499
-0.21227967068811743,-0.026003965857716912,-0.9482052311458258,0.037367238692372275,0.12126386031064168
-0.20852250837505343,-0.9583743755431514,-0.9755758250108849,-1.4026439026901707,-0.9697936639763344
-0.2047653460619894,-0.8394383633755735,-0.929906012683863,0.6089507019708569,0.060700765068092154
-0.20100818374892537,-0.26598831289050207,-0.9704771671471166,-0.9543579240687377,-0.18420142226119093
-0.19725102143586135,-1.0354575551697074,-0.921440618545462,-1.3706792810980137,-0.830028759052609
-0.19349385912279732,1.2105147729990557,-0.4141043443569503,0.6565216395486194,0.4677021753858658
-0.1897366968097333,-1.0452197785696429,0.49819395065265554,1.0188741699307522,0.10732468171928473
-0.18597953449666926,1.9799123208759772,1.6839396737104533,0.6565715429550464,0.40039870825192847
-0.18222237218360524,-0.566521349083689,1.6362628638420609,-1.268068647467167,-1.1283510829398784
-0.1784652098705412,-1.0503109304946228,-0.8962201956029403,-1.519465628989579,-1.268595539082997
-0.17470804755747718,-1.0483128053304722,-0.962865564924832,-1.0194903144645469,-0.5565908274447336
-0.17095088524441315,0.6078352963468285,-0.9312716401660008,1.0796365056795325,0.6563687902666168
-0.16719372293134913,-0.7058812748590836,-0.6294500007301479,-1.295733678368244,-0.7582537769650959
-0.1634365606182851,2.201333840262466,1.9787767083993812,1.044105966032006,0.4759191056572935
-0.15967939830522107,-0.9931049404951312,-0.8369041294646599,-1.357791175376022,-1.0654427478418402
-0.15592223599215707,-0.2405190631092644,0.2581520666144074,0.9711680507508008,0.9770085811184505
-0.15216507367909304,-0.8901984409532031,-0.9218362864682514,-1.0081928837773817,-0.45772063241610494
-0.14840791136602902,2.220597919682661,1.7452467804439176,0.8922250527445764,-0.16742902910962304
-0.144650749052965,-0.1578734029403144,-0.802684115363889,-0.9989700121114397,-0.8621743466454402
-0.14089358673990096,0.05565400783646905,-0.4166748063463553,0.7975455411886746,0.2820394912311597
-0.13713642442683693,-0.4566150460444585,-0.7880917597212302,-1.5217391469945654,-0.5947184267868635
-0.1333792621137729,-0.686339884791165,-1.0099803147866524,-1.3967103218439048,-1.1776578517680278
-0.12962209980070888,0.2684621951697977,0.9310410094587975,0.7735324556650414,2.1493277503050767
-0.12586493748764485,0.31534185366836154,-0.017893865879774793,1.0270529094342111,0.5275287653160583
-0.12210777517458082,-0.7631647920813045,-0.9316994884796843,0.5334277023653468,-0.07788218204369078
-0.11835061286151681,0.019657405797467508,-0.925086138086873,-1.2451626191042748,-1.0955336493246668
-0.11459345054845278,-0.014851136837196126,-0.06715460011235509,0.834691730344059,1.1574911115139397
-0.11083628823538876,-0.059430243393258864,1.3634762711962232,1.082631014303144,0.9903310221732446
-0.10707912592232473,-0.6741806821822285,0.35497863324207685,0.89395288245996,0.5248115460524245
-0.1033219636092607,0.766157115160918,-0.9741429068792365,0.5183672018137733,0.11663593960783368
-0.09956480129619667,0.33344875566353865,-1.1245317732753919,0.5691003630397846,0.1582465521795566
-0.09580763898313265,0.18587660975626397,-1.0353969345803091,-0.7511322860389428,-0.8633678462621555
-0.09205047667006863,-1.0420429645853209,-0.7982842245410133,-1.515896590823711,-0.865502637964935
-0.0882933143570046,-0.4043806930517468,-0.19354946711550805,1.0443619632372214,1.0517502160332617
-0.08453615204394058,-0.49513294180904555,-0.9489655094652042,0.6223763188312654,0.4064329018820358
-0.08077898973087655,-1.035660776052137,0.596100192370539,-1.498702511796892,-1.1845631386804711
-0.07702182741781252,-0.7822125621908254,-0.6677033698891689,-0.19823837976836098,-0.765397908307914
-0.0732646651047485,-0.0456199815971957,-0.8595627427847768,-0.5769628582328452,-0.45414411829219126
-0.06950750279168447,-0.9901397097959053,-0.9595808819912899,-1.4728751869397338,-1.2735511343636334
-0.06575034047862045,-0.5591016616512547,2.36150909980268,0.03737089292168394,-0.6847738256585943
-0.06199317816555642,-0.9404760755040138,-0.9568009013152222,-1.3099281657224051,-0.8238501567820364
-0.0582360158524924,-0.8265700657429358,-0.9547459140972917,-1.0955613958376091,-0.36358779890795534
-0.05447885353942837,1.0650678733755603,0.32222134788099493,0.7963998632281876,-0.01995199780138844
-0.05072169122636434,1.5074954806394936,-0.9477120356706858,0.6340379420270711,0.18315962470036284
-0.046964528913300316,1.0014663758409788,-0.9463965561282692,0.5717857116176794,-0.43261792818779654
-0.043207366600236295,0.48518482518233447,-0.9503277215425108,0.5591909728890405,0.20589203886592072
-0.03945020428717227,0.7649188103410065,-0.7179456340837005,0.8699408689593844,-0.033051170098607446
-0.03569304197410824,1.6640823549837531,1.6246446585886691,0.9075839727817411,-0.11058028897461605
-0.03193587966104422,-0.8752415018011229,1.763362811066676,0.635291625144911,-0.6018030343002896
-0.028178717347980192,1.583620959291569,-0.8968958875655751,0.9981635016922605,0.27535556844954107
-0.024421555034916165,1.0354771265752123,1.241067683959846,1.159629204034616,1.89466793660795
-0.02066439272185214,0.3780507761051115,1.3430029109186137,0.33448452246828664,0.44916682872225455
-0.016907230408788113,-0.7381818021648902,-0.9318288143943666,0.0212035728487832,0.26572443843923027
-0.01315006809572409,-0.26328019226970417,-0.9960002595817398,0.5698904229807619,1.172932088854239
-0.009392905782660063,-0.9377421922856037,-0.8276170222724323,-1.031649459416697,-0.9661618578988814
-0.005635743469596039,-0.4605110875667107,0.25295930993714993,0.5702707850687043,0.43215338503572126
-0.0018785811565320127,-1.0418569990210522,-0.730708308707897,-1.475720279076477,-1.2654085454161392
0.0018785811565320127,0.3512702535210859,0.47331479551884137,0.8867241965632782,-0.26963079513372773
0.005635743469596039,0.5659584538259473,0.7381926046782419,1.0893642518402764,0.5724683636784603
0.009392905782660063,-1.0300546528175847,1.834701379551023,-1.5028517239319275,-1.4311891577044344
0.01315006809572409,1.3105180531370209,1.374211815788788,1.168964574979082,0.8550546877006435
0.016907230408788113,1.6180890743958645,2.024171635839267,1.074368992802258,0.2407172536325124
0.02066439272185214,-0.42082988465319443,0.03473313697364473,-0.5320718422340941,-0.22428882072283315
0.024421555034916165,-0.9519449539384022,-0.9312762294704688,-1.4025444961129128,-1.2161772891957567
0.028178717347980192,0.741026268305302,1.2844159095377632,0.9495786001810188,-0.24973224840082434
0.03193587966104422,-0.7074181873957964,-0.9467742274443962,-1.1397109466964908,-0.9805603599993657
0.03569304197410824,1.5005527822327203,-0.8727760054955553,0.8262973200939979,1.3233606735884436
0.03945020428717227,0.619160798430637,0.7991361034564589,0.2547225957722039,0.03239122537811059
0.043207366600236295,-1.051537280363405,-0.9817566904903061,-1.5087310674114773,-1.3181224167011845
0.046964528913300316,-0.5692495015413904,-0.8290034725818369,0.87322395219655,0.40658460452742484
0.05072169122636434,0.23447254454171637,1.3412694361049102,0.8630207975994153,-0.12196345337806695
0.05447885353942837,0.8447936005927225,0.670468052391816,0.9062533867560892,-0.036379918033435474
0.0582360158524924,1.4922343831569749,0.7913567555030688,1.022588351081065,0.36304768627708006
0.06199317816555642,1.4456235958942056,0.8225043063859873,1.1572355724646395,1.4956358167926755
0.06575034047862045,0.4743736255910725,0.6784473471928677,0.18402155652773503,-0.09946914961024342
0.06950750279168447,0.6648884111690967,1.298801929366027,1.1170768087406502,0.7486251304200362
0.0732646651047485,1.112831410043939,1.8627522733469528,0.556231992479122,0.6997620676827491
0.07702182741781252,0.2988315844323126,-0.9531639072232768,0.20588463995352585,0.7392341111940488
0.08077898973087655,0.8276506518864896,-0.7948350647432822,0.21905039741374036,-0.6405833928986209
0.08453615204394058,1.6489363046285141,-0.8576775144462088,0.9326780951523765,0.18064739186288375
0.0882933143570046,-1.0108129811718745,-0.7433849099925534,-1.4775706842315695,-1.3741758679013594
0.09205047667006863,-0.8900090703203024,-0.9648126283639484,-1.3119511317950998,-0.9040805725299779
0.09580763898313265,-0.15007841685932305,1.5219673916785939,0.7146255493523416,-0.3048745723047
0.09956480129619667,-1.0410288917121922,-0.9461860940650875,-0.858119505907304,-0.574515144855721
0.1033219636092607,-1.0447636943524499,1.651017280493352,0.3922769429988137,-0.6313429852251715
0.10707912592232473,1.2387543467361344,0.0002450633487741376,0.8092452602480524,0.418126394151986
0.11083628823538876,-0.945284373656545,0.015604858900632759,0.4911280034313694,-0.6848238287956354
0.11459345054845278,-0.6976811683672289,-0.25013239307939583,1.0438814653467356,0.5508428844150861
0.11835061286151681,-1.0571674840978345,-0.9580761303548619,-1.2536595938474477,1.0167066323150773
0.12210777517458082,-1.045230767911218,1.7008575500581689,-1.2402395442744363,-0.8917857280088117
0.12586493748764485,1.1931406936899596,0.43485595975656854,1.2006549358270235,4.031716915266698
0.12962209980070888,0.9808769958761598,0.9047457475723771,1.1738351290731808,0.7451560358079269
0.1333792621137729,0.8135854084797505,-1.0913939052554955,1.1143018680914483,1.5495517398031844
0.13713642442683693,-0.4132530492197123,-0.9182058367164391,-0.2497430089546054,-0.16575029519247944
0.14089358673990096,-1.049443548383294,-0.7945475161614381,-1.5214399618360688,-1.2652734263766205
0.144650749052965,0.8650132523873582,-0.5723911991161317,1.089797931414063,1.1796438873089947
0.14840791136602902,0.14518158603970985,1.1255581670560648,0.7239838074257304,0.17051205126467872
0.15216507367909304,0.09861789429141822,-0.18380041627640809,0.9883077489040332,0.31418024704535147
0.15592223599215707,1.0455673239273238,0.02193992903175895,1.0942363335015877,0.8817922265182908
0.15967939830522107,-0.8628842404771756,0.31290733552236,0.8587203921163687,0.38544318795038024
0.1634365606182851,-0.4457700788542829,0.705455516958314,0.8338799193765426,0.5366680648605918
0.16719372293134913,-1.0415462225895167,-0.936321287354668,-1.409601294697732,-0.895881134183627
0.17095088524441315,0.9458954038358308,1.7384733670615475,1.101757295061706,0.20320165310962468
0.17470804755747718,-1.039664856537433,1.6684578565565713,-1.507973178282068,-1.3885364428853684
0.1784652098705412,1.435463669047702,-0.8511402114907004,0.8443679008523386,0.09870680285680007
0.18222237218360524,1.352326423245608,1.0483354494463313,1.1725064970848635,1.0004594390204347
0.18597953449666926,0.5581739900899896,0.76199883532806,1.0400758585673036,1.1390184369866128
0.1897366968097333,-0.09261129541638648,-0.44806728687569125,0.1944185531590351,-0.2018437388213704
0.19349385912279732,-0.1682179439008681,-0.9787511142780536,0.8558615531785623,1.383085393560662
0.19725102143586135,-1.047647094718244,-0.95697027088079,-1.5138274313171467,-1.3816178137089667
0.20100818374892537,-0.2665254188205641,0.9738939740822671,0.5367318927332758,-0.0736910402656735
0.2047653460619894,-0.6817806889149206,-0.5975615752892487,-1.4377485809685835,-0.6280258685778295
0.20852250837505343,-0.8047922852810471,-0.8541158517347595,-0.3379933253924824,0.04086706069130708
0.21227967068811743,1.5937117140195862,1.2102607696236762,1.1083746779114816,0.658157943996053
0.21603683300118146,-0.8143195392120866,0.4719610852990134,-1.1131505993697968,-0.8726488459641866
0.21979399531424548,-1.050409066465139,-0.9595059155933348,-0.33358471438126736,-0.8969172470619019
0.2235511576273095,0.025649173145804945,-0.9316045251442797,0.7741361432570956,0.19338775656236934
0.22730831994037354,-1.0309257764045188,-0.9519630026346101,-1.443863292867491,-0.004563090186616032
0.23106548225343757,-1.0269948028550673,0.4809737757451594,-1.0094771274673573,-0.692007393216008
0.2348226445665016,-0.9038035642671713,1.812075409310692,-1.392415248893148,-1.1067548329333206
0.23857980687956562,-0.08702278452609227,-0.9553390613889505,0.2935761282414131,-0.828962302067266
0.24233696919262965,1.7786859317984065,1.9125286891453714,1.088495327924188,0.7616558061937616
0.24609413150569368,-0.7567364247898624,-0.7225983918275887,0.6322609009022139,0.36082649701370406
0.2498512938187577,-0.975854016788762,0.20820466692954817,-1.4021296745195992,-0.8699707957076804
0.2536084561318217,-1.050097739547549,1.2596839372929818,-1.4574770502998131,-1.1635313710092463
0.25736561844488576,-0.6858017538949611,-0.893899381157923,0.002697601751763257,0.24506011434217742
0.26112278075794976,0.3254312367563686,1.0505967804142267,0.44975159429806194,-0.36301090360279903
0.2648799430710138,-0.6194665537338193,-0.9559466795778352,-0.5859762027652156,-0.13063787623710627
0.2686371053840778,-0.8652363021879281,0.9490608698218563,-1.3467565591202761,-1.1991397349182567
0.27239426769714187,1.437733675368986,2.1476757514839986,0.8511502581707369,0.46339298502197535
0.27615143001020587,-1.047493198869067,-0.499648701294626,-0.13275605318261025,-0.5440249070816894
0.2799085923232699,-1.0469570090933888,-0.9223776837979166,-1.4547199122479306,-1.0838465557360462
0.2836657546363339,-0.6313574161734236,-1.0240461348612555,-1.2628129716757746,-0.8813296651597564
0.287422916949398,1.927733670211955,0.5516905298098166,1.0937459146699633,0.7685003162016277
0.291180079262462,0.07102395022054743,-0.9520741346597212,0.9033261636282517,1.1055989155532855
0.294937241575526,0.24078391513903624,0.4883102202382518,0.9215542434878656,1.1238802398339327
0.29869440388859003,-1.0117233498233986,-0.9327687553021925,-1.5003528429514938,-1.4066787978103428
0.30245156620165403,-0.9757750296876481,-0.807697944293592,0.03845586863378489,-0.25192601185224184
0.3062087285147181,-0.6040746145028082,2.0571653543261323,0.15966690302386474,-0.38764786261267686
0.3099658908277821,-0.1951546025099353,0.2026327974334971,0.798400721050089,-0.12513229428099318
0.31372305314084614,3.0677184028971,0.6609917775348501,1.045852297656623,0.5763505866707246
0.31748021545391014,0.26215928519413045,-0.7757612962456677,0.6289060409674321,0.3217516502338437
0.3212373777669742,0.4113770740576128,-0.9543150260953653,0.8546796839987706,0.522667515312894
0.3249945400800382,-0.14749788025509789,-0.08204394515382421,1.1488896948362988,1.156846819798858
0.32875170239310225,1.1231141692741007,1.536986120674148,0.5141581823275204,0.6912020662146098
0.33250886470616625,-1.0085496759316077,-1.005756040588426,-0.235228535955666,-0.5490340082256171
0.3362660270192303,-0.4028736673357704,-0.9672148915853725,-0.84393517042047,-0.5313299169939802
0.3400231893322943,-0.1566359148344255,-0.4884692095666588,0.746617045021987,-0.5505792915448207
0.3437803516453583,-0.5858234626968322,-0.1304957387172703,-1.0075186867662624,-0.8705596670083965
0.34753751395842236,-0.6317257586406542,-0.9617947604891046,0.16175571822582463,-0.16550064580508136
0.35129467627148636,0.9167085498700195,-1.1006485714334733,-0.013753537738680799,0.38003204262993634
0.3550518385845504,0.6854740708490736,0.9272130746139428,-0.5649786534333661,-0.6583424181843193
0.3588090008976144,0.9655113860050024,1.1202918106654554,0.8514802203946172,0.33162978665595927
0.36256616321067847,-1.0400338389736252,-0.9834468721109624,-1.305804985094758,-0.9292833877850245
0.36632332552374247,-1.0251025481565803,-0.9121737261940228,-1.4823828036361766,-1.362088009610584
0.3700804878368065,-0.7968331699896358,-0.9483603603885262,-1.3935856964706075,-1.223501293162122
0.3738376501498705,-0.7192638705225164,0.814401428629448,0.9058175133058349,0.49709082265517873
0.3775948124629346,-0.9525022625697154,-0.9821977958018859,-1.4688389301985403,-1.259294386495833
0.3813519747759986,-0.976504932603897,-0.013000453183908956,0.42247306214674407,-0.2370823196630983
0.38510913708906264,-0.1523589379004333,0.055071818732550015,0.4753496171479157,1.2886285816860514
0.38886629940212664,0.4912309060243085,0.04673339518171714,1.2484162355256483,4.438885336735239
0.3926234617151907,-0.34403103129245194,-0.9564297811753919,0.31546942770449127,-0.15607576830687045
0.3963806240282547,-0.8032170802820431,-0.9588088547549705,-1.4333638124113852,-1.1756568450668028
0.4001377863413187,-0.9560030258057964,-0.6036271912943152,-0.2103426768280899,-0.25699757819733754
0.40389494865438275,-0.9032702078872114,-0.9381119661514953,0.2931902415531596,2.5703548118901076
0.40765211096744675,-0.9291146326302183,-0.9078677020784249,0.17255330559851642,0.7428579450212385
0.4114092732805108,1.2178243221788687,1.8322074237810542,-0.2194909548063679,-0.4132665100399886
0.4151664355935748,-0.0082176455185646,0.48802836366536306,1.014318597566194,1.5860554947060033
0.41892359790663886,0.5460876448595748,1.051033781150602,1.077957563693695,2.0127104694410494
0.42268076021970286,-0.9955942583230935,0.7301674000426951,-1.0192845370719812,-0.9546664872095812
0.4264379225327669,-0.7048827615110492,-0.9153480880386174,-1.3554210776133724,-1.0558989468091717
0.4301950848458309,-0.49753273333851145,-0.3536366789832147,-0.09708780741274191,-0.0972478807979622
0.43395224715889497,1.4687678532236503,-0.7122729193929095,1.0580254113241367,0.604383484451001
0.43770940947195897,-0.11992696609884337,-0.9818192106916229,0.8148266973920492,0.04007816040217601
0.441466571785023,0.9859375640175092,1.683682989552137,0.7164911371364809,-0.16058553672903944
0.445223734098087,0.9916248275239766,0.23187293663884528,1.2484162355256483,5.524270882589206
0.448980896411151,1.1316065810114027,1.4648672228185584,0.8276423068343435,0.18899499827395727
0.4527380587242151,-0.9274339571109875,-0.8839283350067656,-1.5174498741442117,-1.29546509787518
0.4564952210372791,-0.17232138938124583,-0.5835433928386209,0.6773769742551482,0.5141944096352845
0.46025238335034313,-1.0076942877445847,-0.9515123437584174,-1.5158477063681932,-1.015115665497735
0.46400954566340713,1.9987344635408424,0.8962524151489846,-1.4594070269273915,-1.1293848723547468
0.4677667079764712,0.12526596134214604,-0.9422537238093079,0.7353859561933921,0.0010017964282718885
0.4715238702895352,-1.025571430154754,-0.8556253305319351,-1.487772664102628,-0.7229473605488818
0.47528103260259924,0.6617314445603,-0.6154055207241035,0.512545060476255,-0.5865858194318396
0.47903819491566324,0.21708564263278418,-1.0773605498504082,0.03846330982716508,0.8184781412103482
0.4827953572287273,-0.9135355514321428,-0.9402633054500515,-1.33956432183153,-1.1714103481769094
0.4865525195417913,-1.0550723097908097,-0.9117302530140623,-1.4914642247812295,-1.0005150453639844
0.49030968185485535,-1.049806470423702,-0.8486979631652493,-1.52055998950605,-1.1729931717494777
0.49406684416791935,0.08835957200392307,-0.7402832815575997,0.029971060909819568,-0.06686586745876745
0.4978240064809834,-0.9165858610132457,-0.9088028827772006,-1.3365396753587544,-1.160025504566657
0.5015811687940473,0.11708306027967022,-0.4250748720018977,0.7634810499316165,0.09379142358327144
0.5053383311071115,-1.0441404411224096,-0.7914063413671779,-1.3592557367270726,-1.293855437567619
0.5090954934201755,-1.0389524590337376,-0.9592946906462916,-1.515572687908563,-1.3043609060676717
0.5128526557332395,-1.0397040931175505,-0.870366133839287,0.4931544505621543,0.4411654482976391
0.5166098180463035,-0.218297168084142,-0.5965307159288202,-1.1443805190351561,-0.5587125932121831
0.5203669803593676,-1.0266112261772644,-0.883191022616793,-1.4583738637534498,-1.340667835922597
0.5241241426724316,0.5610126649877146,0.8788254860253001,1.0101698773730097,0.1504532824303338
0.5278813049854956,-0.9969784528505713,-0.7802218713743123,-1.5077954118476515,-1.4183878216924415
0.5316384672985596,-0.5694221899022539,0.29091212569931035,-0.43037855450479284,-0.3116371748134149
0.5353956296116237,0.7952651051826612,1.5962694587505903,1.1119372086904307,1.7613416043858814
0.5391527919246877,-1.033971289414945,-0.23352852436313626,-1.5157170700760432,-1.3257075976517774
0.5429099542377517,-1.0512098265815621,-0.9352753801434222,-0.7592377047842008,-0.3675485717902403
0.5466671165508157,-1.024052035500034,1.2583297979076533,0.6893426918416365,-0.3812466466982618
0.5504242788638798,-0.07093965637071055,-0.9441977472416369,0.6443492274248341,-0.02402692503066253
0.5541814411769438,0.1003999655888006,1.0501875664490756,0.9471711210391162,0.07945792688634423
0.5579386034900078,0.2261198304748543,1.4407648517109606,0.08389231675918782,-0.19933190251345845
0.5616957658030718,-0.4548503613191751,-0.968001539938765,-1.1746121971294756,-1.0676069115388087
0.5654529281161358,-0.34347692485638104,-0.7521941852994617,0.1398575276652174,-0.5167885556181034
0.5692100904291999,-1.01082622070818,0.20144322206370127,-1.4077409831048444,-0.8282121306840938
0.5729672527422639,1.0127287014617727,0.5877780052856542,1.044728339752103,1.0991738619909834
0.5767244150553279,1.2062403921625564,1.3685406144732073,1.1002687315520412,0.8215562433689464
0.5804815773683919,1.4236205401827253,-0.9472083223360191,0.34733660368320085,-0.3509697208982018
0.584238739681456,0.6456571896220719,1.144000001302257,0.868364429996962,0.3943147979042981
0.58799590199452,-1.0373228338629004,-0.9561608001812205,-1.4790256593815432,-1.3447413473431193
0.591753064307584,1.3173660510967913,1.5740010988689703,1.0542464657228303,1.146395376353606
0.595510226620648,-1.04998170497097,-0.9467162814153779,-1.5203732674984451,-1.444493755888365
0.5992673889337121,0.2877989962776879,0.856119842068829,0.5132091197856856,0.3045971133476966
0.6030245512467761,-1.0389592355196342,-0.7507321497705365,0.49183616331045155,-0.446670766040372
0.6067817135598401,0.5994124285580861,1.5379145201887479,0.6251312744586003,0.6628290307818557
0.6105388758729041,-0.9631050880595381,-0.8869481767417627,0.8411590395510598,-0.08885755428544483
0.6142960381859681,-0.9684489624818329,-0.911082197597163,-1.37992927861027,-1.0097773264648873
0.6180532004990322,-0.11524474613021433,0.8319882644959626,0.4483168607377948,-0.14765696248517113
0.6218103628120962,0.10918744477811573,-0.5288775834667468,-0.2979551610013477,-0.5688976329904459
0.6255675251251602,-0.6701427928790642,0.21676132495466588,-1.4002097495678718,-1.0939890335218014
0.6293246874382242,-0.17048577034416434,-0.5777278839236609,-1.0374462479525695,0.005781961420637934
0.6330818497512883,-0.8232525087731858,-0.9884792876929719,-0.918423097427279,-0.8983995479909163
0.6368390120643523,-0.9753607281706576,-0.7628787912527851,-1.028147824290964,-0.9016234445581285
0.6405961743774163,-1.0247732900031004,-0.79055426029062,-0.010078843865591785,-0.15746937708848271
0.6443533366904803,-0.4486250673879428,-0.39166705920796446,0.9143427539494823,-0.09233959702092656
0.6481104990035444,1.4597601939619647,0.657025837288709,1.026925169891503,0.8258094358692994
0.6518676613166084,-0.8245242050590714,0.6204758060087132,-1.4344234755446872,-1.315166924735615
0.6556248236296724,0.8824511647468661,1.4661833124383168,-0.5304616456589788,-0.3925829170258458
0.6593819859427364,0.8923959101462808,0.564894685721167,0.48247465510531146,0.8438863106858359
0.6631391482558004,3.0752522256569463,1.0479157407734936,1.1449334195119634,1.994884360009006
0.6668963105688646,0.03311210302724811,-0.9580712822265186,-1.1194434955472738,-0.4173259464523844
0.6706534728819286,-1.0498183561406755,-0.9537971853224821,-1.514870425490672,-1.0065363874446958
0.6744106351949926,-0.1492271630106222,0.30085693700587135,0.8019316928281696,-0.004389681519473484
0.6781677975080566,-1.042471066191708,0.6092859928347273,-1.0382392421732225,-0.9553905826491952
0.6819249598211207,-0.8572304401189939,-0.961072587599391,-1.0115800701772817,-0.09229511962331194
0.6856821221341847,0.06724728941268739,0.8358511681189496,0.758047115017411,0.8900063922906699
0.6894392844472487,-0.8452282160044747,1.5654668258974263,0.2429204180534132,-0.48978626725657554
0.6931964467603127,0.6507432932125008,-0.9447448329316586,0.7454381862458049,0.21034928984291706
0.6969536090733768,0.017613068004341814,-0.9177140813315205,-0.30993773272775066,-0.4782776348767809
0.7007107713864408,-1.042737971113233,-0.9784788401155314,-1.380284404057363,-1.1643378479420723
0.7044679336995048,-0.9632125544048094,0.4162070161013098,-1.4734480072041969,-1.1525349674694558
0.7082250960125688,-1.0500877192929265,-0.9451576136207938,-1.0397260521410614,-0.9721957427613027
0.7119822583256328,-0.04930662704362748,-0.8069872477762873,-1.5217391469945654,5.827832895812121
0.7157394206386969,-1.0242035235106177,-0.8386007850686603,0.39410192950031825,0.026266759405346646
0.7194965829517609,0.5759002973535768,1.1054860202195247,1.0973168510245446,0.7414566226741967
0.7232537452648249,0.24964699492610978,-0.14555602853589863,1.2484162355256483,3.218609156949228
0.7270109075778889,-1.0535854793107202,-0.9485419797533111,-1.4734480072041969,-0.9818635527956082
0.730768069890953,1.103870445494212,-0.31472043704136576,0.7665468759270171,-0.13266156530067844
0.734525232204017,-0.9902741643012496,-0.9927897528335426,-1.50456369289568,-1.2046016437693792
0.738282394517081,-0.6276860235617496,-0.9535764913536336,-1.3346408494067876,-1.2464810382507052
0.742039556830145,0.017217404473063445,-0.8722327319055097,0.6881672197754533,2.056442092582534
0.7457967191432091,-1.040125002151285,-0.8081045268468167,-1.518224407586722,-1.4459715869548255
0.7495538814562731,0.6800995886847663,-0.7317557971070298,0.7993929635664052,-0.3387943149109555
0.7533110437693371,1.0188661835686506,-0.931258361098161,0.7499799729268554,-0.20030528478885273
0.7570682060824011,-0.29569737827968434,-0.9425311015411688,0.21919460669338886,-0.3126190205978528
0.7608253683954652,-1.045448338107875,-0.9377014194903918,-1.0780311191548455,-0.94145867285292
0.7645825307085292,-0.2713293089628045,-0.9245069432377224,-1.242075909452201,-1.0709513685857128
0.7683396930215932,0.42891848431004664,0.9673241956690354,0.8170352084388796,-0.016709403012255746
0.7720968553346572,-0.4358799968193428,-0.1892543754276199,0.7605849390210453,0.01179953097737107
0.7758540176477212,-1.0484756472319305,-0.9567638479399005,-1.5040082612519567,-1.4044932656071702
0.7796111799607853,-0.2672680371349329,-0.2482452255939631,-0.8390468252360287,-0.524708167565923
0.7833683422738493,0.17675513933895204,0.5356841942477071,0.6876821306413814,0.052096909398627
0.7871255045869133,-0.28024033897913514,0.5164956113883861,1.0708421725435837,1.689199018137156
0.7908826668999773,0.18565122562075098,-0.9095624900866655,0.20677157818436298,0.4538202863338314
0.7946398292130414,1.4510000586104086,1.4150169646688269,0.8215087279454782,0.026493397414223227
0.7983969915261054,0.7569289172299772,1.3928739383123852,1.0526227288776189,0.23897926593735816
0.8021541538391694,0.6713674424169072,1.3806884848698757,0.8305554236057549,-0.16459105552729933
0.8059113161522334,1.0938863094724471,0.45951113357670587,0.9978731719188713,0.5157869655786804
0.8096684784652975,1.2856880436619664,1.6912890295319603,1.1232629457839536,0.697924467792932
0.8134256407783615,-1.0190450541233589,0.6314630388139871,0.5511945577313062,0.022481639251562307
0.8171828030914255,1.3983783120051871,1.9443191219373188,-0.20110398102445737,-0.48884734144764846
0.8209399654044895,0.4926034366863887,0.8256136379455455,1.1045723211904277,1.1922468701778899
0.8246971277175535,-0.985263733886054,-0.9370762579116004,-1.4585107864462006,-0.925898229925166
0.8284542900306177,-1.0458296690193212,-0.7927717486936222,-1.5197498723367955,-1.2021752459091353
0.8322114523436817,1.9119330568263948,-0.907479581776492,0.6950026811201948,-0.14486294259786078
0.8359686146567457,1.3227332135319703,1.3975263979098342,0.9586005023936299,1.0466865723230518
0.8397257769698097,-0.944814242830899,-0.9458199422071027,-0.8066086620099223,-0.8178733375428519
0.8434829392828738,-0.6266766625180269,-0.9260642072431734,-0.6932850520072383,-0.14811714686712463
0.8472401015959378,0.6720729820070105,0.8690708845512454,-0.32650893042109047,-0.46837049783449075
0.8509972639090018,0.6544751866367295,1.1676601963127866,0.8012502503855867,1.3580223240243523
0.8547544262220658,-0.5364751447370772,-0.9542486364482202,-0.9167466796886928,-0.8071921375765165
0.8585115885351299,-0.899934027695196,0.05987914030125403,-0.27327982192380773,-0.5643630461278123
0.8622687508481939,-1.049929554089775,-0.9759153244232477,-1.5180961794458037,-0.8824297388918454
0.8660259131612579,-0.9655717860623333,0.8067742072664165,-0.8821914003705066,-0.7237779008938761
0.8697830754743219,1.939278812503208,-0.5881259160120988,-0.10049846404883461,-0.45421561338897853
0.8735402377873859,-1.0502195741981495,-0.9297812279154304,-1.5213725303478582,-1.2996824698694194
0.87729740010045,-0.899245092943266,-0.23068503676076435,0.5849000781142208,-0.3879577800203451
0.881054562413514,0.14428811030668556,-0.7843389635925179,1.009609737032527,0.6606278600913617
0.884811724726578,-0.8881503806930143,0.7821097583055966,0.7617673169747992,0.40988742598010175
0.888568887039642,0.36096861308125827,-0.5879301142548711,0.04939375652436299,2.0524208943213025
0.8923260493527061,0.39015281421477366,-0.24636937710739468,0.8407754841141386,-0.37590147061459867
0.8960832116657701,-0.5081785413229797,0.7473496862781869,0.2588568706562455,-0.4728889016329435
0.8998403739788341,-0.9811596456731593,-0.8694739941375794,0.5476937235439204,0.3233073702115744
0.9035975362918981,1.34294535683137,-0.5548764597810122,1.1414145254712198,1.9956477815169185
0.9073546986049622,-0.8594044263130287,-0.9070243855720134,0.37518846809882567,0.09852758491167417
0.9111118609180262,-0.9026708631067452,-0.9551882337063633,-1.5178820916336473,-1.4482189502473255
0.9148690232310902,0.8976456932967184,0.6985787606880378,0.8482040751907337,0.1571208418940939
0.9186261855441542,-1.0363569869826785,-0.9864463656961511,-0.7397156037835244,-0.7366246494839322
0.9223833478572182,-0.7619552903518361,-0.7322538947852193,0.5836916089117499,-0.42748006687024714
0.9261405101702823,-0.400006967420109,0.3236193924944402,0.7560879511707436,1.1984332926769616
0.9298976724833463,-1.0052446544367415,-0.9909705633606866,0.8470020409280274,1.1917077051353806
0.9336548347964103,-0.889113701557493,0.6477424537537606,0.3407748724747242,-0.4636159534526542
0.9374119971094743,1.0214875233365601,-0.950692733690886,1.0791028335379957,0.6595582085651851
0.9411691594225384,-0.6800455521094988,-0.9529372269999291,-0.6782888514212452,-0.3373107929698475
0.9449263217356024,-0.4834796371359547,-0.8524727102007925,1.2484162355256483,2.9716516425103654
0.9486834840486664,-0.22919729022613816,-0.9792164540289804,0.8578191871554499,0.9089489064512571
0.9524406463617304,0.03767158039161827,-0.9704035573589262,0.3556067744926445,-0.08730109936251099
0.9561978086747945,-0.14541362840505798,1.0042143180480898,0.8957797653321282,0.32253110935229923
0.9599549709878585,-0.9279550853500276,-0.9206086218603583,-1.4273380268589544,-0.9561479672967872
0.9637121333009225,-0.5089315396078523,0.09235664727647855,0.684671627160822,-0.6354000441607349
0.9674692956139865,1.1579461965798274,1.4601650904457215,0.8189042345374501,0.023397037733181972
0.9712264579270506,0.48748743596439437,-0.7920193816865518,0.9149159671311334,0.35224842172465304
0.9749836202401146,-0.6395883876944759,-1.024854080088463,-1.4543238611367726,-1.0322489018191439
0.9787407825531786,-1.0299244695092338,-0.3667166479222496,-1.5035144405306167,-1.169558139774504
0.9824979448662426,-1.0176037970105833,-0.8351359263931786,-1.5044071058096873,-1.2056587588883079
0.9862551071793066,-0.6963985633052485,-0.9114084365669264,0.22073791112632352,-0.8637167065210088
0.9900122694923708,-0.9756017585224961,-0.863967977070623,0.8237122979173619,0.9225426780894179
0.9937694318054348,-0.905989497931255,-0.947165731699706,-1.457894960662731,-1.1652886519394388
0.9975265941184988,-0.9760185912215369,-0.9774474121078902,-1.331132125261523,-0.24073504066857165
1.0012837564315629,-0.0006563998944736201,0.005885007326978213,0.8289913008482929,1.2185722525636817
1.0050409187446268,1.6992118627107837,-0.1272279288784303,0.8367645316101824,0.8281332300535981
1.0087980810576909,-0.9249270048747236,-0.9498098862271778,-1.465698032813484,-0.5821089031033191
1.012555243370755,1.7919452306635033,0.9266638136901592,1.1448467725729283,0.8740702541044364
1.0163124056838189,-1.010502402702938,-0.9521042812792014,-1.5031933569072207,-1.1420093561698328
1.020069567996883,0.9027750782447631,1.7372097717030024,0.8014776819935483,0.21691502163218626
1.0238267303099469,-1.0507407238088498,-0.9274901004123167,-1.4961251351358484,-1.2987561146500866
1.027583892623011,1.5877357382352213,0.6470958404971658,0.6830907681186394,-0.3156885269981786
1.031341054936075,-1.009615483405608,-0.9441511445583475,-1.4926233997308391,-1.2175209077846323
1.035098217249139,0.13789428230923145,0.8754299805775809,0.927406588235123,0.1232714988113442
1.038855379562203,0.8596520751017479,1.0815522964770623,0.2631131548624828,-0.5569339469010275
1.042612541875267,0.5610804928725799,0.7581050749959282,1.004049193653796,0.47546365968089876
1.046369704188331,-0.9140722651538563,-0.7654077769272587,-0.5415303193335663,0.4197310769063955
1.0501268665013952,0.44288992126814625,1.073743691455104,0.2478249936788835,0.16832990613138976
1.053884028814459,-1.0425036451678658,-0.8977515568155207,-0.47377031180834783,-0.5790545278130151
1.0576411911275232,-0.7736045910780485,-0.8237222799755289,-1.2948572002095544,-0.7381010198241011
1.0613983534405873,0.2948715173830467,-0.1214910996860195,0.02942252081935587,-0.5882870334227586
1.0651555157536512,-1.050135053992693,-0.9351982020062316,-0.8064920843190186,-0.7726269640535546
1.0689126780667153,0.995512898856209,2.2694562835589176,0.5098425418357622,0.3092024738527787
1.0726698403797792,-0.2895392009498534,-0.002509883049588349,-0.9080697798840036,-1.0508669807373967
1.0764270026928433,-0.9158062993511036,-0.9562365855599944,0.24792658067143578,-0.3148306824309913
1.0801841650059074,-0.18620556042505254,-0.1148084646310062,1.0658953377332008,0.6963019446381995
1.0839413273189713,-0.6089388469540521,-0.9037792079673529,0.03637961872799927,0.07962744110099261
1.0876984896320354,1.148939857213372,-0.9660318478201331,0.08729601962398945,-0.12904166337223788
1.0914556519450993,0.9332621411958033,1.1866313961522847,0.9025416467161134,0.2832209951080931
1.0952128142581634,-0.5864963094771317,-0.9340474221543622,-0.7588715228060713,-0.7517475570596862
1.0989699765712275,-0.15114077685525862,-0.985618431232833,0.3767725160257537,-0.1953677539651524
1.1027271388842914,-0.3235061867303442,0.9427383976510969,-0.0928298832262261,-0.08829477281339534
1.1064843011973555,1.6802845682270315,0.9891258783141739,1.094309898099151,1.2454032102862285
1.1102414635104196,1.1369873994145638,-0.8203706509557138,0.30890865934048656,-0.22820101708942267
1.1139986258234835,-0.2944631361905124,1.0305151800038608,0.753258271303175,0.18413028956297603
1.1177557881365476,1.2202927083943387,0.7281328008471245,0.9684537234624352,1.622498034300165
1.1215129504496115,0.3554233945763234,-0.5900504569026265,0.8254370233913524,-0.11917707620847964
1.1252701127626756,-0.2554270451927152,-0.9452598178274032,0.8440580424344635,0.21515631297985635
1.1290272750757397,-1.015160564977958,-0.9368589911443612,-1.4877649497072403,-1.1148408506747263
1.1327844373888036,1.7679527591663522,-1.0826758829922352,0.36607044701921143,0.17024798395422555
1.1365415997018677,-0.5362871131526338,0.6784356002469237,-1.4920651447873543,-1.1160533815382288
1.1402987620149316,-1.0312021919881371,-0.7913352276255443,0.32693205527059777,-0.6063180283809025
1.1440559243279957,-1.0474885677620998,0.3903255503939508,-1.318794224071137,-0.7720489749840205
1.1478130866410599,0.2601255703310385,-0.4113572583721402,0.9206046710696327,0.8069427932494164
1.1515702489541237,1.1678699964644221,1.3727281277875658,0.9529678558892305,0.3756522268649791
1.1553274112671879,0.7983546831956271,1.2315603617874908,1.0380406334879606,0.4615827481313138
1.159084573580252,1.6576821107385384,1.2543997986891557,1.0188123986536832,0.9766629715362407
1.1628417358933159,-0.26516710737854876,-1.1104127853977208,1.1712531329484825,1.8234646972630815
1.16659889820638,-1.018272897741761,-0.9836945546733412,-0.8897019986502581,-0.3995555530890196
1.1703560605194439,-0.6078058823731882,1.0474696099541487,0.12047465231538987,-0.23444659411580232
1.174113222832508,-0.8187328139648924,-0.7541835487639789,-1.2828039118445738,-0.5938745953181856
1.177870385145572,0.9549962710074826,-0.9205186153323454,0.5999363776039922,0.4220794090086552
1.181627547458636,-0.8612790581685689,1.150181333993859,-1.5203303546318667,-1.1295822723947004
1.1853847097717,-0.3272512309845978,-0.951898241308874,0.7005215791727587,0.5385430745457547
1.189141872084764,-1.0339622253693563,1.8280020365953777,0.48451474619384793,-0.18934816493630455
1.192899034397828,-0.7022245036321233,-0.7509773487197934,-1.0319527762619447,-1.1008443560724075
1.1966561967108922,1.8008624375935893,1.6097545298966163,0.9007403568909008,0.7980370726575062
1.200413359023956,1.6762242870125996,0.5136815628471506,0.9562514100254695,2.0444136578388075
1.2041705213370202,2.432231927886006,0.977284470940283,1.1355789490686135,1.2581098210525916
1.2079276836500843,0.8917285613672035,1.3152243019591079,0.14560556191570423,-0.3427234024414053
1.2116848459631482,1.2081898012983023,0.9916826470280495,1.1461621777816144,1.5918061954481737
1.2154420082762123,1.1086901020729236,1.2910913913769833,-0.3291819070292983,-0.44704502851974204
1.2191991705892762,2.127724655423077,-0.9744099972507149,0.8778677599351818,0.16913128657185383
1.2229563329023403,-0.24449096163507708,-0.8956546956294772,1.094518714274524,1.9293096334031232
1.2267134952154044,-0.2183376244468816,0.1766856322482718,1.2484162355256483,3.6640592190683634
1.2304706575284683,1.8961742306730784,1.5974801026882153,0.8961766502482937,0.09138551905407032
1.2342278198415324,-0.6822489596911546,-0.4064652778955853,0.8321752713127663,0.6848188693951787
1.2379849821545963,-0.627258226774457,-0.8430697564054945,-1.2064369083337283,0.27753257080524846
1.2417421444676604,1.708207346824822,2.111180180940614,0.1015295125168772,-0.2969438770999849
1.2454993067807245,-0.5923010003115013,2.2561741832163613,-0.017371454177254143,-0.5152382016371544
1.2492564690937884,-1.0229601610561885,-0.6862401912650561,-1.5133362489687203,-1.4440834275061158
1.2530136314068525,-1.0418575870164961,-0.81225060428834,-0.3749034900218588,-0.29173994807031145
1.2567707937199166,0.6054157370346064,-0.9319241135190918,0.3920366343881315,-0.7520961379311343
1.2605279560329805,-0.8697912317046651,0.40939113612500183,0.6983425238537763,0.5516359993187288
1.2642851183460446,0.5196940865940969,1.0603935182294077,9.305049122306026e-05,-0.22898631857125967
1.2680422806591085,1.031493609203485,1.5051994742250367,1.1336484941257565,0.9388679885477844
1.2717994429721726,-0.7282009165054518,-0.943774711029314,-0.2940566479231075,-0.004407646675356644
1.2755566052852367,1.1700521655987293,0.5675658548272207,0.9318003640912752,0.2120384420637306
1.2793137675983006,-0.7007576015986745,-0.9855334980770954,-1.3714206378655613,-0.38117801171694277
1.2830709299113647,-1.0530098806878827,-0.9026881948328891,-1.4966981943842135,-1.1071464858083366
1.2868280922244288,0.726508088098541,1.4242155205652194,1.026033344514229,0.9353907829930447
1.2905852545374927,-0.6336896359941185,-0.92399594559677,-0.7776165838611641,-0.4323819893661276
1.2943424168505568,0.2813808653178942,0.9897115091842087,1.1184089432052058,1.6231098306066127
1.2980995791636207,-0.000787207862640885,-0.8666759564351033,0.8573354756404424,0.35548783944909085
1.3018567414766848,-1.0420388129339895,-0.9454638652652988,-1.4765085950392067,-1.203266758427834
1.305613903789749,-1.046350597231717,1.8069788514686902,0.4781989054290127,-0.7089649722828638
1.3093710661028128,0.27727750053739897,-0.7815040227053827,-0.4189823531322106,-0.3936699500510927
1.313128228415877,-0.8456694897811413,-0.7070316879537081,0.2862717322964066,-0.08778853394169105
1.3168853907289408,0.6695158139190053,0.9407460688988427,1.1099491920006739,0.788125408470731
1.320642553042005,-1.0320862193541056,-0.29571854916550383,-1.4903172392981021,-1.104957369354344
1.324399715355069,-0.018696545015652224,0.5713238582674576,0.46644648298535174,0.2424107540773549
1.328156877668133,-0.3766606753351272,-0.904301940257477,-0.026482565287365693,0.06871047463272392
1.331914039981197,-0.006643029374634647,0.04669084507100067,0.45484387130235115,-0.40757606592612367
1.3356712022942612,1.8545482388124694,2.3638407162349493,0.9725725358535938,0.24916443059523455
1.339428364607325,-0.04613287546814345,-0.19800967790304264,-0.9121401135240241,-0.1505863128936768
1.3431855269203892,-0.09749084249656007,-0.10667093490169605,1.1050254280924523,1.063605123461233
1.346942689233453,-0.859512595123369,-0.9503437750885546,0.274272682575128,0.32351569913451833
1.3506998515465172,0.967433581498568,-0.1305597839806568,1.190704665056478,2.932008267925386
1.3544570138595813,-1.0501614433633282,-0.9485651369087121,-1.515236434829025,-1.0253098850174263
1.3582141761726452,-1.0525526544499795,-0.9264708401530852,-1.5105841588770343,-0.6037978260951772
1.3619713384857093,-0.5469016180737373,-0.20227558843839877,0.9632641589633403,0.43931820453356396
1.3657285007987732,-0.7069146978011908,0.8589601561065375,-0.4821237237177493,0.09329970325970721
1.3694856631118373,0.26844749446363475,1.5943924071319457,1.0128500482574347,0.3705409441222817
1.3732428254249014,-0.3886658370136659,-0.9422869170109094,0.6594650441337698,-0.3665099078848859
1.3769999877379653,1.6799648128914089,1.5273916167973833,1.0554136064156334,0.9158810642543143
1.3807571500510294,-0.4080781658621045,-0.6540554014308061,0.8331557512389383,0.43934135488631854
1.3845143123640935,1.0512284172069002,0.557423530132117,1.036406594544923,0.7021286529371228
1.3882714746771574,-1.0489666193745566,-0.9653466588478248,-1.520180665295428,-1.2122690415677884
1.3920286369902215,0.04100261075313693,-0.9664123793299778,-0.4633375057755609,-0.7043372693971017
1.3957857993032854,-0.8504431764718277,0.03009677514663618,0.9806246303410947,-0.023310973582599186
1.3995429616163495,-0.9040340968475277,1.517489009922941,0.7391412533459335,-0.4752636178186885
1.4033001239294136,-0.26522176652328244,-0.25336140485934594,0.6590043645859353,-0.5118554963381005
1.4070572862424775,-0.9713278558304035,-0.15285694992111387,-0.6127464045761197,-0.7237969951609731
1.4108144485555416,2.951065923044971,1.2323074576767405,0.6890579371321435,0.7963291887213216
1.4145716108686055,-0.7474198042494162,-0.7991860451895133,-1.2805248836220444,-0.30239861492848763
1.4183287731816696,-0.9473561486539392,-0.9202196998320965,-1.4698531051730226,-1.0629442642158349
1.4220859354947337,0.7020315382491797,0.04135486049246327,0.9371194616366816,0.6825781120784197
1.4258430978077976,2.335499212591993,1.3169766645213326,1.062461168325329,0.674709274658101
1.4296002601208617,1.8678084257790137,1.0834822800255628,1.0650489761626083,1.443870921652568
1.4333574224339258,-1.0173110308229594,-0.9538328608665615,-1.3186538006233086,-0.9256367468706126
1.4371145847469897,-0.907582182173544,-0.7510896009946616,1.0010809335149158,2.9212963598490926
1.4408717470600538,0.754161006854933,0.5577843383049287,1.0155901399107414,1.107408654203596
1.4446289093731177,-1.06143827856427,-0.9370209645838465,-1.4812989224322264,-1.1998305767711803
1.4483860716861818,-1.0472297631474445,0.029447879202366144,-1.2720405093138776,-1.1212906203125623
1.452143233999246,-1.0159957279221463,-0.9350489814760442,-1.3532894946611584,-0.5779134490771016
1.4559003963123098,0.8504200892822761,0.5663905783636594,1.1060527897430255,1.1897546498823448
1.459657558625374,-0.6484436290917672,-0.8577687781317094,-1.0360641052263522,-1.0590771112260702
1.4634147209384378,-0.49948964348040414,-0.8697919976094552,-0.42145925955602326,-0.2470481363879289
1.467171883251502,-0.4159584735436808,-0.9431921688731577,-0.570927496991568,-0.6248070787381119
1.470929045564566,0.583704136775037,0.1847564884919768,0.7265532123357497,0.7021578471566322
1.47468620787763,-0.9635844958598225,-0.9373168882000772,-1.5164064030329538,-1.2660586412809163
1.478443370190694,0.6157434817687331,-0.8381168027578227,0.509708133520257,1.1342160733065412
1.4822005325037582,-0.666184100014821,-0.9583691612887524,-0.8849218176795748,0.38269683943100813
1.485957694816822,-1.0027846990133094,-0.9147995421267574,-1.2862939911352322,-0.8967336914876235
1.4897148571298862,-1.0476587455193296,-0.7122394341416933,-0.5816411665012804,0.049997582265759094
1.49347201944295,-0.919766192111047,-0.8428158419679967,-0.863529346969278,-0.2700627035347361
1.4972291817560142,0.18399387057823635,1.6780298234624442,0.687132435244385,-0.6138345175531508
1.5009863440690783,-1.0501481528635328,-0.9367989305283606,-1.5002764181988462,-0.9949234451392516
1.5047435063821422,-1.0334187500613854,-0.9615058667158999,-1.073625776292766,-0.3438114468786009
1.5085006686952063,1.3921759315606552,-0.9729846706796906,0.8170332599270796,0.3342019485410466
1.5122578310082702,1.9797474589373156,1.142216683190007,1.094322666476752,1.2543545733150956
1.5160149933213343,-0.4183094226563144,1.777564012905395,-1.3181403613337919,-1.2669514021992194
1.5197721556343984,-0.842766725461195,-0.5443698089828841,0.17774268277243574,-0.10668410667543192
1.5235293179474623,-0.593277319749364,-0.8852522287056593,-1.5155210653278537,-1.4161877640084335
1.5272864802605264,-1.0502958947512226,0.7731467536022762,-1.5028976787325665,-1.4137433583777843
1.5310436425735905,-1.0169550422508085,-0.9318194452259543,-1.504509431415656,-0.9872750990259799
1.5348008048866544,1.1536643530004527,-0.9007136670085164,0.4604070457496584,0.5182186452377456
1.5385579671997185,0.32718230065568393,1.3945782462426384,1.1197854714948596,0.6202978392730969
1.5423151295127824,0.3084554165309205,0.2123818022277513,1.1425504247286977,2.414430209229838
1.5460722918258465,-0.10528493889923256,1.2185132550384685,0.45765769803991646,-0.7192920376710775
1.5498294541389106,-1.0367365797613597,-0.9402521961375637,-1.1496694580642275,-0.6554907211602863
1.5535866164519745,1.0174260367718042,0.583994589526706,1.1212751553600924,0.5843056666157355
1.5573437787650386,0.1805875692309814,0.6894003465010977,0.6416202945926491,1.6275663468389419
1.5611009410781025,-1.0510648691539302,-0.9446955769926227,-1.5162209091807803,-1.3036089202690742
1.5648581033911666,0.20947738029875795,0.7423670407615919,1.087716613887735,2.5701195299772346
1.5686152657042307,-1.0072565572881023,-0.9681376292992996,-0.5726022430234965,-0.30768776273177073
1.5723724280172946,2.087045680220386,1.6367783643043787,0.8262399556436393,-0.06176354000630707
1.5761295903303587,-0.9590122232650359,-0.9918952654706129,0.809302228852966,0.40091758807239836
1.5798867526434228,0.8854910444585361,-0.9423801255627829,0.8939270474214237,0.33718142316064864
1.5836439149564867,0.0834736307454334,0.4902260545182537,0.7736183919263255,0.0633291492903218
1.5874010772695508,1.5991082681721267,1.4783373570551561,1.0120976644054345,0.05875640271013251
1.5911582395826147,0.41256878274185077,-0.6990274197613403,0.13070781850575985,-0.34022875526619545
1.5949154018956788,0.10957431544093328,-0.9122516396584682,-1.2120399371944703,-0.9212520705934654
1.598672564208743,-1.0325006538692123,-0.9303083937739072,-1.5217391469945654,-1.1097384605510754
1.6024297265218068,-0.7759168890917588,1.0973705353660699,0.7765142539005843,0.2635762244683932
1.606186888834871,1.4677800393267226,0.6436484778397569,1.0175699536489646,3.0578295251530907
1.6099440511479348,1.12499182000173,1.075070017008631,1.1838575295770832,1.9622406291219583
1.613701213460999,-0.6178193495574239,-0.7561651032536181,-1.1072122983872246,-0.9806507496496065
1.617458375774063,-1.0531347276391825,1.0646423610033675,-1.4755698906192283,-0.08686029177865917
1.621215538087127,-0.07697792306247074,0.4088318826970815,-0.7117521930412878,-0.535757488490436
1.624972700400191,1.1833858564897999,-0.9288548342812167,0.5768634155207493,0.037545019660397645
1.6287298627132551,0.7100709308615213,-0.8526282355066264,0.9857451467997901,1.3393436985998817
1.632487025026319,-0.9132781985659325,-0.8444509257168639,-1.5064449833919693,-1.3112715284984684
1.6362441873393831,0.04720388937605854,-0.9322265288344254,0.9082217148652701,2.161853126248562
1.640001349652447,-1.0445810000035234,-1.0418644115068976,-1.5217391469945654,-1.4114560384610908
1.6437585119655111,-0.5653420991511359,-0.5956137410232321,-0.47860943615275364,-0.31937701127859575
1.6475156742785753,0.3508306397733161,-0.857180068076928,1.0506460941855826,2.165853371164426
1.6512728365916391,0.2745081534727186,-0.7126035129565185,1.1036557216921719,1.6019811447549501
1.6550299989047033,0.3051100622667448,-0.0792551809947777,0.8019640088282168,0.9496939051983843
1.6587871612177674,-0.6020543679237107,-0.39391432750444255,0.6314678317104663,-0.7319956083722589
1.6625443235308313,-1.0449841046087855,-0.811589810855012,0.7957796379965133,0.8990177788840006
1.6663014858438954,-0.747402248809028,-0.9470365132127486,-1.2517718067088637,-1.0425538379410855
1.6700586481569593,0.20500078915409659,-0.9717851435143078,0.4013439284740131,0.43217493751133207
1.6738158104700234,0.3764041976699012,0.612030606621279,0.7934885962206643,0.04987653028371123
1.6775729727830875,-0.28058566042881206,-0.9289910789267903,1.1962312047717363,3.0554848464916278
1.6813301350961514,0.5806920537175219,-0.5513499590873158,-0.12191612899996415,-0.13741092070375902
1.6850872974092155,-1.0403337269940551,-0.9632325641635322,-1.5090115780420261,-1.1279841804098634
1.6888444597222794,-1.0505003387117138,-0.9467893884370765,-1.5208662905564223,-1.291890722471418
1.6926016220353435,0.15711544670103392,-1.0304950162810014,-0.0853622819840827,0.18653207905505173
1.6963587843484076,1.6368268966726405,1.1400402418972526,1.169016877427934,1.9042560795325885
1.7001159466614715,0.10830358611086889,-1.0332319135124632,0.1976360245290544,-0.567782812231088
1.7038731089745356,-0.9621668157798952,1.3620179920713735,-0.1382130233800365,-0.6816189224754571
1.7076302712875997,0.2703921888482034,-0.8822755593262732,0.9756335323233185,0.47971141385091415
1.7113874336006636,-1.0482845566560677,1.2981589654281358,-0.571730762141026,-0.48211702752465313
1.7151445959137277,0.8519589733066824,1.0600081202393214,0.4620393927270883,-0.5285801808985773
1.7189017582267916,1.5853292138020043,0.7627503852745728,1.0986781067407723,1.6977196385570295
1.7226589205398557,2.41225601086145,1.1096282794141235,1.1902384972820905,1.4954442482334616
1.7264160828529198,2.261903361791351,1.5687143571188986,1.124179612918905,0.3373846037889911
1.7301732451659837,0.01569392358800356,-0.11873194126617294,1.1731402740441215,1.8132720616207225
