feature,importance_mean,importance_std,dataset,model
PC3_Tumor_Enhancement,0.00976138828633405,0.0011881183459982207,PC_90,SVM
PC1_Tumor_Enhancement_Texture,0.008568329718004353,0.0020261975805064576,PC_90,SVM
PC3_FGT_Enhancement_Texture,0.008568329718004319,0.00102320836573284,PC_90,SVM
PC1_FGT_Enhancement_Texture,0.008351409978308022,0.0019432183153111706,PC_90,SVM
PC2_FGT_Enhancement_Texture,0.008351409978308012,0.0010900082018569389,PC_90,SVM
PC1_FGT_Enhancement,0.007592190889370909,0.001940189134490065,PC_90,SVM
PC2_FGT_Enhancement,0.005965292841648595,0.0012126182090562636,PC_90,SVM
PC1_Tumor_Enhancement,0.005639913232104121,0.0015940280321799308,PC_90,SVM
PC4_FGT_Enhancement_Texture,0.0054229934924078125,0.0009700945672450357,PC_90,SVM
PC7_Tumor_Enhancement_Texture,0.0050976138828633276,0.0014591783131316551,PC_90,SVM
PC7_FGT_Enhancement_Texture,0.0045553145336225676,0.0011681485481853731,PC_90,SVM
PC5_FGT_Enhancement,0.004446854663774413,0.0007592190889371146,PC_90,SVM
PC1_Tumor_Size_and_Morphology,0.004446854663774402,0.001567986149110746,PC_90,SVM
PC2_FGT_Enhancement_Variation,0.004121475054229939,0.0006507592190889699,PC_90,SVM
PC2_Tumor_Enhancement_Texture,0.004121475054229917,0.0018660141577099096,PC_90,SVM
PC1_FGT_Enhancement_Variation,0.0033622559652928263,0.0018438177874186654,PC_90,SVM
PC6_FGT_Enhancement,0.003362255965292815,0.0010232083657328458,PC_90,SVM
PC3_FGT_Enhancement,0.003362255965292804,0.0009009353430497042,PC_90,SVM
PC4_Tumor_Enhancement_Texture,0.003253796095444661,0.0014551418508675577,PC_90,SVM
PC3_Tumor_Enhancement_Texture,0.003253796095444661,0.0017488628521255092,PC_90,SVM
PC7_FGT_Enhancement,0.003253796095444661,0.000970094567245048,PC_90,SVM
PC2_Tumor_Enhancement,0.0031453362255965066,0.001409978308026042,PC_90,SVM
PC1_Breast_and_FGT_Volume_Features,0.0027114967462038785,0.0009999505918972945,PC_90,SVM
PC5_FGT_Enhancement_Texture,0.0023861171366594157,0.002158324158582688,PC_90,SVM
PC6_Tumor_Enhancement_Texture,0.002386117136659405,0.0015184381778741817,PC_90,SVM
PC4_FGT_Enhancement_Variation,0.0022776572668112395,0.00032537960954446275,PC_90,SVM
PC4_FGT_Enhancement,0.0021691973969631072,0.0014551418508675495,PC_90,SVM
PC6_FGT_Enhancement_Texture,0.0021691973969631072,0.0014551418508675495,PC_90,SVM
PC2_Tumor_Enhancement_Variation,0.0021691973969630964,0.0008401265393074795,PC_90,SVM
PC8_FGT_Enhancement_Texture,0.002169197396963085,0.0004850472836225054,PC_90,SVM
PC3_Tumor_Size_and_Morphology,0.0018438177874186335,0.00119305856832972,PC_90,SVM
PC1_Combining_Tumor_and_FGT_Enhancement,0.0015184381778741707,0.0017622642960164639,PC_90,SVM
PC4_Tumor_Enhancement,0.0014099783080260054,0.0006944820214135287,PC_90,SVM
PC1_Tumor_Enhancement_Variation,0.0011930585683296968,0.0009009353430496668,PC_90,SVM
PC3_Tumor_Enhancement_Variation,0.0011930585683296968,0.000584074274092669,PC_90,SVM
PC3_FGT_Enhancement_Variation,0.0011930585683296968,0.0003253796095444628,PC_90,SVM
PC2_Tumor_Enhancement_Spatial_Heterogeneity,0.0009761388286333883,0.000584074274092669,PC_90,SVM
PC1_Tumor_Enhancement_Spatial_Heterogeneity,0.000867678958785234,0.0006507592190889256,PC_90,SVM
PC4_Combining_Tumor_and_FGT_Enhancement,0.000867678958785234,0.0006507592190889255,PC_90,SVM
PC2_Tumor_Size_and_Morphology,0.0007592190889370798,0.0006944820214135287,PC_90,SVM
PC3_Combining_Tumor_and_FGT_Enhancement,0.0006507592190889255,0.0005313426773933047,PC_90,SVM
PC2_Breast_and_FGT_Volume_Features,0.00032537960954446275,0.0004970255634442254,PC_90,SVM
PC5_Tumor_Enhancement_Texture,0.00032537960954446275,0.0012878895972925932,PC_90,SVM
PC2_Combining_Tumor_and_FGT_Enhancement,-0.0005422993492407713,0.0005422993492407712,PC_90,SVM
Peak_SER_tissue_PostCon,0.0,0.0,CL_UNCORR,SVM
tissueVol_PostCon,0.0,0.0,CL_UNCORR,SVM
inverse_difference_moment_normalized_tissue_PostCon,0.0,0.0,CL_UNCORR,SVM
PE_map_skewness_tissue_T1,0.0,0.0,CL_UNCORR,SVM
WashinRate_map_mean_tissue_T1,0.0,0.0,CL_UNCORR,SVM
WashinRate_map_mean_tissue_PostCon,0.0,0.0,CL_UNCORR,SVM
WashinRate_map_Cluster_Shade_tissue_T1,0.0,0.0,CL_UNCORR,SVM
Grouping_based_variance_of_washout_slope_3D_tissue_T1_Group_1,0.0,0.0,CL_UNCORR,SVM
SER_map_Autocorrelation_tissue_T1,0.0,0.0,CL_UNCORR,SVM
SER_map_sum_entropy_tissue_T1,0.0,0.0,CL_UNCORR,SVM
WashinRate_map_std_dev_tissue_T1,0.0,0.0,CL_UNCORR,SVM
Ratio_Tissue_vol_enhancing_more_than_90percent_from_T1_to_Breast_Vol,0.0,0.0,CL_UNCORR,SVM
Ratio_Tissue_vol_enhancing_more_than_90percent_from_PostCon_to_Breast_Vol,0.0,0.0,CL_UNCORR,SVM
"F1_DT_POSTCON (T11=0.2,T12=0.8)",0.0,0.0,CL_UNCORR,SVM
breastDensity_T1,0.0,0.0,CL_UNCORR,SVM
PE_map_Correlation1_tissue_T1,0.0,0.0,CL_UNCORR,SVM
SER_map_std_dev_tissue_T1,0.0,0.0,CL_UNCORR,SVM
SER_map_skewness_tissue_T1,0.0,0.0,CL_UNCORR,SVM
SER_map_kurtosis_tissue_T1,0.0,0.0,CL_UNCORR,SVM
PE_map_Correlation1_tissue_PostCon,0.0,0.0,CL_UNCORR,SVM
SER_map_kurtosis_tissue_PostCon,0.0,0.0,CL_UNCORR,SVM
SER_map_skewness_tissue_PostCon,0.0,0.0,CL_UNCORR,SVM
PE_map_Cluster_Prominence_tissue_PostCon,0.0,0.0,CL_UNCORR,SVM
SER_map_difference_entropy_tissue_T1,0.0,0.0,CL_UNCORR,SVM
SER_map_difference_entropy_tissue_PostCon,0.0,0.0,CL_UNCORR,SVM
PE_map_Autocorrelation_tissue_PostCon,0.0,0.0,CL_UNCORR,SVM
PE_map_difference_entropy_tissue_PostCon,0.0,0.0,CL_UNCORR,SVM
PE_map_Autocorrelation_tissue_T1,0.0,0.0,CL_UNCORR,SVM
PE_map_difference_entropy_tissue_T1,0.0,0.0,CL_UNCORR,SVM
SER_map_Autocorrelation_tissue_PostCon,0.0,0.0,CL_UNCORR,SVM
inverse_difference_normalized_tissue_PostCon,0.0,0.0,CL_UNCORR,SVM
WashinRate_map_skewness_tissue_T1,0.0,0.0,CL_UNCORR,SVM
Uptake_rate_from_char_curv,0.0,0.0,CL_UNCORR,SVM
Ratio_Tissue_vol_enhancing_more_than_100percent_from_T1_to_Tissue_Vol,0.0,0.0,CL_UNCORR,SVM
sum_entropy_tissue_T1,0.0,0.0,CL_UNCORR,SVM
difference_entropy_tissue_T1,0.0,0.0,CL_UNCORR,SVM
WashinRate_map_Correlation1_tissue_T1,0.0,0.0,CL_UNCORR,SVM
WashinRate_map_Correlation1_tissue_PostCon,0.0,0.0,CL_UNCORR,SVM
Correlation1_tissue_T1,0.0,0.0,CL_UNCORR,SVM
Correlation2_tissue_T1,0.0,0.0,CL_UNCORR,SVM
Correlation1_tissue_PostCon,0.0,0.0,CL_UNCORR,SVM
Correlation2_tissue_PostCon,0.0,0.0,CL_UNCORR,SVM
Cluster_Shade_tissue_T1,0.0,0.0,CL_UNCORR,SVM
WashinRate_map_Dissimilarity_tissue_T1,0.0,0.0,CL_UNCORR,SVM
PE_map_kurtosis_tissue_T1,0.0,0.0,CL_UNCORR,SVM
Dissimilarity_tissue_T1,0.0,0.0,CL_UNCORR,SVM
Mean_norm_DLBP_max_timepoint_binsize_256_with_filling_Tumor,0.0,0.0,CL_UNCORR,SVM
Cluster_Prominence_tissue_T1,0.0,0.0,CL_UNCORR,SVM
inverse_difference_moment_normalized_tissue_T1,0.0,0.0,CL_UNCORR,SVM
Energy_tissue_PostCon,0.0,0.0,CL_UNCORR,SVM
WashinRate_map_Energy_tissue_PostCon,0.0,0.0,CL_UNCORR,SVM
PE_map_kurtosis_tissue_PostCon,0.0,0.0,CL_UNCORR,SVM
inverse_difference_normalized_tissue_T1,0.0,0.0,CL_UNCORR,SVM
Mean_norm_DLBP_max_timepoint_binsize_128_with_filling_Tumor,0.0,0.0,CL_UNCORR,SVM
Cluster_Shade_tissue_PostCon,0.0,0.0,CL_UNCORR,SVM
WashinRate_map_Cluster_Shade_tissue_PostCon,0.0,0.0,CL_UNCORR,SVM
WashinRate_map_Dissimilarity_tissue_PostCon,0.0,0.0,CL_UNCORR,SVM
WashinRate_map_kurtosis_tumor,0.0,0.0,CL_UNCORR,SVM
Washout_rate_from_char_curv,0.0,0.0,CL_UNCORR,SVM
WashinRate_map_skewness_tumor,0.0,0.0,CL_UNCORR,SVM
WashinRate_map_kurtosis_tissue_T1,0.0,0.0,CL_UNCORR,SVM
SER_map_sum_entropy_tissue_PostCon,0.0,0.0,CL_UNCORR,SVM
SER_map_std_dev_tissue_PostCon,0.0,0.0,CL_UNCORR,SVM
sum_entropy_tissue_PostCon,0.0,0.0,CL_UNCORR,SVM
Ratio_Tissue_vol_enhancing_more_than_30percent_from_PostCon_to_Breast_Vol,0.0,0.0,CL_UNCORR,SVM
Grouping_based_mean_of_washout_slope_3D_tissue_PostCon_Group_2,0.0,0.0,CL_UNCORR,SVM
SER_Washout_tissue_vol_cu_mm_T1,0.0,0.0,CL_UNCORR,SVM
Grouping_based_mean_of_peak_enhancement_slope_3D_tissue_PostCon_Group_2,0.0,0.0,CL_UNCORR,SVM
Grouping_based_mean_of_peak_enhancement_slope_3D_tissue_T1_Group_2,0.0,0.0,CL_UNCORR,SVM
Grouping_based_mean_of_peak_enhancement_slope_3D_tissue_PostCon_Group_3,0.0,0.0,CL_UNCORR,SVM
Grouping_based_variance_of_peak_enhancement_slope_3D_tissue_PostCon_Group_1,0.0,0.0,CL_UNCORR,SVM
Grouping_based_variance_of_peak_enhancement_slope_3D_tissue_T1_Group_1,0.0,0.0,CL_UNCORR,SVM
Grouping_based_mean_of_peak_enhancement_slope_3D_tissue_T1_Group_3,0.0,0.0,CL_UNCORR,SVM
PE_map_inverse_difference_moment_normalized_tissue_T1,0.0,0.0,CL_UNCORR,SVM
PE_map_inverse_difference_moment_normalized_tissue_PostCon,0.0,0.0,CL_UNCORR,SVM
SER_map_inverse_difference_normalized_tissue_T1,0.0,0.0,CL_UNCORR,SVM
SER_map_inverse_difference_normalized_tissue_PostCon,0.0,0.0,CL_UNCORR,SVM
Ratio_Tissue_vol_enhancing_more_than_10percent_from_PostCon_to_Breast_Vol,0.0,0.0,CL_UNCORR,SVM
Grouping_based_proportion_of_3D_tissue_T1_Group_2,0.0,0.0,CL_UNCORR,SVM
PE_map_mean_tissue_PostCon,0.0,0.0,CL_UNCORR,SVM
Grouping_based_variance_of_washin_slope_3D_tissue_PostCon_Group_2,0.0,0.0,CL_UNCORR,SVM
Grouping_based_proportion_of_tumor_voxels_2D_tumorSlice_Group_2,0.0,0.0,CL_UNCORR,SVM
Grouping_based_variance_of_washin_slope_3D_tissue_T1_Group_2,0.0,0.0,CL_UNCORR,SVM
Ratio_Tissue_vol_enhancing_more_than_30percent_from_PostCon_to_Tissue_Vol,0.0,0.0,CL_UNCORR,SVM
Ratio_Tissue_vol_enhancing_more_than_0percent_from_PostCon_to_Tissue_Vol,0.0,0.0,CL_UNCORR,SVM
Ratio_Tissue_vol_enhancing_more_than_0percent_from_T1_to_Tissue_Vol,0.0,0.0,CL_UNCORR,SVM
Grouping_based_proportion_of_tumor_voxels_2D_tumorSlice_Group_3,0.0,0.0,CL_UNCORR,SVM
Ratio_Tissue_vol_enhancing_more_than_30percent_from_T1_to_Tissue_Vol,0.0,0.0,CL_UNCORR,SVM
Grouping_based_proportion_of_3D_tissue_T1_Group_3,0.0,0.0,CL_UNCORR,SVM
Grouping_based_mean_of_peak_enhancement_slope_3D_tissue_T1_Group_1,0.0,0.0,CL_UNCORR,SVM
Grouping_based_mean_of_washin_slope_3D_tissue_T1_Group_1,0.0,0.0,CL_UNCORR,SVM
2nd_DFT_CoeffMap_Momment_Invariant_3_2D_tumorSlice,0.0,0.0,CL_UNCORR,SVM
2nd_DFT_CoeffMap_Momment_Invariant_4_2D_tumorSlice,0.0,0.0,CL_UNCORR,SVM
Grouping_based_variance_of_washin_slope_3D_tissue_PostCon_Group_3,0.0,0.0,CL_UNCORR,SVM
Ratio_Tissue_vol_enhancing_more_than_90percent_from_T1_to_Tissue_Vol,0.0,0.0,CL_UNCORR,SVM
BreastVol,0.0,0.0,CL_UNCORR,SVM
Ratio_Tissue_vol_enhancing_more_than_0percent_from_T1_to_Breast_Vol,0.0,0.0,CL_UNCORR,SVM
PE_map_mean_tissue_T1,0.0,0.0,CL_UNCORR,SVM
PE_map_std_dev_tissue_T1,0.0,0.0,CL_UNCORR,SVM
WashinRate_map_inverse_difference_normalized_tumor,0.0,0.0,CL_UNCORR,SVM
WashinRate_map_inverse_difference_moment_normalized_tissue_T1,0.0,0.0,CL_UNCORR,SVM
WashinRate_map_inverse_difference_normalized_tissue_T1,0.0,0.0,CL_UNCORR,SVM
SER_map_Cluster_Shade_tissue_T1,0.0,0.0,CL_UNCORR,SVM
SER_map_Cluster_Shade_tissue_PostCon,0.0,0.0,CL_UNCORR,SVM
Peak_PE_tissue_PostCon,0.0,0.0,CL_UNCORR,SVM
Peak_PE_tissue_T1,0.0,0.0,CL_UNCORR,SVM
SER_map_Correlation1_tissue_T1,0.0,0.0,CL_UNCORR,SVM
PE_map_Cluster_Shade_tissue_PostCon,0.0,0.0,CL_UNCORR,SVM
PE_map_Dissimilarity_tissue_T1,0.0,0.0,CL_UNCORR,SVM
PE_map_Cluster_Shade_tissue_T1,0.0,0.0,CL_UNCORR,SVM
SER_map_inverse_difference_moment_normalized_tissue_T1,0.0,0.0,CL_UNCORR,SVM
SER_Partial_tissue_vol_cu_mm_T1,0.0,0.0,CL_UNCORR,SVM
Grouping_based_variance_of_washin_slope_3D_tissue_T1_Group_3,0.0,0.0,CL_UNCORR,SVM
Grouping_based_mean_of_washout_slope_3D_tissue_T1_Group_2,0.0,0.0,CL_UNCORR,SVM
SER_map_Correlation1_tissue_PostCon,0.0,0.0,CL_UNCORR,SVM
"F1_DT_POSTCON (T11=0.1,T12=0.8)",0.0,0.0,CL_UNCORR,SVM
"F1_DT_T1NFS (T11=0.1,T12=0.8)",0.0,0.0,CL_UNCORR,SVM
"F1_DT_POSTCON (T11=0.05,T12=0.8)",0.0,0.0,CL_UNCORR,SVM
"F1_DT_T1NFS (T11=0.02,T12=0.5)",0.0,0.0,CL_UNCORR,SVM
"F1_DT_T1NFS (T11=0.05,T12=0.8)",0.0,0.0,CL_UNCORR,SVM
"F1_DT_POSTCON (T11=0.2,T12=0.5)",0.0,0.0,CL_UNCORR,SVM
"F1_DT_T1NFS (T11=0.05,T12=0.5)",0.0,0.0,CL_UNCORR,SVM
"F1_DT_POSTCON (T11=0.02,T12=0.5)",0.0,0.0,CL_UNCORR,SVM
"F1_DT_POSTCON (T11=0.05,T12=0.5)",0.0,0.0,CL_UNCORR,SVM
Autocorrelation_tissue_T1,0.0,0.0,CL_UNCORR,SVM
Autocorrelation_tissue_PostCon,0.0,0.0,CL_UNCORR,SVM
Peak_SER_tissue_T1,0.0,0.0,CL_UNCORR,SVM
PE_map_std_dev_tumor,0.0,0.0,CL_UNCORR,SVM
Sum_entropy_Tumor,0.0,0.0,CL_UNCORR,SVM
WashinRate_map_Cluster_Shade_tumor,0.0,0.0,CL_UNCORR,SVM
WashinRate_map_Dissimilarity_tumor,0.0,0.0,CL_UNCORR,SVM
WashinRate_map_sum_entropy_tumor,0.0,0.0,CL_UNCORR,SVM
WashinRate_map_Correlation1_tumor,0.0,0.0,CL_UNCORR,SVM
PE_map_kurtosis_tumor,0.0,0.0,CL_UNCORR,SVM
WashinRate_map_Energy_tumor,0.0,0.0,CL_UNCORR,SVM
WashinRate_map_sum_average_tumor,0.0,0.0,CL_UNCORR,SVM
WashinRate_map_std_dev_tumor,0.0,0.0,CL_UNCORR,SVM
Margin_Gradient_Tumor,0.0,0.0,CL_UNCORR,SVM
MF_Tumor,0.0,0.0,CL_UNCORR,SVM
SER_Total_tumor_vol_cu_mm,0.0,0.0,CL_UNCORR,SVM
PE_map_mean_tumor,0.0,0.0,CL_UNCORR,SVM
SER_map_std_dev_tumor,0.0,0.0,CL_UNCORR,SVM
SER_map_skewness_tumor,0.0,0.0,CL_UNCORR,SVM
Correlation1_Tumor,0.0,0.0,CL_UNCORR,SVM
Correlation2_Tumor,0.0,0.0,CL_UNCORR,SVM
PE_map_skewness_tumor,0.0,0.0,CL_UNCORR,SVM
WashinRate_map_Correlation2_tumor,0.0,0.0,CL_UNCORR,SVM
WashinRate_map_mean_tumor,0.0,0.0,CL_UNCORR,SVM
BEDR1_Tumor,0.0,0.0,CL_UNCORR,SVM
BEDR2_Tumor,0.0,0.0,CL_UNCORR,SVM
"F1_DT_T1NFS (T11=0.2,T12=0.8)",0.0,0.0,CL_UNCORR,SVM
Inv_Diff_normalized_Tumor,0.0,0.0,CL_UNCORR,SVM
Volume_cu_mm_Tumor,0.0,0.0,CL_UNCORR,SVM
ASD_Tumor,0.0,0.0,CL_UNCORR,SVM
"F1_DT_T1NFS (T11=0.2,T12=0.5)",0.0,0.0,CL_UNCORR,SVM
Median_solidity_Tumor,0.0,0.0,CL_UNCORR,SVM
Autocorrelation_Tumor,0.0,0.0,CL_UNCORR,SVM
Mean_norm_DLBP_max_timepoint_binsize_64_with_filling_Tumor,0.0,0.0,CL_UNCORR,SVM
Mean_norm_DHOG_max_timepoint_binsize_8_without_filling_Tumor,0.0,0.0,CL_UNCORR,SVM
WashinRate_map_Autocorrelation_tumor,0.0,0.0,CL_UNCORR,SVM
SER_map_mean_tissue_T1,0.0,0.0,CL_UNCORR,SVM
SER_map_mean_tissue_PostCon,0.0,0.0,CL_UNCORR,SVM
SER_map_Correlation2_tissue_T1,0.0,0.0,CL_UNCORR,SVM
SER_map_Correlation2_tissue_PostCon,0.0,0.0,CL_UNCORR,SVM
Peak_SER_tumor,0.0,0.0,CL_UNCORR,SVM
SER_map_mean_tumor,0.0,0.0,CL_UNCORR,SVM
2nd_DFT_CoeffMap_Momment_Invariant_4_3D_tumor,0.0,0.0,CL_UNCORR,SVM
1st_DFT_CoeffMap_Momment_Invariant_7_2D_tumorSlice,0.0,0.0,CL_UNCORR,SVM
2nd_DFT_CoeffMap_Momment_Invariant_3_3D_tumor,0.0,0.0,CL_UNCORR,SVM
1st_DFT_CoeffMap_Momment_Invariant_6_2D_tumorSlice,0.0,0.0,CL_UNCORR,SVM
2nd_DFT_CoeffMap_Momment_Invariant_1_2D_tumorSlice,0.0,0.0,CL_UNCORR,SVM
2nd_DFT_CoeffMap_Momment_Invariant_2_2D_tumorSlice,0.0,0.0,CL_UNCORR,SVM
1st_DFT_CoeffMap_Momment_Invariant_3_2D_tumorSlice,0.0,0.0,CL_UNCORR,SVM
1st_DFT_CoeffMap_Momment_Invariant_1_2D_tumorSlice,0.0,0.0,CL_UNCORR,SVM
1st_DFT_CoeffMap_Momment_Invariant_4_2D_tumorSlice,0.0,0.0,CL_UNCORR,SVM
1st_DFT_CoeffMap_Momment_Invariant_1_3D_tumor,0.0,0.0,CL_UNCORR,SVM
1st_DFT_CoeffMap_Momment_Invariant_5_3D_tumor,0.0,0.0,CL_UNCORR,SVM
EnhancementClusterDiscontinuity_Tumor,0.0,0.0,CL_UNCORR,SVM
1st_DFT_CoeffMap_Momment_Invariant_7_3D_tumor,0.0,0.0,CL_UNCORR,SVM
EnhancementClusterNeighborhoodSimilarity_Tumor,0.0,0.0,CL_UNCORR,SVM
TumorMajorAxisLength_mm,0.0,0.0,CL_UNCORR,SVM
BEVR_Tumor,0.0,0.0,CL_UNCORR,SVM
Inv_diff_moment_normalized_Tumor,0.0,0.0,CL_UNCORR,SVM
SER_map_Correlation2_tumor,0.0,0.0,CL_UNCORR,SVM
PE_map_Correlation2_tumor,0.0,0.0,CL_UNCORR,SVM
SER_map_sum_entropy_tumor,0.0,0.0,CL_UNCORR,SVM
PE_map_sum_entropy_tumor,0.0,0.0,CL_UNCORR,SVM
Diff_entropy_Tumor,0.0,0.0,CL_UNCORR,SVM
SER_map_kurtosis_tumor,0.0,0.0,CL_UNCORR,SVM
PE_map_sum_entropy_tissue_PostCon,0.0,0.0,CL_UNCORR,SVM
Grouping_based_variance_of_washout_slope_3D_tumor_Group_1,0.0,0.0,CL_UNCORR,SVM
Grouping_based_variance_of_washin_slope_2D_tumorSlice_Group_2,0.0,0.0,CL_UNCORR,SVM
Enhancement_variance_increasing_rate_Tumor,0.0,0.0,CL_UNCORR,SVM
Grouping_based_proportion_of_tumor_voxels_3D_tumor_Group_2,0.0,0.0,CL_UNCORR,SVM
Median_Elongation_Tumor,0.0,0.0,CL_UNCORR,SVM
Max_Enhancement_from_char_curv,0.0,0.0,CL_UNCORR,SVM
Grouping_based_variance_of_washin_slope_3D_tumor_Group_3,0.0,0.0,CL_UNCORR,SVM
Grouping_based_variance_of_washin_slope_2D_tumorSlice_Group_3,0.0,0.0,CL_UNCORR,SVM
Enhancement_variance_decreasing_rate_Tumor,0.0,0.0,CL_UNCORR,SVM
PE_map_inverse_difference_normalized_tumor,0.0,0.0,CL_UNCORR,SVM
Grouping_based_proportion_of_tumor_voxels_3D_tumor_Group_3,0.0,0.0,CL_UNCORR,SVM
Grouping_based_mean_of_peak_enhancement_slope_3D_tumor_Group_1,0.0,0.0,CL_UNCORR,SVM
Time_to_Peak_from_char_curv,0.0,0.0,CL_UNCORR,SVM
Grouping_based_proportion_of_tumor_voxels_3D_tumor_Group_1,0.0,0.0,CL_UNCORR,SVM
SER_map_inverse_difference_normalized_tumor,0.0,0.0,CL_UNCORR,SVM
PE_map_Correlation1_tumor,0.0,0.0,CL_UNCORR,SVM
Median_Euler_No_Tumor,0.0,0.0,CL_UNCORR,SVM
Grouping_based_variance_of_washout_slope_3D_tumor_Group_2,0.0,0.0,CL_UNCORR,SVM
Grouping_based_variance_of_washout_slope_3D_tissue_T1_Group_2,0.0,0.0,CL_UNCORR,SVM
Grouping_based_variance_of_washout_slope_3D_tissue_PostCon_Group_2,0.0,0.0,CL_UNCORR,SVM
Grouping_based_proportion_of_3D_tissue_T1_Group_1,0.0,0.0,CL_UNCORR,SVM
Grouping_based_proportion_of_3D_tissue_PostCon_Group_1,0.0,0.0,CL_UNCORR,SVM
Grouping_based_variance_of_washout_slope_3D_tissue_PostCon_Group_1,0.0,0.0,CL_UNCORR,SVM
breastDensity_PostCon,0.0,0.0,CL_UNCORR,SVM
PE_map_sum_entropy_tissue_T1,0.0,0.0,CL_UNCORR,SVM
WashinRate_map_sum_entropy_tissue_T1,0.0,0.0,CL_UNCORR,SVM
WashinRate_map_Autocorrelation_tissue_T1,0.0,0.0,CL_UNCORR,SVM
WashinRate_map_Autocorrelation_tissue_PostCon,0.0,0.0,CL_UNCORR,SVM
WashinRate_map_sum_entropy_tissue_PostCon,0.0,0.0,CL_UNCORR,SVM
Grouping_based_variance_of_washin_slope_3D_tumor_Group_2,0.0,0.0,CL_UNCORR,SVM
Variance_of_Uptake_Tumor,0.0,0.0,CL_UNCORR,SVM
Grouping_based_mean_of_washout_slope_3D_tumor_Group_1,0.0,0.0,CL_UNCORR,SVM
Grouping_based_mean_of_peak_enhancement_slope_3D_tumor_Group_2,0.0,0.0,CL_UNCORR,SVM
PE_map_difference_entropy_tumor,0.0,0.0,CL_UNCORR,SVM
PE_map_Autocorrelation_tumor,0.0,0.0,CL_UNCORR,SVM
Grouping_based_proportion_of_3D_tissue_PostCon_Group_2,0.0,0.0,CL_UNCORR,SVM
PE_map_Cluster_Shade_tumor,0.0,0.0,CL_UNCORR,SVM
PE_map_Dissimilarity_tumor,0.0,0.0,CL_UNCORR,SVM
globalMoransIEnhancementVarianceMap_Tumor,0.0,0.0,CL_UNCORR,SVM
globalMoransISERMap_Tumor,0.0,0.0,CL_UNCORR,SVM
SER_Partial_tumor_vol_cu_mm,0.0,0.0,CL_UNCORR,SVM
SER_map_inverse_difference_moment_normalized_tumor,0.0,0.0,CL_UNCORR,SVM
Peak_PE_tumor,0.0,0.0,CL_UNCORR,SVM
SER_map_Correlation1_tumor,0.0,0.0,CL_UNCORR,SVM
Grouping_based_proportion_of_3D_tissue_PostCon_Group_3,0.0,0.0,CL_UNCORR,SVM
SER_map_Cluster_Shade_tumor,0.0,0.0,CL_UNCORR,SVM
SER_map_Dissimilarity_tumor,0.0,0.0,CL_UNCORR,SVM
SER_map_difference_entropy_tumor,0.0,0.0,CL_UNCORR,SVM
Grouping_based_mean_of_peak_enhancement_slope_2D_tumorSlice_Group_2,0.0,0.0,CL_UNCORR,SVM
Grouping_based_mean_of_washout_slope_2D_tumorSlice_Group_1,0.0,0.0,CL_UNCORR,SVM
Grouping_based_mean_of_peak_enhancement_slope_3D_tumor_Group_3,0.0,0.0,CL_UNCORR,SVM
Peak_location_of_enhancement_variance_dynamics_Tumor,0.0,0.0,CL_UNCORR,SVM
Grouping_based_mean_of_peak_enhancement_slope_2D_tumorSlice_Group_3,0.0,0.0,CL_UNCORR,SVM
Grouping_based_mean_of_washout_slope_2D_tumorSlice_Group_2,0.0,0.0,CL_UNCORR,SVM
Grouping_based_mean_of_peak_enhancement_slope_2D_tumorSlice_Group_1,0.0,0.0,CL_UNCORR,SVM
Grouping_based_variance_of_peak_enhancement_slope_2D_tumorSlice_Group_1,0.0,0.0,CL_UNCORR,SVM
Grouping_based_variance_of_peak_enhancement_slope_3D_tumor_Group_1,0.0,0.0,CL_UNCORR,SVM
Ratio_Tissue_vol_enhancing_more_than_100percent_from_PostCon_to_Tissue_Vol,0.0,0.0,CL_UNCORR,SVM
SER_Washout_tumor_vol_cu_mm,0.0,0.0,CL_UNCORR,SVM
PE_map_inverse_difference_moment_normalized_tumor,0.0,0.0,CL_UNCORR,SVM
WashinRate_map_std_dev_tissue_PostCon,0.0,0.0,CL_UNCORR,SVM
PC1_Tumor_Enhancement,0.0019522776572667767,0.000433839479392617,PC1,SVM
PC1_FGT_Enhancement_Texture,0.0019522776572667767,0.000433839479392617,PC1,SVM
PC1_Tumor_Enhancement_Variation,0.0015184381778741596,0.000719441386194217,PC1,SVM
PC1_FGT_Enhancement_Variation,0.0009761388286333883,0.00032537960954446275,PC1,SVM
PC1_Tumor_Enhancement_Texture,0.000867678958785234,0.0008116393463717732,PC1,SVM
PC1_FGT_Enhancement,0.000867678958785234,0.0008116393463717732,PC1,SVM
PC1_Combining_Tumor_and_FGT_Enhancement,0.0007592190889370798,0.0004970255634442254,PC1,SVM
PC1_Tumor_Size_and_Morphology,0.0007592190889370798,0.0004970255634442254,PC1,SVM
PC1_Breast_and_FGT_Volume_Features,0.0002169197396963085,0.000433839479392617,PC1,SVM
PC1_Tumor_Enhancement_Spatial_Heterogeneity,0.0,0.0,PC1,SVM
BreastVol,0.01062906724511926,0.0020464167314656434,VARS_IN_PC1,SVM
F1_DT_T1NFS..T11.0.1.T12.0.5.,0.0,0.0,VARS_IN_PC1,SVM
Median_solidity_Tumor,0.0,0.0,VARS_IN_PC1,SVM
Inv_diff_moment_normalized_Tumor,0.0,0.0,VARS_IN_PC1,SVM
EnhancementClusterNeighborhoodSimilarity_Tumor,0.0,0.0,VARS_IN_PC1,SVM
Enhancement_variance_increasing_rate_Tumor,0.0,0.0,VARS_IN_PC1,SVM
Ratio_Tissue_vol_enhancing_more_than_70percent_from_PostCon_to_Tissue_Vol,0.0,0.0,VARS_IN_PC1,SVM
PE_map_mean_tumor,0.0,0.0,VARS_IN_PC1,SVM
PE_map_difference_entropy_tissue_PostCon,0.0,0.0,VARS_IN_PC1,SVM
PE_map_std_dev_tissue_PostCon,0.0,0.0,VARS_IN_PC1,SVM
BreastVol,0.007173913043478297,0.0030820536692952,VARS_IN_PC_90,SVM
F1_DT_T1NFS..T11.0.1.T12.0.5.,0.0,0.0,VARS_IN_PC_90,SVM
Ratio_Tissue_vol_enhancing_more_than_80percent_from_PostCon_to_Tissue_Vol,0.0,0.0,VARS_IN_PC_90,SVM
Ratio_Tissue_vol_enhancing_more_than_70percent_from_T1_to_Tissue_Vol,0.0,0.0,VARS_IN_PC_90,SVM
Ratio_Tissue_vol_enhancing_more_than_90percent_from_T1_to_Tissue_Vol,0.0,0.0,VARS_IN_PC_90,SVM
Ratio_Tissue_vol_enhancing_more_than_60percent_from_T1_to_Tissue_Vol,0.0,0.0,VARS_IN_PC_90,SVM
PE_map_mean_tumor,0.0,0.0,VARS_IN_PC_90,SVM
Grouping_based_mean_of_peak_enhancement_slope_3D_tumor_Group_2,0.0,0.0,VARS_IN_PC_90,SVM
Grouping_based_mean_of_washin_slope_3D_tumor_Group_2,0.0,0.0,VARS_IN_PC_90,SVM
Grouping_based_mean_of_washin_slope_2D_tumorSlice_Group_2,0.0,0.0,VARS_IN_PC_90,SVM
PE_map_difference_entropy_tissue_PostCon,0.0,0.0,VARS_IN_PC_90,SVM
PE_map_Homogeneity1_tissue_PostCon,0.0,0.0,VARS_IN_PC_90,SVM
PE_map_inverse_difference_is_homom_tissue_PostCon,0.0,0.0,VARS_IN_PC_90,SVM
PE_map_Homogeneity2_tissue_PostCon,0.0,0.0,VARS_IN_PC_90,SVM
PE_map_Entropy_tissue_PostCon,0.0,0.0,VARS_IN_PC_90,SVM
PE_map_sum_entropy_tissue_PostCon,0.0,0.0,VARS_IN_PC_90,SVM
PE_map_Homogeneity2_tissue_T1,0.0,0.0,VARS_IN_PC_90,SVM
PE_map_Homogeneity1_tissue_T1,0.0,0.0,VARS_IN_PC_90,SVM
PE_map_std_dev_tissue_PostCon,0.0,0.0,VARS_IN_PC_90,SVM
Grouping_based_variance_of_peak_enhancement_slope_3D_tissue_T1_Group_2,0.0,0.0,VARS_IN_PC_90,SVM
PE_map_std_dev_tissue_T1,0.0,0.0,VARS_IN_PC_90,SVM
Ratio_Tissue_vol_enhancing_more_than_80percent_from_T1_to_Tissue_Vol,0.0,0.0,VARS_IN_PC_90,SVM
Ratio_Tissue_vol_enhancing_more_than_60percent_from_PostCon_to_Tissue_Vol,0.0,0.0,VARS_IN_PC_90,SVM
F1_DT_POSTCON..T11.0.1.T12.0.5.,0.0,0.0,VARS_IN_PC_90,SVM
Dissimilarity_Tumor,0.0,0.0,VARS_IN_PC_90,SVM
F1_DT_T1NFS..T11.0.05.T12.0.8.,0.0,0.0,VARS_IN_PC_90,SVM
F1_DT_POSTCON..T11.0.05.T12.0.8.,0.0,0.0,VARS_IN_PC_90,SVM
Median_solidity_Tumor,0.0,0.0,VARS_IN_PC_90,SVM
BEVR_Tumor,0.0,0.0,VARS_IN_PC_90,SVM
TumorMajorAxisLength_mm,0.0,0.0,VARS_IN_PC_90,SVM
Inv_diff_moment_normalized_Tumor,0.0,0.0,VARS_IN_PC_90,SVM
Contrast_Tumor,0.0,0.0,VARS_IN_PC_90,SVM
WashinRate_map_Contrast_tumor,0.0,0.0,VARS_IN_PC_90,SVM
WashinRate_map_inverse_difference_moment_normalized_tumor,0.0,0.0,VARS_IN_PC_90,SVM
Ratio_Tissue_vol_enhancing_more_than_70percent_from_PostCon_to_Tissue_Vol,0.0,0.0,VARS_IN_PC_90,SVM
Inv_Diff_normalized_Tumor,0.0,0.0,VARS_IN_PC_90,SVM
PE_map_Dissimilarity_tumor,0.0,0.0,VARS_IN_PC_90,SVM
EnhancementClusterNeighborhoodSimilarity_Tumor,0.0,0.0,VARS_IN_PC_90,SVM
globalMoransIEnhancementVarianceMap_Tumor,0.0,0.0,VARS_IN_PC_90,SVM
Enhancement_variance_increasing_rate_Tumor,0.0,0.0,VARS_IN_PC_90,SVM
PE_map_std_dev_tumor,0.0,0.0,VARS_IN_PC_90,SVM
Maximum_variance_of_enhancement_Tumor,0.0,0.0,VARS_IN_PC_90,SVM
tissueVol_PostCon,0.0,0.0,VARS_IN_PC_90,SVM
Grouping_based_variance_of_washin_slope_3D_tissue_T1_Group_2,0.0,0.0,VARS_IN_PC_90,SVM
"F1_DT_POSTCON (T11=0.05,T12=0.5)",0.0,0.0,ALL_IMG,SVM
WashinRate_map_Max_Probability_tumor,0.0,0.0,ALL_IMG,SVM
WashinRate_map_kurtosis_tumor,0.0,0.0,ALL_IMG,SVM
WashinRate_map_skewness_tumor,0.0,0.0,ALL_IMG,SVM
WashinRate_map_std_dev_tumor,0.0,0.0,ALL_IMG,SVM
WashinRate_map_mean_tumor,0.0,0.0,ALL_IMG,SVM
WashinRate_map_inverse_difference_moment_normalized_tumor,0.0,0.0,ALL_IMG,SVM
WashinRate_map_inverse_difference_normalized_tumor,0.0,0.0,ALL_IMG,SVM
WashinRate_map_inverse_difference_is_homom_tumor,0.0,0.0,ALL_IMG,SVM
WashinRate_map_information_measure_correlation2_tumor,0.0,0.0,ALL_IMG,SVM
WashinRate_map_information_measure_correlation1_tumor,0.0,0.0,ALL_IMG,SVM
WashinRate_map_difference_entropy_tumor,0.0,0.0,ALL_IMG,SVM
WashinRate_map_sum_entropy_tumor,0.0,0.0,ALL_IMG,SVM
WashinRate_map_sum_variance__tumor,0.0,0.0,ALL_IMG,SVM
WashinRate_map_sum_average_tumor,0.0,0.0,ALL_IMG,SVM
WashinRate_map_Sum_of_Squares_variance_tumor,0.0,0.0,ALL_IMG,SVM
WashinRate_map_Homogeneity2_tumor,0.0,0.0,ALL_IMG,SVM
Sum_of_Squares_variance_tissue_PostCon,0.0,0.0,ALL_IMG,SVM
WashinRate_map_Homogeneity1_tumor,0.0,0.0,ALL_IMG,SVM
WashinRate_map_Entropy_tumor,0.0,0.0,ALL_IMG,SVM
WashinRate_map_Energy_tumor,0.0,0.0,ALL_IMG,SVM
WashinRate_map_Dissimilarity_tumor,0.0,0.0,ALL_IMG,SVM
WashinRate_map_Cluster_Shade_tumor,0.0,0.0,ALL_IMG,SVM
WashinRate_map_Cluster_Prominence_tumor,0.0,0.0,ALL_IMG,SVM
WashinRate_map_Correlation2_tumor,0.0,0.0,ALL_IMG,SVM
WashinRate_map_Correlation1_tumor,0.0,0.0,ALL_IMG,SVM
WashinRate_map_Contrast_tumor,0.0,0.0,ALL_IMG,SVM
WashinRate_map_Autocorrelation_tumor,0.0,0.0,ALL_IMG,SVM
PE_map_kurtosis_tumor,0.0,0.0,ALL_IMG,SVM
PE_map_skewness_tumor,0.0,0.0,ALL_IMG,SVM
PE_map_std_dev_tumor,0.0,0.0,ALL_IMG,SVM
PE_map_mean_tumor,0.0,0.0,ALL_IMG,SVM
SER_Total_tissue_vol_cu_mm_T1,0.0,0.0,ALL_IMG,SVM
SER_Partial_tissue_vol_cu_mm_T1,0.0,0.0,ALL_IMG,SVM
SER_Washout_tissue_vol_cu_mm_T1,0.0,0.0,ALL_IMG,SVM
Peak_SER_tissue_T1,0.0,0.0,ALL_IMG,SVM
PE_map_Contrast_tissue_T1,0.0,0.0,ALL_IMG,SVM
PE_map_Autocorrelation_tissue_T1,0.0,0.0,ALL_IMG,SVM
SER_map_kurtosis_tissue_T1,0.0,0.0,ALL_IMG,SVM
SER_map_skewness_tissue_T1,0.0,0.0,ALL_IMG,SVM
SER_map_std_dev_tissue_T1,0.0,0.0,ALL_IMG,SVM
SER_map_mean_tissue_T1,0.0,0.0,ALL_IMG,SVM
SER_map_inverse_difference_moment_normalized_tissue_T1,0.0,0.0,ALL_IMG,SVM
SER_map_inverse_difference_normalized_tissue_T1,0.0,0.0,ALL_IMG,SVM
SER_map_inverse_difference_is_homom_tissue_T1,0.0,0.0,ALL_IMG,SVM
SER_map_information_measure_correlation2_tissue_T1,0.0,0.0,ALL_IMG,SVM
SER_map_information_measure_correlation1_tissue_T1,0.0,0.0,ALL_IMG,SVM
SER_map_difference_entropy_tissue_T1,0.0,0.0,ALL_IMG,SVM
SER_map_sum_entropy_tissue_T1,0.0,0.0,ALL_IMG,SVM
SER_map_sum_variance__tissue_T1,0.0,0.0,ALL_IMG,SVM
SER_map_sum_average_tissue_T1,0.0,0.0,ALL_IMG,SVM
SER_map_Sum_of_Squares_variance_tissue_T1,0.0,0.0,ALL_IMG,SVM
SER_map_Max_Probability_tissue_T1,0.0,0.0,ALL_IMG,SVM
SER_map_Homogeneity2_tissue_T1,0.0,0.0,ALL_IMG,SVM
SER_map_Homogeneity1_tissue_T1,0.0,0.0,ALL_IMG,SVM
SER_map_Entropy_tissue_T1,0.0,0.0,ALL_IMG,SVM
SER_map_Energy_tissue_T1,0.0,0.0,ALL_IMG,SVM
SER_map_Dissimilarity_tissue_T1,0.0,0.0,ALL_IMG,SVM
SER_map_Cluster_Shade_tissue_T1,0.0,0.0,ALL_IMG,SVM
SER_map_Cluster_Prominence_tissue_T1,0.0,0.0,ALL_IMG,SVM
SER_map_Correlation2_tissue_T1,0.0,0.0,ALL_IMG,SVM
SER_map_Correlation1_tissue_T1,0.0,0.0,ALL_IMG,SVM
SER_map_Contrast_tissue_T1,0.0,0.0,ALL_IMG,SVM
SER_map_Autocorrelation_tissue_T1,0.0,0.0,ALL_IMG,SVM
Peak_PE_tissue_T1,0.0,0.0,ALL_IMG,SVM
PE_map_inverse_difference_moment_normalized_tumor,0.0,0.0,ALL_IMG,SVM
PE_map_inverse_difference_normalized_tumor,0.0,0.0,ALL_IMG,SVM
PE_map_inverse_difference_is_homom_tumor,0.0,0.0,ALL_IMG,SVM
SER_map_Sum_of_Squares_variance_tumor,0.0,0.0,ALL_IMG,SVM
SER_map_Homogeneity2_tumor,0.0,0.0,ALL_IMG,SVM
SER_map_Homogeneity1_tumor,0.0,0.0,ALL_IMG,SVM
SER_map_Entropy_tumor,0.0,0.0,ALL_IMG,SVM
SER_map_Energy_tumor,0.0,0.0,ALL_IMG,SVM
SER_map_Dissimilarity_tumor,0.0,0.0,ALL_IMG,SVM
SER_map_Cluster_Shade_tumor,0.0,0.0,ALL_IMG,SVM
SER_map_Cluster_Prominence_tumor,0.0,0.0,ALL_IMG,SVM
SER_map_Correlation2_tumor,0.0,0.0,ALL_IMG,SVM
SER_map_Correlation1_tumor,0.0,0.0,ALL_IMG,SVM
SER_map_Contrast_tumor,0.0,0.0,ALL_IMG,SVM
SER_map_Autocorrelation_tumor,0.0,0.0,ALL_IMG,SVM
Peak_PE_tumor,0.0,0.0,ALL_IMG,SVM
Peak_SER_tumor,0.0,0.0,ALL_IMG,SVM
SER_Washout_tumor_vol_cu_mm,0.0,0.0,ALL_IMG,SVM
SER_Partial_tumor_vol_cu_mm,0.0,0.0,ALL_IMG,SVM
SER_Total_tumor_vol_cu_mm,0.0,0.0,ALL_IMG,SVM
Variance_of_RGH_values_Tumor,0.0,0.0,ALL_IMG,SVM
Variance_of_Margin_Gradient_Tumor,0.0,0.0,ALL_IMG,SVM
Margin_Gradient_Tumor,0.0,0.0,ALL_IMG,SVM
Change_in_variance_of_Uptake_Tumor,0.0,0.0,ALL_IMG,SVM
Variance_of_Uptake_Tumor,0.0,0.0,ALL_IMG,SVM
inverse_difference_moment_normalized_tissue_PostCon,0.0,0.0,ALL_IMG,SVM
inverse_difference_normalized_tissue_PostCon,0.0,0.0,ALL_IMG,SVM
inverse_difference_is_homom_tissue_PostCon,0.0,0.0,ALL_IMG,SVM
information_measure_correlation2_tissue_PostCon,0.0,0.0,ALL_IMG,SVM
information_measure_correlation1_tissue_PostCon,0.0,0.0,ALL_IMG,SVM
difference_entropy_tissue_PostCon,0.0,0.0,ALL_IMG,SVM
sum_entropy_tissue_PostCon,0.0,0.0,ALL_IMG,SVM
sum_variance__tissue_PostCon,0.0,0.0,ALL_IMG,SVM
SER_map_Max_Probability_tumor,0.0,0.0,ALL_IMG,SVM
SER_map_sum_average_tumor,0.0,0.0,ALL_IMG,SVM
PE_map_information_measure_correlation2_tumor,0.0,0.0,ALL_IMG,SVM
SER_map_sum_variance__tumor,0.0,0.0,ALL_IMG,SVM
PE_map_information_measure_correlation1_tumor,0.0,0.0,ALL_IMG,SVM
PE_map_difference_entropy_tumor,0.0,0.0,ALL_IMG,SVM
PE_map_sum_entropy_tumor,0.0,0.0,ALL_IMG,SVM
PE_map_sum_variance__tumor,0.0,0.0,ALL_IMG,SVM
PE_map_sum_average_tumor,0.0,0.0,ALL_IMG,SVM
PE_map_Sum_of_Squares_variance_tumor,0.0,0.0,ALL_IMG,SVM
PE_map_Max_Probability_tumor,0.0,0.0,ALL_IMG,SVM
PE_map_Homogeneity2_tumor,0.0,0.0,ALL_IMG,SVM
PE_map_Homogeneity1_tumor,0.0,0.0,ALL_IMG,SVM
PE_map_Entropy_tumor,0.0,0.0,ALL_IMG,SVM
PE_map_Energy_tumor,0.0,0.0,ALL_IMG,SVM
PE_map_Dissimilarity_tumor,0.0,0.0,ALL_IMG,SVM
PE_map_Cluster_Shade_tumor,0.0,0.0,ALL_IMG,SVM
PE_map_Cluster_Prominence_tumor,0.0,0.0,ALL_IMG,SVM
PE_map_Correlation2_tumor,0.0,0.0,ALL_IMG,SVM
PE_map_Correlation1_tumor,0.0,0.0,ALL_IMG,SVM
PE_map_Contrast_tumor,0.0,0.0,ALL_IMG,SVM
PE_map_Autocorrelation_tumor,0.0,0.0,ALL_IMG,SVM
SER_map_kurtosis_tumor,0.0,0.0,ALL_IMG,SVM
SER_map_skewness_tumor,0.0,0.0,ALL_IMG,SVM
SER_map_std_dev_tumor,0.0,0.0,ALL_IMG,SVM
SER_map_mean_tumor,0.0,0.0,ALL_IMG,SVM
SER_map_inverse_difference_moment_normalized_tumor,0.0,0.0,ALL_IMG,SVM
SER_map_inverse_difference_normalized_tumor,0.0,0.0,ALL_IMG,SVM
SER_map_inverse_difference_is_homom_tumor,0.0,0.0,ALL_IMG,SVM
SER_map_information_measure_correlation2_tumor,0.0,0.0,ALL_IMG,SVM
SER_map_information_measure_correlation1_tumor,0.0,0.0,ALL_IMG,SVM
SER_map_difference_entropy_tumor,0.0,0.0,ALL_IMG,SVM
SER_map_sum_entropy_tumor,0.0,0.0,ALL_IMG,SVM
PE_map_Correlation1_tissue_T1,0.0,0.0,ALL_IMG,SVM
PE_map_Correlation2_tissue_T1,0.0,0.0,ALL_IMG,SVM
PE_map_Cluster_Prominence_tissue_T1,0.0,0.0,ALL_IMG,SVM
PE_map_inverse_difference_is_homom_tissue_PostCon,0.0,0.0,ALL_IMG,SVM
PE_map_information_measure_correlation1_tissue_PostCon,0.0,0.0,ALL_IMG,SVM
PE_map_difference_entropy_tissue_PostCon,0.0,0.0,ALL_IMG,SVM
PE_map_sum_entropy_tissue_PostCon,0.0,0.0,ALL_IMG,SVM
PE_map_sum_variance__tissue_PostCon,0.0,0.0,ALL_IMG,SVM
PE_map_sum_average_tissue_PostCon,0.0,0.0,ALL_IMG,SVM
PE_map_Sum_of_Squares_variance_tissue_PostCon,0.0,0.0,ALL_IMG,SVM
PE_map_Max_Probability_tissue_PostCon,0.0,0.0,ALL_IMG,SVM
PE_map_Homogeneity2_tissue_PostCon,0.0,0.0,ALL_IMG,SVM
PE_map_Homogeneity1_tissue_PostCon,0.0,0.0,ALL_IMG,SVM
PE_map_Entropy_tissue_PostCon,0.0,0.0,ALL_IMG,SVM
PE_map_Energy_tissue_PostCon,0.0,0.0,ALL_IMG,SVM
PE_map_Dissimilarity_tissue_PostCon,0.0,0.0,ALL_IMG,SVM
PE_map_Cluster_Shade_tissue_PostCon,0.0,0.0,ALL_IMG,SVM
PE_map_Cluster_Prominence_tissue_PostCon,0.0,0.0,ALL_IMG,SVM
PE_map_Correlation2_tissue_PostCon,0.0,0.0,ALL_IMG,SVM
PE_map_Correlation1_tissue_PostCon,0.0,0.0,ALL_IMG,SVM
PE_map_Contrast_tissue_PostCon,0.0,0.0,ALL_IMG,SVM
PE_map_Autocorrelation_tissue_PostCon,0.0,0.0,ALL_IMG,SVM
SER_map_kurtosis_tissue_PostCon,0.0,0.0,ALL_IMG,SVM
SER_map_skewness_tissue_PostCon,0.0,0.0,ALL_IMG,SVM
SER_map_std_dev_tissue_PostCon,0.0,0.0,ALL_IMG,SVM
SER_map_mean_tissue_PostCon,0.0,0.0,ALL_IMG,SVM
SER_map_inverse_difference_moment_normalized_tissue_PostCon,0.0,0.0,ALL_IMG,SVM
SER_map_inverse_difference_normalized_tissue_PostCon,0.0,0.0,ALL_IMG,SVM
SER_map_inverse_difference_is_homom_tissue_PostCon,0.0,0.0,ALL_IMG,SVM
SER_map_information_measure_correlation2_tissue_PostCon,0.0,0.0,ALL_IMG,SVM
SER_map_information_measure_correlation1_tissue_PostCon,0.0,0.0,ALL_IMG,SVM
SER_map_difference_entropy_tissue_PostCon,0.0,0.0,ALL_IMG,SVM
SER_map_sum_entropy_tissue_PostCon,0.0,0.0,ALL_IMG,SVM
PE_map_information_measure_correlation2_tissue_PostCon,0.0,0.0,ALL_IMG,SVM
PE_map_inverse_difference_normalized_tissue_PostCon,0.0,0.0,ALL_IMG,SVM
SER_map_sum_average_tissue_PostCon,0.0,0.0,ALL_IMG,SVM
PE_map_inverse_difference_moment_normalized_tissue_PostCon,0.0,0.0,ALL_IMG,SVM
WashinRate_map_skewness_tissue_PostCon,0.0,0.0,ALL_IMG,SVM
WashinRate_map_std_dev_tissue_PostCon,0.0,0.0,ALL_IMG,SVM
WashinRate_map_mean_tissue_PostCon,0.0,0.0,ALL_IMG,SVM
WashinRate_map_inverse_difference_moment_normalized_tissue_PostCon,0.0,0.0,ALL_IMG,SVM
WashinRate_map_inverse_difference_normalized_tissue_PostCon,0.0,0.0,ALL_IMG,SVM
WashinRate_map_inverse_difference_is_homom_tissue_PostCon,0.0,0.0,ALL_IMG,SVM
WashinRate_map_information_measure_correlation2_tissue_PostCon,0.0,0.0,ALL_IMG,SVM
WashinRate_map_information_measure_correlation1_tissue_PostCon,0.0,0.0,ALL_IMG,SVM
WashinRate_map_difference_entropy_tissue_PostCon,0.0,0.0,ALL_IMG,SVM
WashinRate_map_sum_entropy_tissue_PostCon,0.0,0.0,ALL_IMG,SVM
WashinRate_map_sum_variance__tissue_PostCon,0.0,0.0,ALL_IMG,SVM
WashinRate_map_sum_average_tissue_PostCon,0.0,0.0,ALL_IMG,SVM
WashinRate_map_Sum_of_Squares_variance_tissue_PostCon,0.0,0.0,ALL_IMG,SVM
WashinRate_map_Max_Probability_tissue_PostCon,0.0,0.0,ALL_IMG,SVM
WashinRate_map_Homogeneity2_tissue_PostCon,0.0,0.0,ALL_IMG,SVM
WashinRate_map_Homogeneity1_tissue_PostCon,0.0,0.0,ALL_IMG,SVM
WashinRate_map_Entropy_tissue_PostCon,0.0,0.0,ALL_IMG,SVM
WashinRate_map_Energy_tissue_PostCon,0.0,0.0,ALL_IMG,SVM
WashinRate_map_Dissimilarity_tissue_PostCon,0.0,0.0,ALL_IMG,SVM
WashinRate_map_Cluster_Shade_tissue_PostCon,0.0,0.0,ALL_IMG,SVM
WashinRate_map_Cluster_Prominence_tissue_PostCon,0.0,0.0,ALL_IMG,SVM
WashinRate_map_Correlation2_tissue_PostCon,0.0,0.0,ALL_IMG,SVM
WashinRate_map_Correlation1_tissue_PostCon,0.0,0.0,ALL_IMG,SVM
WashinRate_map_Contrast_tissue_PostCon,0.0,0.0,ALL_IMG,SVM
WashinRate_map_Autocorrelation_tissue_PostCon,0.0,0.0,ALL_IMG,SVM
PE_map_kurtosis_tissue_PostCon,0.0,0.0,ALL_IMG,SVM
PE_map_skewness_tissue_PostCon,0.0,0.0,ALL_IMG,SVM
PE_map_std_dev_tissue_PostCon,0.0,0.0,ALL_IMG,SVM
PE_map_mean_tissue_PostCon,0.0,0.0,ALL_IMG,SVM
SER_map_sum_variance__tissue_PostCon,0.0,0.0,ALL_IMG,SVM
SER_map_Sum_of_Squares_variance_tissue_PostCon,0.0,0.0,ALL_IMG,SVM
PE_map_Cluster_Shade_tissue_T1,0.0,0.0,ALL_IMG,SVM
WashinRate_map_Homogeneity2_tissue_T1,0.0,0.0,ALL_IMG,SVM
WashinRate_map_Entropy_tissue_T1,0.0,0.0,ALL_IMG,SVM
WashinRate_map_Energy_tissue_T1,0.0,0.0,ALL_IMG,SVM
WashinRate_map_Dissimilarity_tissue_T1,0.0,0.0,ALL_IMG,SVM
WashinRate_map_Cluster_Shade_tissue_T1,0.0,0.0,ALL_IMG,SVM
WashinRate_map_Cluster_Prominence_tissue_T1,0.0,0.0,ALL_IMG,SVM
WashinRate_map_Correlation2_tissue_T1,0.0,0.0,ALL_IMG,SVM
WashinRate_map_Correlation1_tissue_T1,0.0,0.0,ALL_IMG,SVM
WashinRate_map_Contrast_tissue_T1,0.0,0.0,ALL_IMG,SVM
WashinRate_map_Autocorrelation_tissue_T1,0.0,0.0,ALL_IMG,SVM
PE_map_kurtosis_tissue_T1,0.0,0.0,ALL_IMG,SVM
PE_map_skewness_tissue_T1,0.0,0.0,ALL_IMG,SVM
PE_map_std_dev_tissue_T1,0.0,0.0,ALL_IMG,SVM
PE_map_mean_tissue_T1,0.0,0.0,ALL_IMG,SVM
PE_map_inverse_difference_moment_normalized_tissue_T1,0.0,0.0,ALL_IMG,SVM
PE_map_inverse_difference_normalized_tissue_T1,0.0,0.0,ALL_IMG,SVM
PE_map_inverse_difference_is_homom_tissue_T1,0.0,0.0,ALL_IMG,SVM
PE_map_information_measure_correlation2_tissue_T1,0.0,0.0,ALL_IMG,SVM
PE_map_information_measure_correlation1_tissue_T1,0.0,0.0,ALL_IMG,SVM
PE_map_difference_entropy_tissue_T1,0.0,0.0,ALL_IMG,SVM
PE_map_sum_entropy_tissue_T1,0.0,0.0,ALL_IMG,SVM
PE_map_sum_variance__tissue_T1,0.0,0.0,ALL_IMG,SVM
PE_map_sum_average_tissue_T1,0.0,0.0,ALL_IMG,SVM
PE_map_Sum_of_Squares_variance_tissue_T1,0.0,0.0,ALL_IMG,SVM
PE_map_Max_Probability_tissue_T1,0.0,0.0,ALL_IMG,SVM
PE_map_Homogeneity2_tissue_T1,0.0,0.0,ALL_IMG,SVM
PE_map_Homogeneity1_tissue_T1,0.0,0.0,ALL_IMG,SVM
PE_map_Entropy_tissue_T1,0.0,0.0,ALL_IMG,SVM
PE_map_Energy_tissue_T1,0.0,0.0,ALL_IMG,SVM
PE_map_Dissimilarity_tissue_T1,0.0,0.0,ALL_IMG,SVM
WashinRate_map_Homogeneity1_tissue_T1,0.0,0.0,ALL_IMG,SVM
WashinRate_map_Max_Probability_tissue_T1,0.0,0.0,ALL_IMG,SVM
SER_map_Max_Probability_tissue_PostCon,0.0,0.0,ALL_IMG,SVM
WashinRate_map_Sum_of_Squares_variance_tissue_T1,0.0,0.0,ALL_IMG,SVM
SER_map_Homogeneity2_tissue_PostCon,0.0,0.0,ALL_IMG,SVM
SER_map_Homogeneity1_tissue_PostCon,0.0,0.0,ALL_IMG,SVM
SER_map_Entropy_tissue_PostCon,0.0,0.0,ALL_IMG,SVM
SER_map_Energy_tissue_PostCon,0.0,0.0,ALL_IMG,SVM
SER_map_Dissimilarity_tissue_PostCon,0.0,0.0,ALL_IMG,SVM
SER_map_Cluster_Shade_tissue_PostCon,0.0,0.0,ALL_IMG,SVM
SER_map_Cluster_Prominence_tissue_PostCon,0.0,0.0,ALL_IMG,SVM
SER_map_Correlation2_tissue_PostCon,0.0,0.0,ALL_IMG,SVM
SER_map_Correlation1_tissue_PostCon,0.0,0.0,ALL_IMG,SVM
SER_map_Contrast_tissue_PostCon,0.0,0.0,ALL_IMG,SVM
SER_map_Autocorrelation_tissue_PostCon,0.0,0.0,ALL_IMG,SVM
Peak_PE_tissue_PostCon,0.0,0.0,ALL_IMG,SVM
Peak_SER_tissue_PostCon,0.0,0.0,ALL_IMG,SVM
SER_Washout_tissue_vol_cu_mm_PostCon,0.0,0.0,ALL_IMG,SVM
SER_Partial_tissue_vol_cu_mm_PostCon,0.0,0.0,ALL_IMG,SVM
SER_Total_tissue_vol_cu_mm_PostCon,0.0,0.0,ALL_IMG,SVM
WashinRate_map_kurtosis_tissue_T1,0.0,0.0,ALL_IMG,SVM
WashinRate_map_skewness_tissue_T1,0.0,0.0,ALL_IMG,SVM
WashinRate_map_std_dev_tissue_T1,0.0,0.0,ALL_IMG,SVM
WashinRate_map_mean_tissue_T1,0.0,0.0,ALL_IMG,SVM
WashinRate_map_inverse_difference_moment_normalized_tissue_T1,0.0,0.0,ALL_IMG,SVM
WashinRate_map_inverse_difference_normalized_tissue_T1,0.0,0.0,ALL_IMG,SVM
WashinRate_map_inverse_difference_is_homom_tissue_T1,0.0,0.0,ALL_IMG,SVM
WashinRate_map_information_measure_correlation2_tissue_T1,0.0,0.0,ALL_IMG,SVM
WashinRate_map_information_measure_correlation1_tissue_T1,0.0,0.0,ALL_IMG,SVM
WashinRate_map_difference_entropy_tissue_T1,0.0,0.0,ALL_IMG,SVM
WashinRate_map_sum_entropy_tissue_T1,0.0,0.0,ALL_IMG,SVM
WashinRate_map_sum_variance__tissue_T1,0.0,0.0,ALL_IMG,SVM
WashinRate_map_sum_average_tissue_T1,0.0,0.0,ALL_IMG,SVM
sum_average_tissue_PostCon,0.0,0.0,ALL_IMG,SVM
Max_Probability_tissue_PostCon,0.0,0.0,ALL_IMG,SVM
"F1_DT_POSTCON (T11=0.05,T12=0.1)",0.0,0.0,ALL_IMG,SVM
Ratio_Tissue_vol_enhancing_more_than_30percent_from_PostCon_to_Breast_Vol,0.0,0.0,ALL_IMG,SVM
Ratio_Tissue_vol_enhancing_more_than_60percent_from_PostCon_to_Tissue_Vol,0.0,0.0,ALL_IMG,SVM
Ratio_Tissue_vol_enhancing_more_than_50percent_from_PostCon_to_Tissue_Vol,0.0,0.0,ALL_IMG,SVM
Ratio_Tissue_vol_enhancing_more_than_40percent_from_PostCon_to_Tissue_Vol,0.0,0.0,ALL_IMG,SVM
Ratio_Tissue_vol_enhancing_more_than_30percent_from_PostCon_to_Tissue_Vol,0.0,0.0,ALL_IMG,SVM
Ratio_Tissue_vol_enhancing_more_than_20percent_from_PostCon_to_Tissue_Vol,0.0,0.0,ALL_IMG,SVM
Ratio_Tissue_vol_enhancing_more_than_10percent_from_PostCon_to_Tissue_Vol,0.0,0.0,ALL_IMG,SVM
Ratio_Tissue_vol_enhancing_more_than_0percent_from_PostCon_to_Tissue_Vol,0.0,0.0,ALL_IMG,SVM
Ratio_Tissue_vol_enhancing_more_than_100percent_from_PostCon_to_Breast_Vol,0.0,0.0,ALL_IMG,SVM
Ratio_Tissue_vol_enhancing_more_than_90percent_from_PostCon_to_Breast_Vol,0.0,0.0,ALL_IMG,SVM
Ratio_Tissue_vol_enhancing_more_than_80percent_from_PostCon_to_Breast_Vol,0.0,0.0,ALL_IMG,SVM
Ratio_Tissue_vol_enhancing_more_than_70percent_from_PostCon_to_Breast_Vol,0.0,0.0,ALL_IMG,SVM
Ratio_Tissue_vol_enhancing_more_than_60percent_from_PostCon_to_Breast_Vol,0.0,0.0,ALL_IMG,SVM
Ratio_Tissue_vol_enhancing_more_than_50percent_from_PostCon_to_Breast_Vol,0.0,0.0,ALL_IMG,SVM
Ratio_Tissue_vol_enhancing_more_than_40percent_from_PostCon_to_Breast_Vol,0.0,0.0,ALL_IMG,SVM
Ratio_Tissue_vol_enhancing_more_than_20percent_from_PostCon_to_Breast_Vol,0.0,0.0,ALL_IMG,SVM
Homogeneity2_tissue_PostCon,0.0,0.0,ALL_IMG,SVM
Ratio_Tissue_vol_enhancing_more_than_10percent_from_PostCon_to_Breast_Vol,0.0,0.0,ALL_IMG,SVM
Ratio_Tissue_vol_enhancing_more_than_0percent_from_PostCon_to_Breast_Vol,0.0,0.0,ALL_IMG,SVM
tissueVol_PostCon,0.0,0.0,ALL_IMG,SVM
breastDensity_T1,0.0,0.0,ALL_IMG,SVM
Ratio_Tissue_vol_enhancing_more_than_100percent_from_T1_to_Tissue_Vol,0.0,0.0,ALL_IMG,SVM
Ratio_Tissue_vol_enhancing_more_than_90percent_from_T1_to_Tissue_Vol,0.0,0.0,ALL_IMG,SVM
Ratio_Tissue_vol_enhancing_more_than_80percent_from_T1_to_Tissue_Vol,0.0,0.0,ALL_IMG,SVM
Ratio_Tissue_vol_enhancing_more_than_70percent_from_T1_to_Tissue_Vol,0.0,0.0,ALL_IMG,SVM
Ratio_Tissue_vol_enhancing_more_than_60percent_from_T1_to_Tissue_Vol,0.0,0.0,ALL_IMG,SVM
Ratio_Tissue_vol_enhancing_more_than_50percent_from_T1_to_Tissue_Vol,0.0,0.0,ALL_IMG,SVM
Ratio_Tissue_vol_enhancing_more_than_40percent_from_T1_to_Tissue_Vol,0.0,0.0,ALL_IMG,SVM
Ratio_Tissue_vol_enhancing_more_than_30percent_from_T1_to_Tissue_Vol,0.0,0.0,ALL_IMG,SVM
Ratio_Tissue_vol_enhancing_more_than_20percent_from_T1_to_Tissue_Vol,0.0,0.0,ALL_IMG,SVM
Ratio_Tissue_vol_enhancing_more_than_10percent_from_T1_to_Tissue_Vol,0.0,0.0,ALL_IMG,SVM
Ratio_Tissue_vol_enhancing_more_than_70percent_from_PostCon_to_Tissue_Vol,0.0,0.0,ALL_IMG,SVM
Ratio_Tissue_vol_enhancing_more_than_80percent_from_PostCon_to_Tissue_Vol,0.0,0.0,ALL_IMG,SVM
Ratio_Tissue_vol_enhancing_more_than_90percent_from_PostCon_to_Tissue_Vol,0.0,0.0,ALL_IMG,SVM
Ratio_Tissue_vol_enhancing_more_than_100percent_from_PostCon_to_Tissue_Vol,0.0,0.0,ALL_IMG,SVM
Grouping_based_variance_of_peak_enhancement_slope_2D_tumorSlice_Group_2,0.0,0.0,ALL_IMG,SVM
Grouping_based_variance_of_peak_enhancement_slope_2D_tumorSlice_Group_1,0.0,0.0,ALL_IMG,SVM
Grouping_based_mean_of_peak_enhancement_slope_2D_tumorSlice_Group_3,0.0,0.0,ALL_IMG,SVM
Grouping_based_mean_of_peak_enhancement_slope_2D_tumorSlice_Group_2,0.0,0.0,ALL_IMG,SVM
Grouping_based_mean_of_peak_enhancement_slope_2D_tumorSlice_Group_1,0.0,0.0,ALL_IMG,SVM
Grouping_based_proportion_of_tumor_voxels_3D_tumor_Group_3,0.0,0.0,ALL_IMG,SVM
Grouping_based_proportion_of_tumor_voxels_3D_tumor_Group_2,0.0,0.0,ALL_IMG,SVM
Grouping_based_proportion_of_tumor_voxels_3D_tumor_Group_1,0.0,0.0,ALL_IMG,SVM
Grouping_based_variance_of_washout_slope_3D_tumor_Group_2,0.0,0.0,ALL_IMG,SVM
Grouping_based_variance_of_washout_slope_3D_tumor_Group_1,0.0,0.0,ALL_IMG,SVM
Grouping_based_mean_of_washout_slope_3D_tumor_Group_2,0.0,0.0,ALL_IMG,SVM
Grouping_based_mean_of_washout_slope_3D_tumor_Group_1,0.0,0.0,ALL_IMG,SVM
Grouping_based_variance_of_washin_slope_3D_tumor_Group_3,0.0,0.0,ALL_IMG,SVM
Grouping_based_variance_of_washin_slope_3D_tumor_Group_2,0.0,0.0,ALL_IMG,SVM
Grouping_based_variance_of_washin_slope_3D_tumor_Group_1,0.0,0.0,ALL_IMG,SVM
Grouping_based_mean_of_washin_slope_3D_tumor_Group_3,0.0,0.0,ALL_IMG,SVM
Grouping_based_mean_of_washin_slope_3D_tumor_Group_2,0.0,0.0,ALL_IMG,SVM
Grouping_based_mean_of_washin_slope_3D_tumor_Group_1,0.0,0.0,ALL_IMG,SVM
Grouping_based_variance_of_peak_enhancement_slope_3D_tumor_Group_3,0.0,0.0,ALL_IMG,SVM
Grouping_based_variance_of_peak_enhancement_slope_3D_tumor_Group_2,0.0,0.0,ALL_IMG,SVM
Grouping_based_variance_of_peak_enhancement_slope_3D_tumor_Group_1,0.0,0.0,ALL_IMG,SVM
Grouping_based_mean_of_peak_enhancement_slope_3D_tumor_Group_3,0.0,0.0,ALL_IMG,SVM
Grouping_based_mean_of_peak_enhancement_slope_3D_tumor_Group_2,0.0,0.0,ALL_IMG,SVM
Grouping_based_mean_of_peak_enhancement_slope_3D_tumor_Group_1,0.0,0.0,ALL_IMG,SVM
Enhancement_variance_decreasing_rate_Tumor,0.0,0.0,ALL_IMG,SVM
Enhancement_variance_increasing_rate_Tumor,0.0,0.0,ALL_IMG,SVM
Peak_location_of_enhancement_variance_dynamics_Tumor,0.0,0.0,ALL_IMG,SVM
Maximum_variance_of_enhancement_Tumor,0.0,0.0,ALL_IMG,SVM
breastDensity_PostCon,0.0,0.0,ALL_IMG,SVM
Ratio_Tissue_vol_enhancing_more_than_0percent_from_T1_to_Tissue_Vol,0.0,0.0,ALL_IMG,SVM
Ratio_Tissue_vol_enhancing_more_than_100percent_from_T1_to_Breast_Vol,0.0,0.0,ALL_IMG,SVM
Ratio_Tissue_vol_enhancing_more_than_90percent_from_T1_to_Breast_Vol,0.0,0.0,ALL_IMG,SVM
Energy_Tumor,0.0,0.0,ALL_IMG,SVM
Cluster_Shade_Tumor,0.0,0.0,ALL_IMG,SVM
Cluster_Prominence_Tumor,0.0,0.0,ALL_IMG,SVM
Correlation2_Tumor,0.0,0.0,ALL_IMG,SVM
Correlation1_Tumor,0.0,0.0,ALL_IMG,SVM
Contrast_Tumor,0.0,0.0,ALL_IMG,SVM
Autocorrelation_Tumor,0.0,0.0,ALL_IMG,SVM
Volume_cu_mm_Tumor,0.0,0.0,ALL_IMG,SVM
ASD_Tumor,0.0,0.0,ALL_IMG,SVM
MF_Tumor,0.0,0.0,ALL_IMG,SVM
BEDR2_Tumor,0.0,0.0,ALL_IMG,SVM
BEDR1_Tumor,0.0,0.0,ALL_IMG,SVM
BEVR_Tumor,0.0,0.0,ALL_IMG,SVM
TumorMajorAxisLength_mm,0.0,0.0,ALL_IMG,SVM
"F1_DT_T1NFS (T11=0.2,T12=0.8)",0.0,0.0,ALL_IMG,SVM
"F1_DT_T1NFS (T11=0.2,T12=0.5)",0.0,0.0,ALL_IMG,SVM
"F1_DT_T1NFS (T11=0.1,T12=0.8)",0.0,0.0,ALL_IMG,SVM
"F1_DT_T1NFS (T11=0.1,T12=0.5)",0.0,0.0,ALL_IMG,SVM
"F1_DT_T1NFS (T11=0.05,T12=0.8)",0.0,0.0,ALL_IMG,SVM
"F1_DT_T1NFS (T11=0.02,T12=0.8)",0.0,0.0,ALL_IMG,SVM
"F1_DT_T1NFS (T11=0.02,T12=0.5)",0.0,0.0,ALL_IMG,SVM
"F1_DT_T1NFS(T11=0.05,T12=0.1)",0.0,0.0,ALL_IMG,SVM
"F1_DT_T1NFS (T11=0.05,T12=0.5)",0.0,0.0,ALL_IMG,SVM
"F1_DT_POSTCON (T11=0.2,T12=0.8)",0.0,0.0,ALL_IMG,SVM
"F1_DT_POSTCON (T11=0.2,T12=0.5)",0.0,0.0,ALL_IMG,SVM
"F1_DT_POSTCON (T11=0.1,T12=0.8)",0.0,0.0,ALL_IMG,SVM
"F1_DT_POSTCON (T11=0.1,T12=0.5)",0.0,0.0,ALL_IMG,SVM
"F1_DT_POSTCON (T11=0.05,T12=0.8)",0.0,0.0,ALL_IMG,SVM
"F1_DT_POSTCON (T11=0.02,T12=0.8)",0.0,0.0,ALL_IMG,SVM
"F1_DT_POSTCON (T11=0.02,T12=0.5)",0.0,0.0,ALL_IMG,SVM
Dissimilarity_Tumor,0.0,0.0,ALL_IMG,SVM
Entropy_Tumor,0.0,0.0,ALL_IMG,SVM
Ratio_Tissue_vol_enhancing_more_than_80percent_from_T1_to_Breast_Vol,0.0,0.0,ALL_IMG,SVM
Homogeneity1_Tumor,0.0,0.0,ALL_IMG,SVM
Ratio_Tissue_vol_enhancing_more_than_70percent_from_T1_to_Breast_Vol,0.0,0.0,ALL_IMG,SVM
Ratio_Tissue_vol_enhancing_more_than_60percent_from_T1_to_Breast_Vol,0.0,0.0,ALL_IMG,SVM
Ratio_Tissue_vol_enhancing_more_than_50percent_from_T1_to_Breast_Vol,0.0,0.0,ALL_IMG,SVM
Ratio_Tissue_vol_enhancing_more_than_40percent_from_T1_to_Breast_Vol,0.0,0.0,ALL_IMG,SVM
Ratio_Tissue_vol_enhancing_more_than_30percent_from_T1_to_Breast_Vol,0.0,0.0,ALL_IMG,SVM
Ratio_Tissue_vol_enhancing_more_than_20percent_from_T1_to_Breast_Vol,0.0,0.0,ALL_IMG,SVM
Ratio_Tissue_vol_enhancing_more_than_10percent_from_T1_to_Breast_Vol,0.0,0.0,ALL_IMG,SVM
Ratio_Tissue_vol_enhancing_more_than_0percent_from_T1_to_Breast_Vol,0.0,0.0,ALL_IMG,SVM
tissueVol_T1,0.0,0.0,ALL_IMG,SVM
BreastVol,0.0,0.0,ALL_IMG,SVM
Washout_rate_from_char_curv,0.0,0.0,ALL_IMG,SVM
Uptake_rate_from_char_curv,0.0,0.0,ALL_IMG,SVM
Time_to_Peak_from_char_curv,0.0,0.0,ALL_IMG,SVM
Max_Enhancement_from_char_curv,0.0,0.0,ALL_IMG,SVM
Median_Euler_No_Tumor,0.0,0.0,ALL_IMG,SVM
Median_Elongation_Tumor,0.0,0.0,ALL_IMG,SVM
Median_solidity_Tumor,0.0,0.0,ALL_IMG,SVM
Inv_diff_moment_normalized_Tumor,0.0,0.0,ALL_IMG,SVM
Inv_Diff_normalized_Tumor,0.0,0.0,ALL_IMG,SVM
Inv_Diff_homo_Tumor,0.0,0.0,ALL_IMG,SVM
Inf_mea_of_corr2_Tumor,0.0,0.0,ALL_IMG,SVM
Inf_mea_of_corr1_Tumor,0.0,0.0,ALL_IMG,SVM
Diff_entropy_Tumor,0.0,0.0,ALL_IMG,SVM
Sum_entropy_Tumor,0.0,0.0,ALL_IMG,SVM
Sum_variance_Tumor,0.0,0.0,ALL_IMG,SVM
Sum_avg_Tumor,0.0,0.0,ALL_IMG,SVM
Sum_of_squares_variance_Tumor,0.0,0.0,ALL_IMG,SVM
Max_probability_Tumor,0.0,0.0,ALL_IMG,SVM
Homogeneity2_Tumor,0.0,0.0,ALL_IMG,SVM
Grouping_based_variance_of_peak_enhancement_slope_2D_tumorSlice_Group_3,0.0,0.0,ALL_IMG,SVM
Grouping_based_mean_of_washin_slope_2D_tumorSlice_Group_1,0.0,0.0,ALL_IMG,SVM
Grouping_based_mean_of_washin_slope_2D_tumorSlice_Group_2,0.0,0.0,ALL_IMG,SVM
Autocorrelation_tissue_T1,0.0,0.0,ALL_IMG,SVM
Mean_norm_DLBP_max_timepoint_binsize_128_with_filling_Tumor,0.0,0.0,ALL_IMG,SVM
Mean_norm_DLBP_max_timepoint_binsize_64_with_filling_Tumor,0.0,0.0,ALL_IMG,SVM
Mean_norm_DLBP_max_timepoint_binsize_33_with_filling_Tumor,0.0,0.0,ALL_IMG,SVM
Mean_norm_DLBP_max_timepoint_binsize_16_with_filling_Tumor,0.0,0.0,ALL_IMG,SVM
Mean_norm_DLBP_max_timepoint_binsize_8_with_filling_Tumor,0.0,0.0,ALL_IMG,SVM
Mean_norm_DHOG_max_timepoint_binsize_10_with_filling_Tumor,0.0,0.0,ALL_IMG,SVM
Mean_norm_DHOG_max_timepoint_binsize_8_with_filling_Tumor,0.0,0.0,ALL_IMG,SVM
Mean_norm_DHOG_max_timepoint_binsize_6_with_filling_Tumor,0.0,0.0,ALL_IMG,SVM
Mean_norm_DHOG_max_timepoint_binsize_4_with_filling_Tumor,0.0,0.0,ALL_IMG,SVM
Mean_norm_DHOG_max_timepoint_binsize_2_with_filling_Tumor,0.0,0.0,ALL_IMG,SVM
Mean_norm_DLBP_max_timepoint_binsize_256_without_filling_Tumor,0.0,0.0,ALL_IMG,SVM
Mean_norm_DLBP_max_timepoint_binsize_128_without_filling_Tumor,0.0,0.0,ALL_IMG,SVM
Mean_norm_DLBP_max_timepoint_binsize_64_without_filling_Tumor,0.0,0.0,ALL_IMG,SVM
Mean_norm_DLBP_max_timepoint_binsize_33_without_filling_Tumor,0.0,0.0,ALL_IMG,SVM
Mean_norm_DLBP_max_timepoint_binsize_16_without_filling_Tumor,0.0,0.0,ALL_IMG,SVM
Mean_norm_DLBP_max_timepoint_binsize_8_without_filling_Tumor,0.0,0.0,ALL_IMG,SVM
Mean_norm_DHOG_max_timepoint_binsize_10_without_filling_Tumor,0.0,0.0,ALL_IMG,SVM
Mean_norm_DHOG_max_timepoint_binsize_8_without_filling_Tumor,0.0,0.0,ALL_IMG,SVM
Mean_norm_DHOG_max_timepoint_binsize_6_without_filling_Tumor,0.0,0.0,ALL_IMG,SVM
Mean_norm_DHOG_max_timepoint_binsize_4_without_filling_Tumor,0.0,0.0,ALL_IMG,SVM
Mean_norm_DHOG_max_timepoint_binsize_2_without_filling_Tumor,0.0,0.0,ALL_IMG,SVM
2nd_DFT_CoeffMap_Momment_Invariant_4_2D_tumorSlice,0.0,0.0,ALL_IMG,SVM
2nd_DFT_CoeffMap_Momment_Invariant_3_2D_tumorSlice,0.0,0.0,ALL_IMG,SVM
2nd_DFT_CoeffMap_Momment_Invariant_2_2D_tumorSlice,0.0,0.0,ALL_IMG,SVM
2nd_DFT_CoeffMap_Momment_Invariant_1_2D_tumorSlice,0.0,0.0,ALL_IMG,SVM
1st_DFT_CoeffMap_Momment_Invariant_7_2D_tumorSlice,0.0,0.0,ALL_IMG,SVM
1st_DFT_CoeffMap_Momment_Invariant_6_2D_tumorSlice,0.0,0.0,ALL_IMG,SVM
1st_DFT_CoeffMap_Momment_Invariant_5_2D_tumorSlice,0.0,0.0,ALL_IMG,SVM
1st_DFT_CoeffMap_Momment_Invariant_4_2D_tumorSlice,0.0,0.0,ALL_IMG,SVM
Mean_norm_DLBP_max_timepoint_binsize_256_with_filling_Tumor,0.0,0.0,ALL_IMG,SVM
Contrast_tissue_T1,0.0,0.0,ALL_IMG,SVM
1st_DFT_CoeffMap_Momment_Invariant_2_2D_tumorSlice,0.0,0.0,ALL_IMG,SVM
Correlation1_tissue_T1,0.0,0.0,ALL_IMG,SVM
Homogeneity1_tissue_PostCon,0.0,0.0,ALL_IMG,SVM
Entropy_tissue_PostCon,0.0,0.0,ALL_IMG,SVM
Energy_tissue_PostCon,0.0,0.0,ALL_IMG,SVM
Dissimilarity_tissue_PostCon,0.0,0.0,ALL_IMG,SVM
Cluster_Shade_tissue_PostCon,0.0,0.0,ALL_IMG,SVM
Cluster_Prominence_tissue_PostCon,0.0,0.0,ALL_IMG,SVM
Correlation2_tissue_PostCon,0.0,0.0,ALL_IMG,SVM
Correlation1_tissue_PostCon,0.0,0.0,ALL_IMG,SVM
Contrast_tissue_PostCon,0.0,0.0,ALL_IMG,SVM
Autocorrelation_tissue_PostCon,0.0,0.0,ALL_IMG,SVM
inverse_difference_moment_normalized_tissue_T1,0.0,0.0,ALL_IMG,SVM
inverse_difference_normalized_tissue_T1,0.0,0.0,ALL_IMG,SVM
inverse_difference_is_homom_tissue_T1,0.0,0.0,ALL_IMG,SVM
information_measure_correlation2_tissue_T1,0.0,0.0,ALL_IMG,SVM
information_measure_correlation1_tissue_T1,0.0,0.0,ALL_IMG,SVM
difference_entropy_tissue_T1,0.0,0.0,ALL_IMG,SVM
sum_entropy_tissue_T1,0.0,0.0,ALL_IMG,SVM
sum_variance__tissue_T1,0.0,0.0,ALL_IMG,SVM
sum_average_tissue_T1,0.0,0.0,ALL_IMG,SVM
Sum_of_Squares_variance_tissue_T1,0.0,0.0,ALL_IMG,SVM
Max_Probability_tissue_T1,0.0,0.0,ALL_IMG,SVM
Homogeneity2_tissue_T1,0.0,0.0,ALL_IMG,SVM
Homogeneity1_tissue_T1,0.0,0.0,ALL_IMG,SVM
Entropy_tissue_T1,0.0,0.0,ALL_IMG,SVM
Energy_tissue_T1,0.0,0.0,ALL_IMG,SVM
Dissimilarity_tissue_T1,0.0,0.0,ALL_IMG,SVM
Cluster_Shade_tissue_T1,0.0,0.0,ALL_IMG,SVM
Cluster_Prominence_tissue_T1,0.0,0.0,ALL_IMG,SVM
Correlation2_tissue_T1,0.0,0.0,ALL_IMG,SVM
1st_DFT_CoeffMap_Momment_Invariant_3_2D_tumorSlice,0.0,0.0,ALL_IMG,SVM
1st_DFT_CoeffMap_Momment_Invariant_1_2D_tumorSlice,0.0,0.0,ALL_IMG,SVM
Grouping_based_mean_of_washin_slope_2D_tumorSlice_Group_3,0.0,0.0,ALL_IMG,SVM
Grouping_based_mean_of_peak_enhancement_slope_3D_tissue_PostCon_Group_2,0.0,0.0,ALL_IMG,SVM
Grouping_based_proportion_of_3D_tissue_T1_Group_3,0.0,0.0,ALL_IMG,SVM
Grouping_based_proportion_of_3D_tissue_T1_Group_2,0.0,0.0,ALL_IMG,SVM
Grouping_based_proportion_of_3D_tissue_T1_Group_1,0.0,0.0,ALL_IMG,SVM
Grouping_based_variance_of_washout_slope_3D_tissue_T1_Group_2,0.0,0.0,ALL_IMG,SVM
Grouping_based_variance_of_washout_slope_3D_tissue_T1_Group_1,0.0,0.0,ALL_IMG,SVM
Grouping_based_mean_of_washout_slope_3D_tissue_T1_Group_2,0.0,0.0,ALL_IMG,SVM
Grouping_based_mean_of_washout_slope_3D_tissue_T1_Group_1,0.0,0.0,ALL_IMG,SVM
Grouping_based_variance_of_washin_slope_3D_tissue_T1_Group_3,0.0,0.0,ALL_IMG,SVM
Grouping_based_variance_of_washin_slope_3D_tissue_T1_Group_2,0.0,0.0,ALL_IMG,SVM
Grouping_based_variance_of_washin_slope_3D_tissue_T1_Group_1,0.0,0.0,ALL_IMG,SVM
Grouping_based_mean_of_washin_slope_3D_tissue_T1_Group_3,0.0,0.0,ALL_IMG,SVM
Grouping_based_mean_of_washin_slope_3D_tissue_T1_Group_2,0.0,0.0,ALL_IMG,SVM
Grouping_based_mean_of_washin_slope_3D_tissue_T1_Group_1,0.0,0.0,ALL_IMG,SVM
Grouping_based_variance_of_peak_enhancement_slope_3D_tissue_T1_Group_3,0.0,0.0,ALL_IMG,SVM
Grouping_based_variance_of_peak_enhancement_slope_3D_tissue_T1_Group_2,0.0,0.0,ALL_IMG,SVM
Grouping_based_variance_of_peak_enhancement_slope_3D_tissue_T1_Group_1,0.0,0.0,ALL_IMG,SVM
Grouping_based_mean_of_peak_enhancement_slope_3D_tissue_T1_Group_3,0.0,0.0,ALL_IMG,SVM
Grouping_based_mean_of_peak_enhancement_slope_3D_tissue_T1_Group_2,0.0,0.0,ALL_IMG,SVM
Grouping_based_mean_of_peak_enhancement_slope_3D_tissue_T1_Group_1,0.0,0.0,ALL_IMG,SVM
Grouping_based_proportion_of_tumor_voxels_2D_tumorSlice_Group_3,0.0,0.0,ALL_IMG,SVM
Grouping_based_proportion_of_tumor_voxels_2D_tumorSlice_Group_2,0.0,0.0,ALL_IMG,SVM
Grouping_based_proportion_of_tumor_voxels_2D_tumorSlice_Group_1,0.0,0.0,ALL_IMG,SVM
Grouping_based_variance_of_washout_slope_2D_tumorSlice_Group_2,0.0,0.0,ALL_IMG,SVM
Grouping_based_variance_of_washout_slope_2D_tumorSlice_Group_1,0.0,0.0,ALL_IMG,SVM
Grouping_based_mean_of_washout_slope_2D_tumorSlice_Group_2,0.0,0.0,ALL_IMG,SVM
Grouping_based_mean_of_washout_slope_2D_tumorSlice_Group_1,0.0,0.0,ALL_IMG,SVM
Grouping_based_variance_of_washin_slope_2D_tumorSlice_Group_3,0.0,0.0,ALL_IMG,SVM
Grouping_based_variance_of_washin_slope_2D_tumorSlice_Group_2,0.0,0.0,ALL_IMG,SVM
Grouping_based_variance_of_washin_slope_2D_tumorSlice_Group_1,0.0,0.0,ALL_IMG,SVM
Grouping_based_mean_of_peak_enhancement_slope_3D_tissue_PostCon_Group_1,0.0,0.0,ALL_IMG,SVM
Grouping_based_mean_of_peak_enhancement_slope_3D_tissue_PostCon_Group_3,0.0,0.0,ALL_IMG,SVM
2nd_DFT_CoeffMap_Momment_Invariant_4_3D_tumor,0.0,0.0,ALL_IMG,SVM
Grouping_based_variance_of_peak_enhancement_slope_3D_tissue_PostCon_Group_1,0.0,0.0,ALL_IMG,SVM
2nd_DFT_CoeffMap_Momment_Invariant_3_3D_tumor,0.0,0.0,ALL_IMG,SVM
2nd_DFT_CoeffMap_Momment_Invariant_2_3D_tumor,0.0,0.0,ALL_IMG,SVM
2nd_DFT_CoeffMap_Momment_Invariant_1_3D_tumor,0.0,0.0,ALL_IMG,SVM
1st_DFT_CoeffMap_Momment_Invariant_7_3D_tumor,0.0,0.0,ALL_IMG,SVM
1st_DFT_CoeffMap_Momment_Invariant_6_3D_tumor,0.0,0.0,ALL_IMG,SVM
1st_DFT_CoeffMap_Momment_Invariant_5_3D_tumor,0.0,0.0,ALL_IMG,SVM
1st_DFT_CoeffMap_Momment_Invariant_4_3D_tumor,0.0,0.0,ALL_IMG,SVM
1st_DFT_CoeffMap_Momment_Invariant_3_3D_tumor,0.0,0.0,ALL_IMG,SVM
1st_DFT_CoeffMap_Momment_Invariant_2_3D_tumor,0.0,0.0,ALL_IMG,SVM
1st_DFT_CoeffMap_Momment_Invariant_1_3D_tumor,0.0,0.0,ALL_IMG,SVM
EnhancementClusterDiscontinuity_Tumor,0.0,0.0,ALL_IMG,SVM
EnhancementClusterNeighborhoodSimilarity_Tumor,0.0,0.0,ALL_IMG,SVM
globalMoransISERMap_Tumor,0.0,0.0,ALL_IMG,SVM
globalMoransIEnhancementVarianceMap_Tumor,0.0,0.0,ALL_IMG,SVM
Grouping_based_proportion_of_3D_tissue_PostCon_Group_3,0.0,0.0,ALL_IMG,SVM
Grouping_based_proportion_of_3D_tissue_PostCon_Group_2,0.0,0.0,ALL_IMG,SVM
Grouping_based_proportion_of_3D_tissue_PostCon_Group_1,0.0,0.0,ALL_IMG,SVM
Grouping_based_variance_of_washout_slope_3D_tissue_PostCon_Group_2,0.0,0.0,ALL_IMG,SVM
Grouping_based_variance_of_washout_slope_3D_tissue_PostCon_Group_1,0.0,0.0,ALL_IMG,SVM
Grouping_based_mean_of_washout_slope_3D_tissue_PostCon_Group_2,0.0,0.0,ALL_IMG,SVM
Grouping_based_mean_of_washout_slope_3D_tissue_PostCon_Group_1,0.0,0.0,ALL_IMG,SVM
Grouping_based_variance_of_washin_slope_3D_tissue_PostCon_Group_3,0.0,0.0,ALL_IMG,SVM
Grouping_based_variance_of_washin_slope_3D_tissue_PostCon_Group_2,0.0,0.0,ALL_IMG,SVM
Grouping_based_variance_of_washin_slope_3D_tissue_PostCon_Group_1,0.0,0.0,ALL_IMG,SVM
Grouping_based_mean_of_washin_slope_3D_tissue_PostCon_Group_3,0.0,0.0,ALL_IMG,SVM
Grouping_based_mean_of_washin_slope_3D_tissue_PostCon_Group_2,0.0,0.0,ALL_IMG,SVM
Grouping_based_mean_of_washin_slope_3D_tissue_PostCon_Group_1,0.0,0.0,ALL_IMG,SVM
Grouping_based_variance_of_peak_enhancement_slope_3D_tissue_PostCon_Group_3,0.0,0.0,ALL_IMG,SVM
Grouping_based_variance_of_peak_enhancement_slope_3D_tissue_PostCon_Group_2,0.0,0.0,ALL_IMG,SVM
WashinRate_map_kurtosis_tissue_PostCon,0.0,0.0,ALL_IMG,SVM
PC1_Tumor_Enhancement,0.0019522776572667767,0.000433839479392617,PC1_3,SVM
PC1_FGT_Enhancement_Texture,0.0019522776572667767,0.000433839479392617,PC1_3,SVM
PC1_Tumor_Enhancement_Variation,0.0015184381778741596,0.000719441386194217,PC1_3,SVM
PC1_FGT_Enhancement_Variation,0.0009761388286333883,0.00032537960954446275,PC1_3,SVM
PC1_Tumor_Enhancement_Texture,0.000867678958785234,0.0008116393463717732,PC1_3,SVM
PC1_FGT_Enhancement,0.000867678958785234,0.0008116393463717732,PC1_3,SVM
PC1_Combining_Tumor_and_FGT_Enhancement,0.0007592190889370798,0.0004970255634442254,PC1_3,SVM
PC1_Tumor_Size_and_Morphology,0.0007592190889370798,0.0004970255634442254,PC1_3,SVM
PC1_Breast_and_FGT_Volume_Features,0.0002169197396963085,0.000433839479392617,PC1_3,SVM
PC1_Tumor_Enhancement_Spatial_Heterogeneity,0.0,0.0,PC1_3,SVM
BreastVol,0.007817589576547235,0.004601437589667123,VARS_IN_PC_1_3,SVM
tissueVol_T1,0.0008686210640608038,0.0004343105320304019,VARS_IN_PC_1_3,SVM
F1_DT_POSTCON..T11.0.1.T12.0.5.,0.0,0.0,VARS_IN_PC_1_3,SVM
Grouping_based_variance_of_peak_enhancement_slope_3D_tissue_T1_Group_2,0.0,0.0,VARS_IN_PC_1_3,SVM
PE_map_std_dev_tissue_PostCon,0.0,0.0,VARS_IN_PC_1_3,SVM
PE_map_inverse_difference_is_homom_tissue_PostCon,0.0,0.0,VARS_IN_PC_1_3,SVM
PE_map_Homogeneity1_tissue_PostCon,0.0,0.0,VARS_IN_PC_1_3,SVM
PE_map_difference_entropy_tissue_PostCon,0.0,0.0,VARS_IN_PC_1_3,SVM
Grouping_based_mean_of_washin_slope_3D_tumor_Group_2,0.0,0.0,VARS_IN_PC_1_3,SVM
Grouping_based_mean_of_peak_enhancement_slope_3D_tumor_Group_2,0.0,0.0,VARS_IN_PC_1_3,SVM
PE_map_mean_tumor,0.0,0.0,VARS_IN_PC_1_3,SVM
Ratio_Tissue_vol_enhancing_more_than_80percent_from_PostCon_to_Tissue_Vol,0.0,0.0,VARS_IN_PC_1_3,SVM
Ratio_Tissue_vol_enhancing_more_than_60percent_from_PostCon_to_Tissue_Vol,0.0,0.0,VARS_IN_PC_1_3,SVM
Ratio_Tissue_vol_enhancing_more_than_70percent_from_PostCon_to_Tissue_Vol,0.0,0.0,VARS_IN_PC_1_3,SVM
tissueVol_PostCon,0.0,0.0,VARS_IN_PC_1_3,SVM
F1_DT_T1NFS..T11.0.1.T12.0.5.,0.0,0.0,VARS_IN_PC_1_3,SVM
Maximum_variance_of_enhancement_Tumor,0.0,0.0,VARS_IN_PC_1_3,SVM
PE_map_std_dev_tumor,0.0,0.0,VARS_IN_PC_1_3,SVM
Enhancement_variance_increasing_rate_Tumor,0.0,0.0,VARS_IN_PC_1_3,SVM
EnhancementClusterDiscontinuity_Tumor,0.0,0.0,VARS_IN_PC_1_3,SVM
globalMoransIEnhancementVarianceMap_Tumor,0.0,0.0,VARS_IN_PC_1_3,SVM
EnhancementClusterNeighborhoodSimilarity_Tumor,0.0,0.0,VARS_IN_PC_1_3,SVM
WashinRate_map_Contrast_tumor,0.0,0.0,VARS_IN_PC_1_3,SVM
Contrast_Tumor,0.0,0.0,VARS_IN_PC_1_3,SVM
Inv_diff_moment_normalized_Tumor,0.0,0.0,VARS_IN_PC_1_3,SVM
TumorMajorAxisLength_mm,0.0,0.0,VARS_IN_PC_1_3,SVM
BEVR_Tumor,0.0,0.0,VARS_IN_PC_1_3,SVM
Median_solidity_Tumor,0.0,0.0,VARS_IN_PC_1_3,SVM
F1_DT_T1NFS..T11.0.05.T12.0.8.,0.0,0.0,VARS_IN_PC_1_3,SVM
PE_map_std_dev_tissue_T1,0.0,0.0,VARS_IN_PC_1_3,SVM
